verse_key,surah_number,surah_name_ar,ayah_number,verified_end_page,verified_end_x,verified_end_y,stored_page,stored_end_x,stored_end_y,endpoint_status,endpoint_status_ar,stored_nearest_verified_verse,same_page_distance_px,nearest_marker_distance_px,start_status,start_status_ar,requires_endpoint_fix,requires_start_geometry_fix,notes_ar
1:2,1,الفاتحة,2,1,288.0,902.5,1,288.0,902.5,CORRECT,مطابق,1:2,0.0,0.0,START_ANCHOR_OK_EXTRA_BLANK_TAIL_RECT,المرساة صحيحة لكن يوجد مستطيل زائد فوق فراغ قبل السطر التالي,False,True,احذف أول مستطيل الفارغ وابدأ من يمين السطر التالي
1:3,1,الفاتحة,3,1,603.0,1001.5,1,603.0,1001.5,CORRECT,مطابق,1:3,0.0,0.0,START_ANCHOR_OK_EXTRA_BLANK_TAIL_RECT,المرساة صحيحة لكن يوجد مستطيل زائد فوق فراغ قبل السطر التالي,False,True,احذف أول مستطيل الفارغ وابدأ من يمين السطر التالي
1:5,1,الفاتحة,5,1,349.5,1101.5,1,349.5,1101.5,CORRECT,مطابق,1:5,0.0,0.0,START_ANCHOR_OK_EXTRA_BLANK_TAIL_RECT,المرساة صحيحة لكن يوجد مستطيل زائد فوق فراغ قبل السطر التالي,False,True,احذف أول مستطيل الفارغ وابدأ من يمين السطر التالي
2:5,2,البقرة,5,2,408.0,1403.5,2,408.0,1403.5,CORRECT,مطابق,2:5,0.0,0.0,START_ANCHOR_OK_EXTRA_BLANK_TAIL_RECT,المرساة صحيحة لكن يوجد مستطيل زائد فوق فراغ قبل السطر التالي,False,True,احذف أول مستطيل الفارغ وابدأ من يمين السطر التالي
2:9,2,البقرة,9,3,809.5,671.0,3,809.0,671.0,CORRECT,مطابق,2:9,0.5,0.5,START_ANCHOR_OK_EXTRA_BLANK_TAIL_RECT,المرساة صحيحة لكن يوجد مستطيل زائد فوق فراغ قبل السطر التالي,False,True,احذف أول مستطيل الفارغ وابدأ من يمين السطر التالي
2:40,2,البقرة,40,7,510.5,559.5,7,510.5,559.0,CORRECT,مطابق,2:40,0.5,0.5,START_ANCHOR_OK_EXTRA_BLANK_TAIL_RECT,المرساة صحيحة لكن يوجد مستطيل زائد فوق فراغ قبل السطر التالي,False,True,احذف أول مستطيل الفارغ وابدأ من يمين السطر التالي
2:45,2,البقرة,45,7,43.5,1257.5,7,43.5,1257.0,CORRECT,مطابق,2:45,0.5,0.5,START_ANCHOR_OK_EXTRA_BLANK_TAIL_RECT,المرساة صحيحة لكن يوجد مستطيل زائد فوق فراغ قبل السطر التالي,False,True,احذف أول مستطيل الفارغ وابدأ من يمين السطر التالي
2:46,2,البقرة,46,7,43.0,1377.5,7,43.0,1377.0,CORRECT,مطابق,2:46,0.5,0.5,START_ANCHOR_OK_EXTRA_BLANK_TAIL_RECT,المرساة صحيحة لكن يوجد مستطيل زائد فوق فراغ قبل السطر التالي,False,True,احذف أول مستطيل الفارغ وابدأ من يمين السطر التالي
2:47,2,البقرة,47,7,815.5,1620.75,7,815.5,1620.0,CORRECT,مطابق,2:47,0.75,0.75,START_ANCHOR_OK_EXTRA_BLANK_TAIL_RECT,المرساة صحيحة لكن يوجد مستطيل زائد فوق فراغ قبل السطر التالي,False,True,احذف أول مستطيل الفارغ وابدأ من يمين السطر التالي
2:52,2,البقرة,52,8,45.0,670.5,8,45.0,670.0,CORRECT,مطابق,2:52,0.5,0.5,START_ANCHOR_OK_EXTRA_BLANK_TAIL_RECT,المرساة صحيحة لكن يوجد مستطيل زائد فوق فراغ قبل السطر التالي,False,True,احذف أول مستطيل الفارغ وابدأ من يمين السطر التالي
2:53,2,البقرة,53,8,45.0,787.5,8,45.0,787.0,CORRECT,مطابق,2:53,0.5,0.5,START_ANCHOR_OK_EXTRA_BLANK_TAIL_RECT,المرساة صحيحة لكن يوجد مستطيل زائد فوق فراغ قبل السطر التالي,False,True,احذف أول مستطيل الفارغ وابدأ من يمين السطر التالي
2:54,2,البقرة,54,8,909.5,1254.5,8,909.5,1254.0,CORRECT,مطابق,2:54,0.5,0.5,START_ANCHOR_OK_EXTRA_BLANK_TAIL_RECT,المرساة صحيحة لكن يوجد مستطيل زائد فوق فراغ قبل السطر التالي,False,True,احذف أول مستطيل الفارغ وابدأ من يمين السطر التالي
2:61,2,البقرة,61,9,45.0,1729.0,9,45.0,1728.5,CORRECT,مطابق,2:61,0.5,0.5,START_ANCHOR_OK_EXTRA_BLANK_TAIL_RECT,المرساة صحيحة لكن يوجد مستطيل زائد فوق فراغ قبل السطر التالي,False,True,احذف أول مستطيل الفارغ وابدأ من يمين السطر التالي
2:68,2,البقرة,68,10,888.5,1603.25,10,888.0,1603.0,CORRECT,مطابق,2:68,0.56,0.56,START_ANCHOR_OK_EXTRA_BLANK_TAIL_RECT,المرساة صحيحة لكن يوجد مستطيل زائد فوق فراغ قبل السطر التالي,False,True,احذف أول مستطيل الفارغ وابدأ من يمين السطر التالي
2:73,2,البقرة,73,11,575.25,793.5,11,575.0,793.0,CORRECT,مطابق,2:73,0.56,0.56,START_ANCHOR_OK_EXTRA_BLANK_TAIL_RECT,المرساة صحيحة لكن يوجد مستطيل زائد فوق فراغ قبل السطر التالي,False,True,احذف أول مستطيل الفارغ وابدأ من يمين السطر التالي
2:75,2,البقرة,75,11,850.75,1499.5,11,851.0,1499.0,CORRECT,مطابق,2:75,0.56,0.56,START_ANCHOR_OK_EXTRA_BLANK_TAIL_RECT,المرساة صحيحة لكن يوجد مستطيل زائد فوق فراغ قبل السطر التالي,False,True,احذف أول مستطيل الفارغ وابدأ من يمين السطر التالي
2:78,2,البقرة,78,12,817.5,316.5,12,817.5,316.0,CORRECT,مطابق,2:78,0.5,0.5,START_ANCHOR_OK_EXTRA_BLANK_TAIL_RECT,المرساة صحيحة لكن يوجد مستطيل زائد فوق فراغ قبل السطر التالي,False,True,احذف أول مستطيل الفارغ وابدأ من يمين السطر التالي
2:80,2,البقرة,80,12,435.0,904.5,12,435.0,904.0,CORRECT,مطابق,2:80,0.5,0.5,START_ANCHOR_OK_EXTRA_BLANK_TAIL_RECT,المرساة صحيحة لكن يوجد مستطيل زائد فوق فراغ قبل السطر التالي,False,True,احذف أول مستطيل الفارغ وابدأ من يمين السطر التالي
2:85,2,البقرة,85,13,626.5,1020.0,13,626.5,1019.5,CORRECT,مطابق,2:85,0.5,0.5,START_ANCHOR_OK_EXTRA_BLANK_TAIL_RECT,المرساة صحيحة لكن يوجد مستطيل زائد فوق فراغ قبل السطر التالي,False,True,احذف أول مستطيل الفارغ وابدأ من يمين السطر التالي
2:87,2,البقرة,87,13,268.5,1609.25,13,268.5,1609.0,CORRECT,مطابق,2:87,0.25,0.25,START_ANCHOR_OK_EXTRA_BLANK_TAIL_RECT,المرساة صحيحة لكن يوجد مستطيل زائد فوق فراغ قبل السطر التالي,False,True,احذف أول مستطيل الفارغ وابدأ من يمين السطر التالي
2:90,2,البقرة,90,14,47.0,660.0,14,47.0,659.5,CORRECT,مطابق,2:90,0.5,0.5,START_ANCHOR_OK_EXTRA_BLANK_TAIL_RECT,المرساة صحيحة لكن يوجد مستطيل زائد فوق فراغ قبل السطر التالي,False,True,احذف أول مستطيل الفارغ وابدأ من يمين السطر التالي
2:91,2,البقرة,91,14,846.5,1128.25,14,847.0,1128.0,CORRECT,مطابق,2:91,0.56,0.56,START_ANCHOR_OK_EXTRA_BLANK_TAIL_RECT,المرساة صحيحة لكن يوجد مستطيل زائد فوق فراغ قبل السطر التالي,False,True,احذف أول مستطيل الفارغ وابدأ من يمين السطر التالي
2:96,2,البقرة,96,15,196.0,662.5,15,196.0,662.0,CORRECT,مطابق,2:96,0.5,0.5,START_ANCHOR_OK_EXTRA_BLANK_TAIL_RECT,المرساة صحيحة لكن يوجد مستطيل زائد فوق فراغ قبل السطر التالي,False,True,احذف أول مستطيل الفارغ وابدأ من يمين السطر التالي
2:98,2,البقرة,98,15,289.5,1133.75,15,289.5,1133.0,CORRECT,مطابق,2:98,0.75,0.75,START_ANCHOR_OK_EXTRA_BLANK_TAIL_RECT,المرساة صحيحة لكن يوجد مستطيل زائد فوق فراغ قبل السطر التالي,False,True,احذف أول مستطيل الفارغ وابدأ من يمين السطر التالي
2:100,2,البقرة,100,15,807.5,1485.0,15,807.0,1485.0,CORRECT,مطابق,2:100,0.5,0.5,START_ANCHOR_OK_EXTRA_BLANK_TAIL_RECT,المرساة صحيحة لكن يوجد مستطيل زائد فوق فراغ قبل السطر التالي,False,True,احذف أول مستطيل الفارغ وابدأ من يمين السطر التالي
2:104,2,البقرة,104,16,199.5,1378.75,16,199.0,1378.5,CORRECT,مطابق,2:104,0.56,0.56,START_ANCHOR_OK_EXTRA_BLANK_TAIL_RECT,المرساة صحيحة لكن يوجد مستطيل زائد فوق فراغ قبل السطر التالي,False,True,احذف أول مستطيل الفارغ وابدأ من يمين السطر التالي
2:116,2,البقرة,116,18,521.25,1139.5,18,521.5,1139.0,CORRECT,مطابق,2:116,0.56,0.56,START_ANCHOR_OK_EXTRA_BLANK_TAIL_RECT,المرساة صحيحة لكن يوجد مستطيل زائد فوق فراغ قبل السطر التالي,False,True,احذف أول مستطيل الفارغ وابدأ من يمين السطر التالي
2:123,2,البقرة,123,19,632.5,906.0,19,610.5,905.5,CENTER_OFFSET,انحراف في مركز العلامة,2:123,22.01,22.01,START_ANCHOR_OK,مرساة البداية مطابقة لعلامة الآية السابقة,True,False,الموضع قريب من العلامة الصحيحة لكنه منحرف أكثر من 8 بكسل
2:124,2,البقرة,124,19,591.5,1141.75,19,591.5,1141.0,CORRECT,مطابق,2:124,0.75,0.75,START_ANCHOR_WRONG_OR_MISSING,مرساة البداية خاطئة أو مفقودة,False,True,
2:126,2,البقرة,126,19,50.5,1728.5,19,50.0,1728.0,CORRECT,مطابق,2:126,0.71,0.71,START_ANCHOR_OK_EXTRA_BLANK_TAIL_RECT,المرساة صحيحة لكن يوجد مستطيل زائد فوق فراغ قبل السطر التالي,False,True,احذف أول مستطيل الفارغ وابدأ من يمين السطر التالي
2:137,2,البقرة,137,21,43.5,795.5,21,43.5,795.0,CORRECT,مطابق,2:137,0.5,0.5,START_ANCHOR_OK_EXTRA_BLANK_TAIL_RECT,المرساة صحيحة لكن يوجد مستطيل زائد فوق فراغ قبل السطر التالي,False,True,احذف أول مستطيل الفارغ وابدأ من يمين السطر التالي
2:138,2,البقرة,138,21,836.0,1034.0,21,836.0,1033.5,CORRECT,مطابق,2:138,0.5,0.5,START_ANCHOR_OK_EXTRA_BLANK_TAIL_RECT,المرساة صحيحة لكن يوجد مستطيل زائد فوق فراغ قبل السطر التالي,False,True,احذف أول مستطيل الفارغ وابدأ من يمين السطر التالي
2:140,2,البقرة,140,21,703.5,1624.0,21,703.0,1624.0,CORRECT,مطابق,2:140,0.5,0.5,START_ANCHOR_OK_EXTRA_BLANK_TAIL_RECT,المرساة صحيحة لكن يوجد مستطيل زائد فوق فراغ قبل السطر التالي,False,True,احذف أول مستطيل الفارغ وابدأ من يمين السطر التالي
2:156,2,البقرة,156,24,42.25,440.0,24,42.0,439.5,CORRECT,مطابق,2:156,0.56,0.56,START_ANCHOR_OK_EXTRA_BLANK_TAIL_RECT,المرساة صحيحة لكن يوجد مستطيل زائد فوق فراغ قبل السطر التالي,False,True,احذف أول مستطيل الفارغ وابدأ من يمين السطر التالي
2:157,2,البقرة,157,24,710.5,674.5,24,710.0,674.0,CORRECT,مطابق,2:157,0.71,0.71,START_ANCHOR_OK_EXTRA_BLANK_TAIL_RECT,المرساة صحيحة لكن يوجد مستطيل زائد فوق فراغ قبل السطر التالي,False,True,احذف أول مستطيل الفارغ وابدأ من يمين السطر التالي
2:160,2,البقرة,160,24,651.25,1382.25,24,651.0,1382.0,CORRECT,مطابق,2:160,0.35,0.35,START_ANCHOR_OK_EXTRA_BLANK_TAIL_RECT,المرساة صحيحة لكن يوجد مستطيل زائد فوق فراغ قبل السطر التالي,False,True,احذف أول مستطيل الفارغ وابدأ من يمين السطر التالي
2:162,2,البقرة,162,24,40.5,1618.0,24,40.5,1617.5,CORRECT,مطابق,2:162,0.5,0.5,START_ANCHOR_OK_EXTRA_BLANK_TAIL_RECT,المرساة صحيحة لكن يوجد مستطيل زائد فوق فراغ قبل السطر التالي,False,True,احذف أول مستطيل الفارغ وابدأ من يمين السطر التالي
2:163,2,البقرة,163,24,41.25,1736.0,24,41.0,1735.5,CORRECT,مطابق,2:163,0.56,0.56,START_ANCHOR_OK_EXTRA_BLANK_TAIL_RECT,المرساة صحيحة لكن يوجد مستطيل زائد فوق فراغ قبل السطر التالي,False,True,احذف أول مستطيل الفارغ وابدأ من يمين السطر التالي
2:166,2,البقرة,166,25,541.75,1146.5,25,541.5,1146.0,CORRECT,مطابق,2:166,0.56,0.56,START_ANCHOR_OK_EXTRA_BLANK_TAIL_RECT,المرساة صحيحة لكن يوجد مستطيل زائد فوق فراغ قبل السطر التالي,False,True,احذف أول مستطيل الفارغ وابدأ من يمين السطر التالي
2:168,2,البقرة,168,25,312.0,1618.5,25,312.0,1618.0,CORRECT,مطابق,2:168,0.5,0.5,START_ANCHOR_OK_EXTRA_BLANK_TAIL_RECT,المرساة صحيحة لكن يوجد مستطيل زائد فوق فراغ قبل السطر التالي,False,True,احذف أول مستطيل الفارغ وابدأ من يمين السطر التالي
2:172,2,البقرة,172,26,247.0,658.25,26,247.0,658.0,CORRECT,مطابق,2:172,0.25,0.25,START_ANCHOR_OK_EXTRA_BLANK_TAIL_RECT,المرساة صحيحة لكن يوجد مستطيل زائد فوق فراغ قبل السطر التالي,False,True,احذف أول مستطيل الفارغ وابدأ من يمين السطر التالي
2:185,2,البقرة,185,28,306.0,1492.0,28,306.0,1491.5,CORRECT,مطابق,2:185,0.5,0.5,START_ANCHOR_OK_EXTRA_BLANK_TAIL_RECT,المرساة صحيحة لكن يوجد مستطيل زائد فوق فراغ قبل السطر التالي,False,True,احذف أول مستطيل الفارغ وابدأ من يمين السطر التالي
2:189,2,البقرة,189,29,645.75,1614.5,29,645.5,1614.0,CORRECT,مطابق,2:189,0.56,0.56,START_ANCHOR_OK_EXTRA_BLANK_TAIL_RECT,المرساة صحيحة لكن يوجد مستطيل زائد فوق فراغ قبل السطر التالي,False,True,احذف أول مستطيل الفارغ وابدأ من يمين السطر التالي
2:200,2,البقرة,200,31,50.0,1372.75,31,49.5,1372.5,CORRECT,مطابق,2:200,0.56,0.56,START_ANCHOR_OK_EXTRA_BLANK_TAIL_RECT,المرساة صحيحة لكن يوجد مستطيل زائد فوق فراغ قبل السطر التالي,False,True,احذف أول مستطيل الفارغ وابدأ من يمين السطر التالي
2:201,2,البقرة,201,31,214.5,1607.75,31,214.0,1608.0,CORRECT,مطابق,2:201,0.56,0.56,START_ANCHOR_OK_EXTRA_BLANK_TAIL_RECT,المرساة صحيحة لكن يوجد مستطيل زائد فوق فراغ قبل السطر التالي,False,True,احذف أول مستطيل الفارغ وابدأ من يمين السطر التالي
2:204,2,البقرة,204,32,50.0,541.75,32,50.0,541.0,CORRECT,مطابق,2:204,0.75,0.75,START_ANCHOR_OK_EXTRA_BLANK_TAIL_RECT,المرساة صحيحة لكن يوجد مستطيل زائد فوق فراغ قبل السطر التالي,False,True,احذف أول مستطيل الفارغ وابدأ من يمين السطر التالي
2:205,2,البقرة,205,32,452.0,776.0,32,452.0,775.5,CORRECT,مطابق,2:205,0.5,0.5,START_ANCHOR_OK_EXTRA_BLANK_TAIL_RECT,المرساة صحيحة لكن يوجد مستطيل زائد فوق فراغ قبل السطر التالي,False,True,احذف أول مستطيل الفارغ وابدأ من يمين السطر التالي
2:210,2,البقرة,210,32,52.0,1717.75,32,52.0,1717.5,CORRECT,مطابق,2:210,0.25,0.25,START_ANCHOR_OK_EXTRA_BLANK_TAIL_RECT,المرساة صحيحة لكن يوجد مستطيل زائد فوق فراغ قبل السطر التالي,False,True,احذف أول مستطيل الفارغ وابدأ من يمين السطر التالي
2:213,2,البقرة,213,33,680.0,1136.75,33,680.0,1136.5,CORRECT,مطابق,2:213,0.25,0.25,START_ANCHOR_OK_EXTRA_BLANK_TAIL_RECT,المرساة صحيحة لكن يوجد مستطيل زائد فوق فراغ قبل السطر التالي,False,True,احذف أول مستطيل الفارغ وابدأ من يمين السطر التالي
2:221,2,البقرة,221,35,41.0,904.75,35,41.0,904.5,CORRECT,مطابق,2:221,0.25,0.25,START_ANCHOR_OK_EXTRA_BLANK_TAIL_RECT,المرساة صحيحة لكن يوجد مستطيل زائد فوق فراغ قبل السطر التالي,False,True,احذف أول مستطيل الفارغ وابدأ من يمين السطر التالي
2:222,2,البقرة,222,35,38.5,1257.5,35,38.5,1257.0,CORRECT,مطابق,2:222,0.5,0.5,START_ANCHOR_OK_EXTRA_BLANK_TAIL_RECT,المرساة صحيحة لكن يوجد مستطيل زائد فوق فراغ قبل السطر التالي,False,True,احذف أول مستطيل الفارغ وابدأ من يمين السطر التالي
2:223,2,البقرة,223,35,856.5,1614.0,35,856.0,1614.0,CORRECT,مطابق,2:223,0.5,0.5,START_ANCHOR_OK_EXTRA_BLANK_TAIL_RECT,المرساة صحيحة لكن يوجد مستطيل زائد فوق فراغ قبل السطر التالي,False,True,احذف أول مستطيل الفارغ وابدأ من يمين السطر التالي
2:232,2,البقرة,232,37,680.5,1013.25,37,658.5,1013.0,CENTER_OFFSET,انحراف في مركز العلامة,2:232,22.0,22.0,START_ANCHOR_OK,مرساة البداية مطابقة لعلامة الآية السابقة,True,False,الموضع قريب من العلامة الصحيحة لكنه منحرف أكثر من 8 بكسل
2:233,2,البقرة,233,37,34.25,1719.5,37,34.5,1719.0,CORRECT,مطابق,2:233,0.56,0.56,START_ANCHOR_WRONG_OR_MISSING,مرساة البداية خاطئة أو مفقودة,False,True,
2:235,2,البقرة,235,38,689.5,1024.0,38,689.5,1023.0,CORRECT,مطابق,2:235,1.0,1.0,START_ANCHOR_OK_EXTRA_BLANK_TAIL_RECT,المرساة صحيحة لكن يوجد مستطيل زائد فوق فراغ قبل السطر التالي,False,True,احذف أول مستطيل الفارغ وابدأ من يمين السطر التالي
2:240,2,البقرة,240,39,374.5,788.5,39,374.5,788.0,CORRECT,مطابق,2:240,0.5,0.5,START_ANCHOR_OK_EXTRA_BLANK_TAIL_RECT,المرساة صحيحة لكن يوجد مستطيل زائد فوق فراغ قبل السطر التالي,False,True,احذف أول مستطيل الفارغ وابدأ من يمين السطر التالي
2:244,2,البقرة,244,39,119.0,1494.75,39,119.0,1494.5,CORRECT,مطابق,2:244,0.25,0.25,START_ANCHOR_OK_EXTRA_BLANK_TAIL_RECT,المرساة صحيحة لكن يوجد مستطيل زائد فوق فراغ قبل السطر التالي,False,True,احذف أول مستطيل الفارغ وابدأ من يمين السطر التالي
2:248,2,البقرة,248,40,44.5,1720.25,40,44.5,1720.0,CORRECT,مطابق,2:248,0.25,0.25,START_ANCHOR_OK_EXTRA_BLANK_TAIL_RECT,المرساة صحيحة لكن يوجد مستطيل زائد فوق فراغ قبل السطر التالي,False,True,احذف أول مستطيل الفارغ وابدأ من يمين السطر التالي
2:261,2,البقرة,261,44,351.0,782.0,44,351.0,781.5,CORRECT,مطابق,2:261,0.5,0.5,START_ANCHOR_OK_EXTRA_BLANK_TAIL_RECT,المرساة صحيحة لكن يوجد مستطيل زائد فوق فراغ قبل السطر التالي,False,True,احذف أول مستطيل الفارغ وابدأ من يمين السطر التالي
2:262,2,البقرة,262,44,916.5,1136.5,44,895.5,1136.0,CENTER_OFFSET,انحراف في مركز العلامة,2:262,21.01,21.01,START_ANCHOR_OK,مرساة البداية مطابقة لعلامة الآية السابقة,True,False,الموضع قريب من العلامة الصحيحة لكنه منحرف أكثر من 8 بكسل
2:263,2,البقرة,263,44,452.0,1256.75,44,451.5,1256.5,CORRECT,مطابق,2:263,0.56,0.56,START_ANCHOR_WRONG_OR_MISSING,مرساة البداية خاطئة أو مفقودة,False,True,
2:269,2,البقرة,269,45,46.0,1728.5,45,45.5,1728.0,CORRECT,مطابق,2:269,0.71,0.71,START_ANCHOR_OK_EXTRA_BLANK_TAIL_RECT,المرساة صحيحة لكن يوجد مستطيل زائد فوق فراغ قبل السطر التالي,False,True,احذف أول مستطيل الفارغ وابدأ من يمين السطر التالي
2:277,2,البقرة,277,47,683.0,1024.5,47,683.0,1024.0,CORRECT,مطابق,2:277,0.5,0.5,START_ANCHOR_OK_EXTRA_BLANK_TAIL_RECT,المرساة صحيحة لكن يوجد مستطيل زائد فوق فراغ قبل السطر التالي,False,True,احذف أول مستطيل الفارغ وابدأ من يمين السطر التالي
3:13,3,آل عمران,13,51,573.0,1027.0,51,573.0,1026.5,CORRECT,مطابق,3:13,0.5,0.5,START_ANCHOR_OK_EXTRA_BLANK_TAIL_RECT,المرساة صحيحة لكن يوجد مستطيل زائد فوق فراغ قبل السطر التالي,False,True,احذف أول مستطيل الفارغ وابدأ من يمين السطر التالي
3:21,3,آل عمران,21,52,511.5,1611.25,52,512.0,1611.0,CORRECT,مطابق,3:21,0.56,0.56,START_ANCHOR_OK_EXTRA_BLANK_TAIL_RECT,المرساة صحيحة لكن يوجد مستطيل زائد فوق فراغ قبل السطر التالي,False,True,احذف أول مستطيل الفارغ وابدأ من يمين السطر التالي
3:24,3,آل عمران,24,53,391.5,433.5,53,392.0,433.0,CORRECT,مطابق,3:24,0.71,0.71,START_ANCHOR_OK_EXTRA_BLANK_TAIL_RECT,المرساة صحيحة لكن يوجد مستطيل زائد فوق فراغ قبل السطر التالي,False,True,احذف أول مستطيل الفارغ وابدأ من يمين السطر التالي
3:28,3,آل عمران,28,53,109.0,1492.5,53,109.0,1492.0,CORRECT,مطابق,3:28,0.5,0.5,START_ANCHOR_OK_EXTRA_BLANK_TAIL_RECT,المرساة صحيحة لكن يوجد مستطيل زائد فوق فراغ قبل السطر التالي,False,True,احذف أول مستطيل الفارغ وابدأ من يمين السطر التالي
3:36,3,آل عمران,36,54,480.5,1378.5,54,480.0,1378.0,CORRECT,مطابق,3:36,0.71,0.71,START_ANCHOR_OK_EXTRA_BLANK_TAIL_RECT,المرساة صحيحة لكن يوجد مستطيل زائد فوق فراغ قبل السطر التالي,False,True,احذف أول مستطيل الفارغ وابدأ من يمين السطر التالي
3:47,3,آل عمران,47,56,42.5,313.5,56,42.0,313.0,CORRECT,مطابق,3:47,0.71,0.71,START_ANCHOR_OK_EXTRA_BLANK_TAIL_RECT,المرساة صحيحة لكن يوجد مستطيل زائد فوق فراغ قبل السطر التالي,False,True,احذف أول مستطيل الفارغ وابدأ من يمين السطر التالي
3:48,3,آل عمران,48,56,42.5,428.75,56,42.0,428.5,CORRECT,مطابق,3:48,0.56,0.56,START_ANCHOR_OK_EXTRA_BLANK_TAIL_RECT,المرساة صحيحة لكن يوجد مستطيل زائد فوق فراغ قبل السطر التالي,False,True,احذف أول مستطيل الفارغ وابدأ من يمين السطر التالي
3:49,3,آل عمران,49,56,42.5,1018.75,56,42.5,1018.5,CORRECT,مطابق,3:49,0.25,0.25,START_ANCHOR_OK_EXTRA_BLANK_TAIL_RECT,المرساة صحيحة لكن يوجد مستطيل زائد فوق فراغ قبل السطر التالي,False,True,احذف أول مستطيل الفارغ وابدأ من يمين السطر التالي
3:50,3,آل عمران,50,56,635.5,1374.75,56,636.0,1374.5,CORRECT,مطابق,3:50,0.56,0.56,START_ANCHOR_OK_EXTRA_BLANK_TAIL_RECT,المرساة صحيحة لكن يوجد مستطيل زائد فوق فراغ قبل السطر التالي,False,True,احذف أول مستطيل الفارغ وابدأ من يمين السطر التالي
3:55,3,آل عمران,55,57,385.0,671.25,57,385.0,671.0,CORRECT,مطابق,3:55,0.25,0.25,START_ANCHOR_OK_EXTRA_BLANK_TAIL_RECT,المرساة صحيحة لكن يوجد مستطيل زائد فوق فراغ قبل السطر التالي,False,True,احذف أول مستطيل الفارغ وابدأ من يمين السطر التالي
3:61,3,آل عمران,61,57,41.0,1734.0,57,41.0,1733.5,CORRECT,مطابق,3:61,0.5,0.5,START_ANCHOR_OK_EXTRA_BLANK_TAIL_RECT,المرساة صحيحة لكن يوجد مستطيل زائد فوق فراغ قبل السطر التالي,False,True,احذف أول مستطيل الفارغ وابدأ من يمين السطر التالي
3:64,3,آل عمران,64,58,784.5,673.5,58,785.0,673.0,CORRECT,مطابق,3:64,0.71,0.71,START_ANCHOR_OK_EXTRA_BLANK_TAIL_RECT,المرساة صحيحة لكن يوجد مستطيل زائد فوق فراغ قبل السطر التالي,False,True,احذف أول مستطيل الفارغ وابدأ من يمين السطر التالي
3:66,3,آل عمران,66,58,790.5,1146.5,58,790.0,1146.0,CORRECT,مطابق,3:66,0.71,0.71,START_ANCHOR_OK_EXTRA_BLANK_TAIL_RECT,المرساة صحيحة لكن يوجد مستطيل زائد فوق فراغ قبل السطر التالي,False,True,احذف أول مستطيل الفارغ وابدأ من يمين السطر التالي
3:68,3,آل عمران,68,58,587.5,1499.75,58,587.0,1499.5,CORRECT,مطابق,3:68,0.56,0.56,START_ANCHOR_OK_EXTRA_BLANK_TAIL_RECT,المرساة صحيحة لكن يوجد مستطيل زائد فوق فراغ قبل السطر التالي,False,True,احذف أول مستطيل الفارغ وابدأ من يمين السطر التالي
3:76,3,آل عمران,76,59,43.0,1375.5,59,42.5,1375.0,CORRECT,مطابق,3:76,0.71,0.71,START_ANCHOR_OK_EXTRA_BLANK_TAIL_RECT,المرساة صحيحة لكن يوجد مستطيل زائد فوق فراغ قبل السطر التالي,False,True,احذف أول مستطيل الفارغ وابدأ من يمين السطر التالي
3:77,3,آل عمران,77,59,44.0,1727.5,59,44.0,1727.0,CORRECT,مطابق,3:77,0.5,0.5,START_ANCHOR_OK_EXTRA_BLANK_TAIL_RECT,المرساة صحيحة لكن يوجد مستطيل زائد فوق فراغ قبل السطر التالي,False,True,احذف أول مستطيل الفارغ وابدأ من يمين السطر التالي
3:94,3,آل عمران,94,62,797.5,665.5,62,797.5,665.0,CORRECT,مطابق,3:94,0.5,0.5,START_ANCHOR_OK_EXTRA_BLANK_TAIL_RECT,المرساة صحيحة لكن يوجد مستطيل زائد فوق فراغ قبل السطر التالي,False,True,احذف أول مستطيل الفارغ وابدأ من يمين السطر التالي
3:98,3,آل عمران,98,62,733.5,1373.0,62,733.5,1373.0,CORRECT,مطابق,3:98,0.0,0.0,START_ANCHOR_OK_EXTRA_BLANK_TAIL_RECT,المرساة صحيحة لكن يوجد مستطيل زائد فوق فراغ قبل السطر التالي,False,True,احذف أول مستطيل الفارغ وابدأ من يمين السطر التالي
3:102,3,آل عمران,102,63,882.5,430.5,63,882.5,430.0,CORRECT,مطابق,3:102,0.5,0.5,START_ANCHOR_OK_EXTRA_BLANK_TAIL_RECT,المرساة صحيحة لكن يوجد مستطيل زائد فوق فراغ قبل السطر التالي,False,True,احذف أول مستطيل الفارغ وابدأ من يمين السطر التالي
3:105,3,آل عمران,105,63,530.0,1257.75,63,530.0,1257.5,CORRECT,مطابق,3:105,0.25,0.25,START_ANCHOR_OK_EXTRA_BLANK_TAIL_RECT,المرساة صحيحة لكن يوجد مستطيل زائد فوق فراغ قبل السطر التالي,False,True,احذف أول مستطيل الفارغ وابدأ من يمين السطر التالي
3:110,3,آل عمران,110,64,808.0,545.25,64,808.0,545.0,CORRECT,مطابق,3:110,0.25,0.25,START_ANCHOR_OK_EXTRA_BLANK_TAIL_RECT,المرساة صحيحة لكن يوجد مستطيل زائد فوق فراغ قبل السطر التالي,False,True,احذف أول مستطيل الفارغ وابدأ من يمين السطر التالي
3:117,3,آل عمران,117,65,297.25,545.25,65,297.0,545.0,CORRECT,مطابق,3:117,0.35,0.35,START_ANCHOR_OK_EXTRA_BLANK_TAIL_RECT,المرساة صحيحة لكن يوجد مستطيل زائد فوق فراغ قبل السطر التالي,False,True,احذف أول مستطيل الفارغ وابدأ من يمين السطر التالي
3:119,3,آل عمران,119,65,868.0,1370.75,65,867.5,1370.5,CORRECT,مطابق,3:119,0.56,0.56,START_ANCHOR_OK_EXTRA_BLANK_TAIL_RECT,المرساة صحيحة لكن يوجد مستطيل زائد فوق فراغ قبل السطر التالي,False,True,احذف أول مستطيل الفارغ وابدأ من يمين السطر التالي
3:126,3,آل عمران,126,66,264.5,907.0,66,264.5,906.5,CORRECT,مطابق,3:126,0.5,0.5,START_ANCHOR_OK_EXTRA_BLANK_TAIL_RECT,المرساة صحيحة لكن يوجد مستطيل زائد فوق فراغ قبل السطر التالي,False,True,احذف أول مستطيل الفارغ وابدأ من يمين السطر التالي
3:128,3,آل عمران,128,66,904.0,1260.0,66,903.5,1260.0,CORRECT,مطابق,3:128,0.5,0.5,START_ANCHOR_OK_EXTRA_BLANK_TAIL_RECT,المرساة صحيحة لكن يوجد مستطيل زائد فوق فراغ قبل السطر التالي,False,True,احذف أول مستطيل الفارغ وابدأ من يمين السطر التالي
3:138,3,آل عمران,138,67,45.5,1255.5,67,45.0,1255.0,CORRECT,مطابق,3:138,0.71,0.71,START_ANCHOR_OK_EXTRA_BLANK_TAIL_RECT,المرساة صحيحة لكن يوجد مستطيل زائد فوق فراغ قبل السطر التالي,False,True,احذف أول مستطيل الفارغ وابدأ من يمين السطر التالي
3:139,3,آل عمران,139,67,45.5,1374.5,67,45.5,1374.0,CORRECT,مطابق,3:139,0.5,0.5,START_ANCHOR_OK_EXTRA_BLANK_TAIL_RECT,المرساة صحيحة لكن يوجد مستطيل زائد فوق فراغ قبل السطر التالي,False,True,احذف أول مستطيل الفارغ وابدأ من يمين السطر التالي
3:140,3,آل عمران,140,67,46.5,1723.5,67,46.0,1723.0,CORRECT,مطابق,3:140,0.71,0.71,START_ANCHOR_OK_EXTRA_BLANK_TAIL_RECT,المرساة صحيحة لكن يوجد مستطيل زائد فوق فراغ قبل السطر التالي,False,True,احذف أول مستطيل الفارغ وابدأ من يمين السطر التالي
3:150,3,آل عمران,150,69,194.0,323.0,69,194.0,322.5,CORRECT,مطابق,3:150,0.5,0.5,START_ANCHOR_OK_EXTRA_BLANK_TAIL_RECT,المرساة صحيحة لكن يوجد مستطيل زائد فوق فراغ قبل السطر التالي,False,True,احذف أول مستطيل الفارغ وابدأ من يمين السطر التالي
3:153,3,آل عمران,153,69,50.25,1737.0,69,50.5,1737.0,CORRECT,مطابق,3:153,0.25,0.25,START_ANCHOR_OK_EXTRA_BLANK_TAIL_RECT,المرساة صحيحة لكن يوجد مستطيل زائد فوق فراغ قبل السطر التالي,False,True,احذف أول مستطيل الفارغ وابدأ من يمين السطر التالي
3:163,3,آل عمران,163,71,151.5,1137.75,71,151.5,1137.0,CORRECT,مطابق,3:163,0.75,0.75,START_ANCHOR_OK_EXTRA_BLANK_TAIL_RECT,المرساة صحيحة لكن يوجد مستطيل زائد فوق فراغ قبل السطر التالي,False,True,احذف أول مستطيل الفارغ وابدأ من يمين السطر التالي
3:167,3,آل عمران,167,72,551.5,545.5,72,551.5,545.0,CORRECT,مطابق,3:167,0.5,0.5,START_ANCHOR_OK_EXTRA_BLANK_TAIL_RECT,المرساة صحيحة لكن يوجد مستطيل زائد فوق فراغ قبل السطر التالي,False,True,احذف أول مستطيل الفارغ وابدأ من يمين السطر التالي
3:173,3,آل عمران,173,72,44.5,1724.5,72,44.5,1724.0,CORRECT,مطابق,3:173,0.5,0.5,START_ANCHOR_OK_EXTRA_BLANK_TAIL_RECT,المرساة صحيحة لكن يوجد مستطيل زائد فوق فراغ قبل السطر التالي,False,True,احذف أول مستطيل الفارغ وابدأ من يمين السطر التالي
3:176,3,آل عمران,176,73,928.5,671.5,73,928.5,671.0,CORRECT,مطابق,3:176,0.5,0.5,START_ANCHOR_OK_EXTRA_BLANK_TAIL_RECT,المرساة صحيحة لكن يوجد مستطيل زائد فوق فراغ قبل السطر التالي,False,True,احذف أول مستطيل الفارغ وابدأ من يمين السطر التالي
3:184,3,آل عمران,184,74,303.0,1025.5,74,303.0,1025.0,CORRECT,مطابق,3:184,0.5,0.5,START_ANCHOR_OK_EXTRA_BLANK_TAIL_RECT,المرساة صحيحة لكن يوجد مستطيل زائد فوق فراغ قبل السطر التالي,False,True,احذف أول مستطيل الفارغ وابدأ من يمين السطر التالي
3:192,3,آل عمران,192,75,908.75,1378.5,75,908.5,1378.0,CORRECT,مطابق,3:192,0.56,0.56,START_ANCHOR_OK_EXTRA_BLANK_TAIL_RECT,المرساة صحيحة لكن يوجد مستطيل زائد فوق فراغ قبل السطر التالي,False,True,احذف أول مستطيل الفارغ وابدأ من يمين السطر التالي
3:198,3,آل عمران,198,76,374.5,1146.0,76,374.5,1145.5,CORRECT,مطابق,3:198,0.5,0.5,START_ANCHOR_OK_EXTRA_BLANK_TAIL_RECT,المرساة صحيحة لكن يوجد مستطيل زائد فوق فراغ قبل السطر التالي,False,True,احذف أول مستطيل الفارغ وابدأ من يمين السطر التالي
4:1,4,النساء,1,77,555.5,550.5,77,555.0,550.0,CORRECT,مطابق,4:1,0.71,0.71,MULTILINE_SURAH_START_TRUNCATED,بداية سورة متعددة الأسطر؛ الأسطر الأولى غير مشمولة,False,True,المولد الحالي يبدأ من سطر النهاية ويفقد الأسطر السابقة
4:3,4,النساء,3,77,732.0,1025.25,77,732.0,1025.0,CORRECT,مطابق,4:3,0.25,0.25,START_ANCHOR_OK_EXTRA_BLANK_TAIL_RECT,المرساة صحيحة لكن يوجد مستطيل زائد فوق فراغ قبل السطر التالي,False,True,احذف أول مستطيل الفارغ وابدأ من يمين السطر التالي
4:9,4,النساء,9,78,135.5,668.75,78,135.5,668.0,CORRECT,مطابق,4:9,0.75,0.75,START_ANCHOR_OK_EXTRA_BLANK_TAIL_RECT,المرساة صحيحة لكن يوجد مستطيل زائد فوق فراغ قبل السطر التالي,False,True,احذف أول مستطيل الفارغ وابدأ من يمين السطر التالي
4:14,4,النساء,14,79,47.0,1738.5,79,47.0,1738.0,CORRECT,مطابق,4:14,0.5,0.5,START_ANCHOR_OK_EXTRA_BLANK_TAIL_RECT,المرساة صحيحة لكن يوجد مستطيل زائد فوق فراغ قبل السطر التالي,False,True,احذف أول مستطيل الفارغ وابدأ من يمين السطر التالي
4:16,4,النساء,16,80,49.5,553.0,80,49.5,552.5,CORRECT,مطابق,4:16,0.5,0.5,START_ANCHOR_OK_EXTRA_BLANK_TAIL_RECT,المرساة صحيحة لكن يوجد مستطيل زائد فوق فراغ قبل السطر التالي,False,True,احذف أول مستطيل الفارغ وابدأ من يمين السطر التالي
4:17,4,النساء,17,80,495.0,903.75,80,495.0,903.5,CORRECT,مطابق,4:17,0.25,0.25,START_ANCHOR_OK_EXTRA_BLANK_TAIL_RECT,المرساة صحيحة لكن يوجد مستطيل زائد فوق فراغ قبل السطر التالي,False,True,احذف أول مستطيل الفارغ وابدأ من يمين السطر التالي
4:22,4,النساء,22,81,897.5,790.75,81,897.5,790.5,CORRECT,مطابق,4:22,0.25,0.25,START_ANCHOR_OK_EXTRA_BLANK_TAIL_RECT,المرساة صحيحة لكن يوجد مستطيل زائد فوق فراغ قبل السطر التالي,False,True,احذف أول مستطيل الفارغ وابدأ من يمين السطر التالي
4:26,4,النساء,26,82,48.0,1738.0,82,48.0,1737.5,CORRECT,مطابق,4:26,0.5,0.5,START_ANCHOR_OK_EXTRA_BLANK_TAIL_RECT,المرساة صحيحة لكن يوجد مستطيل زائد فوق فراغ قبل السطر التالي,False,True,احذف أول مستطيل الفارغ وابدأ من يمين السطر التالي
4:32,4,النساء,32,83,917.0,1485.5,83,917.0,1485.0,CORRECT,مطابق,4:32,0.5,0.5,START_ANCHOR_OK_EXTRA_BLANK_TAIL_RECT,المرساة صحيحة لكن يوجد مستطيل زائد فوق فراغ قبل السطر التالي,False,True,احذف أول مستطيل الفارغ وابدأ من يمين السطر التالي
4:46,4,النساء,46,86,880.0,667.5,86,880.0,667.0,CORRECT,مطابق,4:46,0.5,0.5,START_ANCHOR_OK_EXTRA_BLANK_TAIL_RECT,المرساة صحيحة لكن يوجد مستطيل زائد فوق فراغ قبل السطر التالي,False,True,احذف أول مستطيل الفارغ وابدأ من يمين السطر التالي
4:49,4,النساء,49,86,719.25,1375.0,86,719.0,1375.0,CORRECT,مطابق,4:49,0.25,0.25,START_ANCHOR_OK_EXTRA_BLANK_TAIL_RECT,المرساة صحيحة لكن يوجد مستطيل زائد فوق فراغ قبل السطر التالي,False,True,احذف أول مستطيل الفارغ وابدأ من يمين السطر التالي
4:53,4,النساء,53,87,106.5,203.75,87,106.5,203.5,CORRECT,مطابق,4:53,0.25,0.25,START_ANCHOR_OK_EXTRA_BLANK_TAIL_RECT,المرساة صحيحة لكن يوجد مستطيل زائد فوق فراغ قبل السطر التالي,False,True,احذف أول مستطيل الفارغ وابدأ من يمين السطر التالي
4:55,4,النساء,55,87,49.5,553.5,87,49.0,553.0,CORRECT,مطابق,4:55,0.71,0.71,START_ANCHOR_OK_EXTRA_BLANK_TAIL_RECT,المرساة صحيحة لكن يوجد مستطيل زائد فوق فراغ قبل السطر التالي,False,True,احذف أول مستطيل الفارغ وابدأ من يمين السطر التالي
4:56,4,النساء,56,87,804.0,910.5,87,804.0,910.0,CORRECT,مطابق,4:56,0.5,0.5,START_ANCHOR_OK_EXTRA_BLANK_TAIL_RECT,المرساة صحيحة لكن يوجد مستطيل زائد فوق فراغ قبل السطر التالي,False,True,احذف أول مستطيل الفارغ وابدأ من يمين السطر التالي
4:69,4,النساء,69,89,599.0,789.0,89,599.0,789.0,CORRECT,مطابق,4:69,0.0,0.0,START_ANCHOR_OK_EXTRA_BLANK_TAIL_RECT,المرساة صحيحة لكن يوجد مستطيل زائد فوق فراغ قبل السطر التالي,False,True,احذف أول مستطيل الفارغ وابدأ من يمين السطر التالي
4:76,4,النساء,76,90,837.5,664.0,90,837.5,664.0,CORRECT,مطابق,4:76,0.0,0.0,START_ANCHOR_OK_EXTRA_BLANK_TAIL_RECT,المرساة صحيحة لكن يوجد مستطيل زائد فوق فراغ قبل السطر التالي,False,True,احذف أول مستطيل الفارغ وابدأ من يمين السطر التالي
4:82,4,النساء,82,91,489.5,671.25,91,489.0,671.0,CORRECT,مطابق,4:82,0.56,0.56,START_ANCHOR_OK_EXTRA_BLANK_TAIL_RECT,المرساة صحيحة لكن يوجد مستطيل زائد فوق فراغ قبل السطر التالي,False,True,احذف أول مستطيل الفارغ وابدأ من يمين السطر التالي
4:84,4,النساء,84,91,782.5,1378.5,91,782.5,1378.0,CORRECT,مطابق,4:84,0.5,0.5,START_ANCHOR_OK_EXTRA_BLANK_TAIL_RECT,المرساة صحيحة لكن يوجد مستطيل زائد فوق فراغ قبل السطر التالي,False,True,احذف أول مستطيل الفارغ وابدأ من يمين السطر التالي
4:91,4,النساء,91,92,45.0,1727.5,92,45.0,1727.0,CORRECT,مطابق,4:91,0.5,0.5,START_ANCHOR_OK_EXTRA_BLANK_TAIL_RECT,المرساة صحيحة لكن يوجد مستطيل زائد فوق فراغ قبل السطر التالي,False,True,احذف أول مستطيل الفارغ وابدأ من يمين السطر التالي
4:99,4,النساء,99,94,161.0,1139.5,94,161.0,1139.0,CORRECT,مطابق,4:99,0.5,0.5,START_ANCHOR_OK_EXTRA_BLANK_TAIL_RECT,المرساة صحيحة لكن يوجد مستطيل زائد فوق فراغ قبل السطر التالي,False,True,احذف أول مستطيل الفارغ وابدأ من يمين السطر التالي
4:103,4,النساء,103,95,319.5,1259.5,95,319.0,1259.0,CORRECT,مطابق,4:103,0.71,0.71,START_ANCHOR_OK_EXTRA_BLANK_TAIL_RECT,المرساة صحيحة لكن يوجد مستطيل زائد فوق فراغ قبل السطر التالي,False,True,احذف أول مستطيل الفارغ وابدأ من يمين السطر التالي
4:113,4,النساء,113,96,46.0,1735.5,96,46.0,1735.0,CORRECT,مطابق,4:113,0.5,0.5,START_ANCHOR_OK_EXTRA_BLANK_TAIL_RECT,المرساة صحيحة لكن يوجد مستطيل زائد فوق فراغ قبل السطر التالي,False,True,احذف أول مستطيل الفارغ وابدأ من يمين السطر التالي
4:132,4,النساء,132,99,47.0,1375.75,99,47.0,1375.5,CORRECT,مطابق,4:132,0.25,0.25,START_ANCHOR_OK_EXTRA_BLANK_TAIL_RECT,المرساة صحيحة لكن يوجد مستطيل زائد فوق فراغ قبل السطر التالي,False,True,احذف أول مستطيل الفارغ وابدأ من يمين السطر التالي
4:133,4,النساء,133,99,670.5,1613.0,99,670.5,1612.5,CORRECT,مطابق,4:133,0.5,0.5,START_ANCHOR_OK_EXTRA_BLANK_TAIL_RECT,المرساة صحيحة لكن يوجد مستطيل زائد فوق فراغ قبل السطر التالي,False,True,احذف أول مستطيل الفارغ وابدأ من يمين السطر التالي
4:146,4,النساء,146,101,543.25,1611.25,101,543.5,1611.0,CORRECT,مطابق,4:146,0.35,0.35,START_ANCHOR_OK_EXTRA_BLANK_TAIL_RECT,المرساة صحيحة لكن يوجد مستطيل زائد فوق فراغ قبل السطر التالي,False,True,احذف أول مستطيل الفارغ وابدأ من يمين السطر التالي
4:159,4,النساء,159,103,475.0,1014.75,103,475.0,1014.5,CORRECT,مطابق,4:159,0.25,0.25,START_ANCHOR_OK_EXTRA_BLANK_TAIL_RECT,المرساة صحيحة لكن يوجد مستطيل زائد فوق فراغ قبل السطر التالي,False,True,احذف أول مستطيل الفارغ وابدأ من يمين السطر التالي
4:166,4,النساء,166,104,449.5,1022.0,104,449.5,1021.5,CORRECT,مطابق,4:166,0.5,0.5,START_ANCHOR_OK_EXTRA_BLANK_TAIL_RECT,المرساة صحيحة لكن يوجد مستطيل زائد فوق فراغ قبل السطر التالي,False,True,احذف أول مستطيل الفارغ وابدأ من يمين السطر التالي
4:175,4,النساء,175,105,44.5,1723.25,105,44.5,1723.0,CORRECT,مطابق,4:175,0.25,0.25,START_ANCHOR_OK_EXTRA_BLANK_TAIL_RECT,المرساة صحيحة لكن يوجد مستطيل زائد فوق فراغ قبل السطر التالي,False,True,احذف أول مستطيل الفارغ وابدأ من يمين السطر التالي
5:1,5,المائدة,1,106,806.5,1139.0,106,807.0,1138.5,CORRECT,مطابق,5:1,0.71,0.71,SURAH_HEADER_GAP_INCLUDED,بداية السورة تضم فاصل العنوان والبسملة ضمن منطقة الآية,False,True,يجب أن تبدأ المنطقة بعد عنوان السورة/البسملة
5:5,5,المائدة,5,107,40.5,1731.5,107,40.0,1731.0,CORRECT,مطابق,5:5,0.71,0.71,START_ANCHOR_OK_EXTRA_BLANK_TAIL_RECT,المرساة صحيحة لكن يوجد مستطيل زائد فوق فراغ قبل السطر التالي,False,True,احذف أول مستطيل الفارغ وابدأ من يمين السطر التالي
5:7,5,المائدة,7,108,743.0,1258.5,108,743.0,1258.0,CORRECT,مطابق,5:7,0.5,0.5,START_ANCHOR_OK_EXTRA_BLANK_TAIL_RECT,المرساة صحيحة لكن يوجد مستطيل زائد فوق فراغ قبل السطر التالي,False,True,احذف أول مستطيل الفارغ وابدأ من يمين السطر التالي
5:16,5,المائدة,16,110,308.5,1139.75,110,308.5,1139.0,CORRECT,مطابق,5:16,0.75,0.75,START_ANCHOR_OK_EXTRA_BLANK_TAIL_RECT,المرساة صحيحة لكن يوجد مستطيل زائد فوق فراغ قبل السطر التالي,False,True,احذف أول مستطيل الفارغ وابدأ من يمين السطر التالي
5:27,5,المائدة,27,112,452.5,900.5,112,452.0,900.0,CORRECT,مطابق,5:27,0.71,0.71,START_ANCHOR_OK_EXTRA_BLANK_TAIL_RECT,المرساة صحيحة لكن يوجد مستطيل زائد فوق فراغ قبل السطر التالي,False,True,احذف أول مستطيل الفارغ وابدأ من يمين السطر التالي
5:31,5,المائدة,31,112,47.5,1722.0,112,47.5,1721.5,CORRECT,مطابق,5:31,0.5,0.5,START_ANCHOR_OK_EXTRA_BLANK_TAIL_RECT,المرساة صحيحة لكن يوجد مستطيل زائد فوق فراغ قبل السطر التالي,False,True,احذف أول مستطيل الفارغ وابدأ من يمين السطر التالي
5:34,5,المائدة,34,113,554.25,1258.25,113,554.0,1258.0,CORRECT,مطابق,5:34,0.35,0.35,START_ANCHOR_OK_EXTRA_BLANK_TAIL_RECT,المرساة صحيحة لكن يوجد مستطيل زائد فوق فراغ قبل السطر التالي,False,True,احذف أول مستطيل الفارغ وابدأ من يمين السطر التالي
5:47,5,المائدة,47,116,315.5,547.0,116,315.5,547.0,CORRECT,مطابق,5:47,0.0,0.0,START_ANCHOR_OK_EXTRA_BLANK_TAIL_RECT,المرساة صحيحة لكن يوجد مستطيل زائد فوق فراغ قبل السطر التالي,False,True,احذف أول مستطيل الفارغ وابدأ من يمين السطر التالي
5:60,5,المائدة,60,118,519.0,670.5,118,519.0,670.0,CORRECT,مطابق,5:60,0.5,0.5,START_ANCHOR_OK_EXTRA_BLANK_TAIL_RECT,المرساة صحيحة لكن يوجد مستطيل زائد فوق فراغ قبل السطر التالي,False,True,احذف أول مستطيل الفارغ وابدأ من يمين السطر التالي
5:62,5,المائدة,62,118,485.75,1023.5,118,486.0,1023.0,CORRECT,مطابق,5:62,0.56,0.56,START_ANCHOR_OK_EXTRA_BLANK_TAIL_RECT,المرساة صحيحة لكن يوجد مستطيل زائد فوق فراغ قبل السطر التالي,False,True,احذف أول مستطيل الفارغ وابدأ من يمين السطر التالي
5:72,5,المائدة,72,120,652.0,667.5,120,652.0,667.0,CORRECT,مطابق,5:72,0.5,0.5,START_ANCHOR_OK_EXTRA_BLANK_TAIL_RECT,المرساة صحيحة لكن يوجد مستطيل زائد فوق فراغ قبل السطر التالي,False,True,احذف أول مستطيل الفارغ وابدأ من يمين السطر التالي
5:74,5,المائدة,74,120,41.5,1021.25,120,41.5,1021.0,CORRECT,مطابق,5:74,0.25,0.25,START_ANCHOR_OK_EXTRA_BLANK_TAIL_RECT,المرساة صحيحة لكن يوجد مستطيل زائد فوق فراغ قبل السطر التالي,False,True,احذف أول مستطيل الفارغ وابدأ من يمين السطر التالي
5:75,5,المائدة,75,120,673.0,1376.5,120,673.0,1376.0,CORRECT,مطابق,5:75,0.5,0.5,START_ANCHOR_OK_EXTRA_BLANK_TAIL_RECT,المرساة صحيحة لكن يوجد مستطيل زائد فوق فراغ قبل السطر التالي,False,True,احذف أول مستطيل الفارغ وابدأ من يمين السطر التالي
5:77,5,المائدة,77,120,41.5,1730.25,121,821.0,308.5,WRONG_PAGE_MISASSIGNED,صفحة خاطئة ومنسوب إلى علامة آية أخرى,5:78,,0.5,START_ANCHOR_WRONG_OR_MISSING,مرساة البداية خاطئة أو مفقودة,True,True,الموضع المخزن أقرب إلى 5:78
5:78,5,المائدة,78,121,821.0,309.0,121,479.5,426.0,MISASSIGNED_TO_OTHER_AYAH,منسوب إلى علامة آية أخرى,5:79,360.99,0.5,START_ANCHOR_WRONG_OR_MISSING,مرساة البداية خاطئة أو مفقودة,True,True,الموضع المخزن أقرب إلى 5:79
5:79,5,المائدة,79,121,479.5,426.5,121,807.0,779.5,MISASSIGNED_TO_OTHER_AYAH,منسوب إلى علامة آية أخرى,5:80,481.52,0.25,START_ANCHOR_WRONG_OR_MISSING,مرساة البداية خاطئة أو مفقودة,True,True,الموضع المخزن أقرب إلى 5:80
5:80,5,المائدة,80,121,807.0,779.75,121,669.0,1014.0,MISASSIGNED_TO_OTHER_AYAH,منسوب إلى علامة آية أخرى,5:81,271.88,0.5,START_ANCHOR_WRONG_OR_MISSING,مرساة البداية خاطئة أو مفقودة,True,True,الموضع المخزن أقرب إلى 5:81
5:81,5,المائدة,81,121,669.0,1014.5,121,606.0,1491.0,MISASSIGNED_TO_OTHER_AYAH,منسوب إلى علامة آية أخرى,5:82,480.65,0.71,START_ANCHOR_WRONG_OR_MISSING,مرساة البداية خاطئة أو مفقودة,True,True,الموضع المخزن أقرب إلى 5:82
5:82,5,المائدة,82,121,606.5,1491.5,121,41.5,1718.5,MISASSIGNED_TO_OTHER_AYAH,منسوب إلى علامة آية أخرى,5:83,608.9,0.71,START_ANCHOR_WRONG_OR_MISSING,مرساة البداية خاطئة أو مفقودة,True,True,الموضع المخزن أقرب إلى 5:83
5:83,5,المائدة,83,121,42.0,1719.0,122,576.5,196.5,WRONG_PAGE_MISASSIGNED,صفحة خاطئة ومنسوب إلى علامة آية أخرى,5:84,,0.56,START_ANCHOR_WRONG_OR_MISSING,مرساة البداية خاطئة أو مفقودة,True,True,الموضع المخزن أقرب إلى 5:84
5:84,5,المائدة,84,122,577.0,196.75,122,806.5,432.0,MISASSIGNED_TO_OTHER_AYAH,منسوب إلى علامة آية أخرى,5:85,328.65,0.5,START_ANCHOR_WRONG_OR_MISSING,مرساة البداية خاطئة أو مفقودة,True,True,الموضع المخزن أقرب إلى 5:85
5:85,5,المائدة,85,122,806.5,432.5,122,687.0,549.0,MISASSIGNED_TO_OTHER_AYAH,منسوب إلى علامة آية أخرى,5:86,166.89,0.56,START_ANCHOR_WRONG_OR_MISSING,مرساة البداية خاطئة أو مفقودة,True,True,الموضع المخزن أقرب إلى 5:86
5:86,5,المائدة,86,122,687.5,549.25,122,838.0,783.0,MISASSIGNED_TO_OTHER_AYAH,منسوب إلى علامة آية أخرى,5:87,278.01,0.25,START_ANCHOR_WRONG_OR_MISSING,مرساة البداية خاطئة أو مفقودة,True,True,الموضع المخزن أقرب إلى 5:87
5:87,5,المائدة,87,122,838.0,783.25,122,402.0,905.0,MISASSIGNED_TO_OTHER_AYAH,منسوب إلى علامة آية أخرى,5:88,452.68,0.5,START_ANCHOR_WRONG_OR_MISSING,مرساة البداية خاطئة أو مفقودة,True,True,الموضع المخزن أقرب إلى 5:88
5:88,5,المائدة,88,122,402.0,905.5,122,46.0,1484.5,MISASSIGNED_TO_OTHER_AYAH,منسوب إلى علامة آية أخرى,5:89,679.69,0.5,START_ANCHOR_WRONG_OR_MISSING,مرساة البداية خاطئة أو مفقودة,True,True,الموضع المخزن أقرب إلى 5:89
5:89,5,المائدة,89,122,46.0,1485.0,122,45.0,1726.5,MISASSIGNED_TO_OTHER_AYAH,منسوب إلى علامة آية أخرى,5:90,241.5,0.25,START_ANCHOR_WRONG_OR_MISSING,مرساة البداية خاطئة أو مفقودة,True,True,الموضع المخزن أقرب إلى 5:90
5:90,5,المائدة,90,122,45.0,1726.75,123,487.5,309.5,WRONG_PAGE_MISASSIGNED,صفحة خاطئة ومنسوب إلى علامة آية أخرى,5:91,,0.5,START_ANCHOR_WRONG_OR_MISSING,مرساة البداية خاطئة أو مفقودة,True,True,الموضع المخزن أقرب إلى 5:91
5:91,5,المائدة,91,123,487.5,310.0,123,811.5,546.0,MISASSIGNED_TO_OTHER_AYAH,منسوب إلى علامة آية أخرى,5:92,400.84,0.5,START_ANCHOR_WRONG_OR_MISSING,مرساة البداية خاطئة أو مفقودة,True,True,الموضع المخزن أقرب إلى 5:92
5:92,5,المائدة,92,123,811.5,546.5,123,828.5,899.0,MISASSIGNED_TO_OTHER_AYAH,منسوب إلى علامة آية أخرى,5:93,352.91,0.75,START_ANCHOR_WRONG_OR_MISSING,مرساة البداية خاطئة أو مفقودة,True,True,الموضع المخزن أقرب إلى 5:93
5:93,5,المائدة,93,123,828.5,899.75,123,176.0,1135.0,MISASSIGNED_TO_OTHER_AYAH,منسوب إلى علامة آية أخرى,5:94,693.61,0.71,START_ANCHOR_WRONG_OR_MISSING,مرساة البداية خاطئة أو مفقودة,True,True,الموضع المخزن أقرب إلى 5:94
5:94,5,المائدة,94,123,175.5,1135.5,123,45.5,1724.0,MISASSIGNED_TO_OTHER_AYAH,منسوب إلى علامة آية أخرى,5:95,602.69,0.75,START_ANCHOR_WRONG_OR_MISSING,مرساة البداية خاطئة أو مفقودة,True,True,الموضع المخزن أقرب إلى 5:95
5:95,5,المائدة,95,123,45.5,1724.75,,,,MISSING_REGION,سجل مفقود,,,,START_ANCHOR_WRONG_OR_MISSING,مرساة البداية خاطئة أو مفقودة,True,True,
5:102,5,المائدة,102,124,202.25,1495.75,124,202.0,1495.5,CORRECT,مطابق,5:102,0.35,0.35,START_ANCHOR_OK_EXTRA_BLANK_TAIL_RECT,المرساة صحيحة لكن يوجد مستطيل زائد فوق فراغ قبل السطر التالي,False,True,احذف أول مستطيل الفارغ وابدأ من يمين السطر التالي
5:112,5,المائدة,112,126,846.0,1617.0,126,846.0,1616.5,CORRECT,مطابق,5:112,0.5,0.5,START_ANCHOR_OK_EXTRA_BLANK_TAIL_RECT,المرساة صحيحة لكن يوجد مستطيل زائد فوق فراغ قبل السطر التالي,False,True,احذف أول مستطيل الفارغ وابدأ من يمين السطر التالي
5:116,5,المائدة,116,127,250.0,899.75,127,250.0,899.0,CORRECT,مطابق,5:116,0.75,0.75,START_ANCHOR_OK_EXTRA_BLANK_TAIL_RECT,المرساة صحيحة لكن يوجد مستطيل زائد فوق فراغ قبل السطر التالي,False,True,احذف أول مستطيل الفارغ وابدأ من يمين السطر التالي
6:1,6,الأنعام,1,128,232.0,431.5,128,232.0,431.0,CORRECT,مطابق,6:1,0.5,0.5,MULTILINE_SURAH_START_TRUNCATED,بداية سورة متعددة الأسطر؛ الأسطر الأولى غير مشمولة,False,True,المولد الحالي يبدأ من سطر النهاية ويفقد الأسطر السابقة
6:6,6,الأنعام,6,128,911.5,1499.0,128,911.0,1499.0,CORRECT,مطابق,6:6,0.5,0.5,START_ANCHOR_OK_EXTRA_BLANK_TAIL_RECT,المرساة صحيحة لكن يوجد مستطيل زائد فوق فراغ قبل السطر التالي,False,True,احذف أول مستطيل الفارغ وابدأ من يمين السطر التالي
6:12,6,الأنعام,12,129,166.0,786.5,129,166.0,786.0,CORRECT,مطابق,6:12,0.5,0.5,START_ANCHOR_OK_EXTRA_BLANK_TAIL_RECT,المرساة صحيحة لكن يوجد مستطيل زائد فوق فراغ قبل السطر التالي,False,True,احذف أول مستطيل الفارغ وابدأ من يمين السطر التالي
6:18,6,الأنعام,18,129,42.5,1729.5,129,42.5,1729.0,CORRECT,مطابق,6:18,0.5,0.5,START_ANCHOR_OK_EXTRA_BLANK_TAIL_RECT,المرساة صحيحة لكن يوجد مستطيل زائد فوق فراغ قبل السطر التالي,False,True,احذف أول مستطيل الفارغ وابدأ من يمين السطر التالي
6:23,6,الأنعام,23,130,44.0,906.0,130,44.0,906.0,CORRECT,مطابق,6:23,0.0,0.0,START_ANCHOR_OK_EXTRA_BLANK_TAIL_RECT,المرساة صحيحة لكن يوجد مستطيل زائد فوق فراغ قبل السطر التالي,False,True,احذف أول مستطيل الفارغ وابدأ من يمين السطر التالي
6:24,6,الأنعام,24,130,45.0,1024.0,130,45.0,1024.0,CORRECT,مطابق,6:24,0.0,0.0,START_ANCHOR_OK_EXTRA_BLANK_TAIL_RECT,المرساة صحيحة لكن يوجد مستطيل زائد فوق فراغ قبل السطر التالي,False,True,احذف أول مستطيل الفارغ وابدأ من يمين السطر التالي
6:25,6,الأنعام,25,130,907.5,1497.5,130,908.0,1497.0,CORRECT,مطابق,6:25,0.71,0.71,START_ANCHOR_OK_EXTRA_BLANK_TAIL_RECT,المرساة صحيحة لكن يوجد مستطيل زائد فوق فراغ قبل السطر التالي,False,True,احذف أول مستطيل الفارغ وابدأ من يمين السطر التالي
6:31,6,الأنعام,31,131,459.75,794.75,131,460.0,794.5,CORRECT,مطابق,6:31,0.35,0.35,START_ANCHOR_OK_EXTRA_BLANK_TAIL_RECT,المرساة صحيحة لكن يوجد مستطيل زائد فوق فراغ قبل السطر التالي,False,True,احذف أول مستطيل الفارغ وابدأ من يمين السطر التالي
6:33,6,الأنعام,33,131,338.0,1146.75,131,338.0,1146.0,CORRECT,مطابق,6:33,0.75,0.75,START_ANCHOR_OK_EXTRA_BLANK_TAIL_RECT,المرساة صحيحة لكن يوجد مستطيل زائد فوق فراغ قبل السطر التالي,False,True,احذف أول مستطيل الفارغ وابدأ من يمين السطر التالي
6:35,6,الأنعام,35,131,42.5,1736.0,131,43.0,1736.0,CORRECT,مطابق,6:35,0.5,0.5,START_ANCHOR_OK_EXTRA_BLANK_TAIL_RECT,المرساة صحيحة لكن يوجد مستطيل زائد فوق فراغ قبل السطر التالي,False,True,احذف أول مستطيل الفارغ وابدأ من يمين السطر التالي
6:39,6,الأنعام,39,132,114.5,784.5,132,114.5,784.0,CORRECT,مطابق,6:39,0.5,0.5,START_ANCHOR_OK_EXTRA_BLANK_TAIL_RECT,المرساة صحيحة لكن يوجد مستطيل زائد فوق فراغ قبل السطر التالي,False,True,احذف أول مستطيل الفارغ وابدأ من يمين السطر التالي
6:46,6,الأنعام,46,133,679.75,435.5,133,680.0,435.0,CORRECT,مطابق,6:46,0.56,0.56,START_ANCHOR_OK_EXTRA_BLANK_TAIL_RECT,المرساة صحيحة لكن يوجد مستطيل زائد فوق فراغ قبل السطر التالي,False,True,احذف أول مستطيل الفارغ وابدأ من يمين السطر التالي
6:52,6,الأنعام,52,133,41.0,1733.5,133,41.0,1733.0,CORRECT,مطابق,6:52,0.5,0.5,START_ANCHOR_OK_EXTRA_BLANK_TAIL_RECT,المرساة صحيحة لكن يوجد مستطيل زائد فوق فراغ قبل السطر التالي,False,True,احذف أول مستطيل الفارغ وابدأ من يمين السطر التالي
6:55,6,الأنعام,55,134,44.5,663.0,134,45.0,662.5,CORRECT,مطابق,6:55,0.71,0.71,START_ANCHOR_OK_EXTRA_BLANK_TAIL_RECT,المرساة صحيحة لكن يوجد مستطيل زائد فوق فراغ قبل السطر التالي,False,True,احذف أول مستطيل الفارغ وابدأ من يمين السطر التالي
6:56,6,الأنعام,56,134,45.5,899.0,134,45.5,899.0,CORRECT,مطابق,6:56,0.0,0.0,START_ANCHOR_OK_EXTRA_BLANK_TAIL_RECT,المرساة صحيحة لكن يوجد مستطيل زائد فوق فراغ قبل السطر التالي,False,True,احذف أول مستطيل الفارغ وابدأ من يمين السطر التالي
6:57,6,الأنعام,57,134,781.0,1252.5,134,781.0,1252.0,CORRECT,مطابق,6:57,0.5,0.5,START_ANCHOR_OK_EXTRA_BLANK_TAIL_RECT,المرساة صحيحة لكن يوجد مستطيل زائد فوق فراغ قبل السطر التالي,False,True,احذف أول مستطيل الفارغ وابدأ من يمين السطر التالي
6:76,6,الأنعام,76,137,614.5,545.75,137,614.5,545.0,CORRECT,مطابق,6:76,0.75,0.75,START_ANCHOR_OK_EXTRA_BLANK_TAIL_RECT,المرساة صحيحة لكن يوجد مستطيل زائد فوق فراغ قبل السطر التالي,False,True,احذف أول مستطيل الفارغ وابدأ من يمين السطر التالي
6:79,6,الأنعام,79,137,413.5,1133.75,137,413.5,1133.0,CORRECT,مطابق,6:79,0.75,0.75,START_ANCHOR_OK_EXTRA_BLANK_TAIL_RECT,المرساة صحيحة لكن يوجد مستطيل زائد فوق فراغ قبل السطر التالي,False,True,احذف أول مستطيل الفارغ وابدأ من يمين السطر التالي
6:84,6,الأنعام,84,138,47.0,671.0,138,47.0,670.5,CORRECT,مطابق,6:84,0.5,0.5,START_ANCHOR_OK_EXTRA_BLANK_TAIL_RECT,المرساة صحيحة لكن يوجد مستطيل زائد فوق فراغ قبل السطر التالي,False,True,احذف أول مستطيل الفارغ وابدأ من يمين السطر التالي
6:85,6,الأنعام,85,138,47.5,788.5,138,47.5,788.0,CORRECT,مطابق,6:85,0.5,0.5,START_ANCHOR_OK_EXTRA_BLANK_TAIL_RECT,المرساة صحيحة لكن يوجد مستطيل زائد فوق فراغ قبل السطر التالي,False,True,احذف أول مستطيل الفارغ وابدأ من يمين السطر التالي
6:86,6,الأنعام,86,138,907.5,1027.75,138,907.5,1027.0,CORRECT,مطابق,6:86,0.75,0.75,START_ANCHOR_OK_EXTRA_BLANK_TAIL_RECT,المرساة صحيحة لكن يوجد مستطيل زائد فوق فراغ قبل السطر التالي,False,True,احذف أول مستطيل الفارغ وابدأ من يمين السطر التالي
6:98,6,الأنعام,98,140,409.0,782.75,140,409.0,782.0,CORRECT,مطابق,6:98,0.75,0.75,START_ANCHOR_OK_EXTRA_BLANK_TAIL_RECT,المرساة صحيحة لكن يوجد مستطيل زائد فوق فراغ قبل السطر التالي,False,True,احذف أول مستطيل الفارغ وابدأ من يمين السطر التالي
6:101,6,الأنعام,101,140,45.0,1726.5,140,45.0,1726.0,CORRECT,مطابق,6:101,0.5,0.5,START_ANCHOR_OK_EXTRA_BLANK_TAIL_RECT,المرساة صحيحة لكن يوجد مستطيل زائد فوق فراغ قبل السطر التالي,False,True,احذف أول مستطيل الفارغ وابدأ من يمين السطر التالي
6:107,6,الأنعام,107,141,573.5,1022.0,141,573.5,1021.5,CORRECT,مطابق,6:107,0.5,0.5,START_ANCHOR_OK_EXTRA_BLANK_TAIL_RECT,المرساة صحيحة لكن يوجد مستطيل زائد فوق فراغ قبل السطر التالي,False,True,احذف أول مستطيل الفارغ وابدأ من يمين السطر التالي
6:109,6,الأنعام,109,141,811.5,1611.25,141,811.5,1611.0,CORRECT,مطابق,6:109,0.25,0.25,START_ANCHOR_OK_EXTRA_BLANK_TAIL_RECT,المرساة صحيحة لكن يوجد مستطيل زائد فوق فراغ قبل السطر التالي,False,True,احذف أول مستطيل الفارغ وابدأ من يمين السطر التالي
6:116,6,الأنعام,116,142,271.75,1488.25,142,271.5,1488.0,CORRECT,مطابق,6:116,0.35,0.35,START_ANCHOR_OK_EXTRA_BLANK_TAIL_RECT,المرساة صحيحة لكن يوجد مستطيل زائد فوق فراغ قبل السطر التالي,False,True,احذف أول مستطيل الفارغ وابدأ من يمين السطر التالي
6:120,6,الأنعام,120,143,416.0,553.5,143,416.0,553.0,CORRECT,مطابق,6:120,0.5,0.5,START_ANCHOR_OK_EXTRA_BLANK_TAIL_RECT,المرساة صحيحة لكن يوجد مستطيل زائد فوق فراغ قبل السطر التالي,False,True,احذف أول مستطيل الفارغ وابدأ من يمين السطر التالي
6:122,6,الأنعام,122,143,376.0,1143.25,143,376.0,1143.0,CORRECT,مطابق,6:122,0.25,0.25,START_ANCHOR_OK_EXTRA_BLANK_TAIL_RECT,المرساة صحيحة لكن يوجد مستطيل زائد فوق فراغ قبل السطر التالي,False,True,احذف أول مستطيل الفارغ وابدأ من يمين السطر التالي
6:126,6,الأنعام,126,144,497.5,550.0,144,474.5,550.0,CENTER_OFFSET,انحراف في مركز العلامة,6:126,23.0,23.0,START_ANCHOR_OK,مرساة البداية مطابقة لعلامة الآية السابقة,True,False,الموضع قريب من العلامة الصحيحة لكنه منحرف أكثر من 8 بكسل
6:127,6,الأنعام,127,144,322.5,667.75,144,322.5,667.0,CORRECT,مطابق,6:127,0.75,0.75,START_ANCHOR_WRONG_OR_MISSING,مرساة البداية خاطئة أو مفقودة,False,True,
6:130,6,الأنعام,130,144,48.75,1726.5,144,48.5,1726.0,CORRECT,مطابق,6:130,0.56,0.56,START_ANCHOR_OK_EXTRA_BLANK_TAIL_RECT,المرساة صحيحة لكن يوجد مستطيل زائد فوق فراغ قبل السطر التالي,False,True,احذف أول مستطيل الفارغ وابدأ من يمين السطر التالي
6:131,6,الأنعام,131,145,847.0,202.5,,,,MISSING_REGION,سجل مفقود,,,,START_ANCHOR_WRONG_OR_MISSING,مرساة البداية خاطئة أو مفقودة,True,True,
6:132,6,الأنعام,132,145,599.5,319.0,145,846.5,202.0,MISASSIGNED_TO_OTHER_AYAH,منسوب إلى علامة آية أخرى,6:131,273.31,0.71,START_ANCHOR_WRONG_OR_MISSING,مرساة البداية خاطئة أو مفقودة,True,True,الموضع المخزن أقرب إلى 6:131
6:133,6,الأنعام,133,145,49.0,556.25,145,599.0,319.0,MISASSIGNED_TO_OTHER_AYAH,منسوب إلى علامة آية أخرى,6:132,598.99,0.5,START_ANCHOR_WRONG_OR_MISSING,مرساة البداية خاطئة أو مفقودة,True,True,الموضع المخزن أقرب إلى 6:132
6:134,6,الأنعام,134,145,228.5,673.0,145,49.0,556.0,MISASSIGNED_TO_OTHER_AYAH,منسوب إلى علامة آية أخرى,6:133,214.26,0.25,START_ANCHOR_WRONG_OR_MISSING,مرساة البداية خاطئة أو مفقودة,True,True,الموضع المخزن أقرب إلى 6:133
6:135,6,الأنعام,135,145,50.5,908.25,145,228.5,673.0,MISASSIGNED_TO_OTHER_AYAH,منسوب إلى علامة آية أخرى,6:134,295.0,0.0,START_ANCHOR_WRONG_OR_MISSING,مرساة البداية خاطئة أو مفقودة,True,True,الموضع المخزن أقرب إلى 6:134
6:136,6,الأنعام,136,145,189.5,1379.75,145,50.0,908.0,MISASSIGNED_TO_OTHER_AYAH,منسوب إلى علامة آية أخرى,6:135,491.94,0.56,START_ANCHOR_WRONG_OR_MISSING,مرساة البداية خاطئة أو مفقودة,True,True,الموضع المخزن أقرب إلى 6:135
6:137,6,الأنعام,137,145,48.5,1732.25,145,190.0,1379.5,MISASSIGNED_TO_OTHER_AYAH,منسوب إلى علامة آية أخرى,6:136,380.07,0.56,START_ANCHOR_WRONG_OR_MISSING,مرساة البداية خاطئة أو مفقودة,True,True,الموضع المخزن أقرب إلى 6:136
6:144,6,الأنعام,144,147,261.5,897.5,147,261.5,897.0,CORRECT,مطابق,6:144,0.5,0.5,START_ANCHOR_OK_EXTRA_BLANK_TAIL_RECT,المرساة صحيحة لكن يوجد مستطيل زائد فوق فراغ قبل السطر التالي,False,True,احذف أول مستطيل الفارغ وابدأ من يمين السطر التالي
6:150,6,الأنعام,150,148,137.5,1126.25,148,115.0,1126.0,CENTER_OFFSET,انحراف في مركز العلامة,6:150,22.5,22.5,START_ANCHOR_OK,مرساة البداية مطابقة لعلامة الآية السابقة,True,False,الموضع قريب من العلامة الصحيحة لكنه منحرف أكثر من 8 بكسل
6:151,6,الأنعام,151,148,46.0,1715.25,148,46.0,1715.0,CORRECT,مطابق,6:151,0.25,0.25,START_ANCHOR_WRONG_OR_MISSING,مرساة البداية خاطئة أو مفقودة,False,True,
6:153,6,الأنعام,153,149,913.0,788.25,149,912.5,788.0,CORRECT,مطابق,6:153,0.56,0.56,START_ANCHOR_OK_EXTRA_BLANK_TAIL_RECT,المرساة صحيحة لكن يوجد مستطيل زائد فوق فراغ قبل السطر التالي,False,True,احذف أول مستطيل الفارغ وابدأ من يمين السطر التالي
6:157,6,الأنعام,157,149,49.5,1729.0,149,49.5,1728.0,CORRECT,مطابق,6:157,1.0,1.0,START_ANCHOR_OK_EXTRA_BLANK_TAIL_RECT,المرساة صحيحة لكن يوجد مستطيل زائد فوق فراغ قبل السطر التالي,False,True,احذف أول مستطيل الفارغ وابدأ من يمين السطر التالي
6:160,6,الأنعام,160,150,380.0,785.0,150,380.0,785.0,CORRECT,مطابق,6:160,0.0,0.0,START_ANCHOR_OK_EXTRA_BLANK_TAIL_RECT,المرساة صحيحة لكن يوجد مستطيل زائد فوق فراغ قبل السطر التالي,False,True,احذف أول مستطيل الفارغ وابدأ من يمين السطر التالي
6:164,6,الأنعام,164,150,393.5,1493.0,150,393.5,1492.5,CORRECT,مطابق,6:164,0.5,0.5,START_ANCHOR_OK_EXTRA_BLANK_TAIL_RECT,المرساة صحيحة لكن يوجد مستطيل زائد فوق فراغ قبل السطر التالي,False,True,احذف أول مستطيل الفارغ وابدأ من يمين السطر التالي
7:4,7,الأعراف,4,151,927.75,786.5,151,928.0,786.0,CORRECT,مطابق,7:4,0.56,0.56,START_ANCHOR_OK_EXTRA_BLANK_TAIL_RECT,المرساة صحيحة لكن يوجد مستطيل زائد فوق فراغ قبل السطر التالي,False,True,احذف أول مستطيل الفارغ وابدأ من يمين السطر التالي
7:8,7,الأعراف,8,151,852.5,1260.0,151,852.0,1259.5,CORRECT,مطابق,7:8,0.71,0.71,START_ANCHOR_OK_EXTRA_BLANK_TAIL_RECT,المرساة صحيحة لكن يوجد مستطيل زائد فوق فراغ قبل السطر التالي,False,True,احذف أول مستطيل الفارغ وابدأ من يمين السطر التالي
7:11,7,الأعراف,11,151,44.0,1732.25,151,44.0,1732.0,CORRECT,مطابق,7:11,0.25,0.25,START_ANCHOR_OK_EXTRA_BLANK_TAIL_RECT,المرساة صحيحة لكن يوجد مستطيل زائد فوق فراغ قبل السطر التالي,False,True,احذف أول مستطيل الفارغ وابدأ من يمين السطر التالي
7:15,7,الأعراف,15,152,663.5,439.5,152,663.5,439.0,CORRECT,مطابق,7:15,0.5,0.5,START_ANCHOR_OK_EXTRA_BLANK_TAIL_RECT,المرساة صحيحة لكن يوجد مستطيل زائد فوق فراغ قبل السطر التالي,False,True,احذف أول مستطيل الفارغ وابدأ من يمين السطر التالي
7:22,7,الأعراف,22,152,44.0,1733.75,152,44.0,1733.5,CORRECT,مطابق,7:22,0.25,0.25,START_ANCHOR_OK_EXTRA_BLANK_TAIL_RECT,المرساة صحيحة لكن يوجد مستطيل زائد فوق فراغ قبل السطر التالي,False,True,احذف أول مستطيل الفارغ وابدأ من يمين السطر التالي
7:28,7,الأعراف,28,153,44.0,1257.0,153,44.0,1256.5,CORRECT,مطابق,7:28,0.5,0.5,START_ANCHOR_OK_EXTRA_BLANK_TAIL_RECT,المرساة صحيحة لكن يوجد مستطيل زائد فوق فراغ قبل السطر التالي,False,True,احذف أول مستطيل الفارغ وابدأ من يمين السطر التالي
7:29,7,الأعراف,29,153,44.0,1494.0,153,44.0,1493.5,CORRECT,مطابق,7:29,0.5,0.5,START_ANCHOR_OK_EXTRA_BLANK_TAIL_RECT,المرساة صحيحة لكن يوجد مستطيل زائد فوق فراغ قبل السطر التالي,False,True,احذف أول مستطيل الفارغ وابدأ من يمين السطر التالي
7:30,7,الأعراف,30,153,43.5,1731.5,153,43.0,1731.0,CORRECT,مطابق,7:30,0.71,0.71,START_ANCHOR_OK_EXTRA_BLANK_TAIL_RECT,المرساة صحيحة لكن يوجد مستطيل زائد فوق فراغ قبل السطر التالي,False,True,احذف أول مستطيل الفارغ وابدأ من يمين السطر التالي
7:35,7,الأعراف,35,154,259.5,1134.75,154,259.5,1134.5,CORRECT,مطابق,7:35,0.25,0.25,START_ANCHOR_OK_EXTRA_BLANK_TAIL_RECT,المرساة صحيحة لكن يوجد مستطيل زائد فوق فراغ قبل السطر التالي,False,True,احذف أول مستطيل الفارغ وابدأ من يمين السطر التالي
7:39,7,الأعراف,39,155,246.0,671.5,155,246.0,671.0,CORRECT,مطابق,7:39,0.5,0.5,START_ANCHOR_OK_EXTRA_BLANK_TAIL_RECT,المرساة صحيحة لكن يوجد مستطيل زائد فوق فراغ قبل السطر التالي,False,True,احذف أول مستطيل الفارغ وابدأ من يمين السطر التالي
7:47,7,الأعراف,47,156,731.0,905.25,156,731.0,905.0,CORRECT,مطابق,7:47,0.25,0.25,START_ANCHOR_OK_EXTRA_BLANK_TAIL_RECT,المرساة صحيحة لكن يوجد مستطيل زائد فوق فراغ قبل السطر التالي,False,True,احذف أول مستطيل الفارغ وابدأ من يمين السطر التالي
7:49,7,الأعراف,49,156,535.0,1258.0,156,535.0,1258.0,CORRECT,مطابق,7:49,0.0,0.0,START_ANCHOR_OK_EXTRA_BLANK_TAIL_RECT,المرساة صحيحة لكن يوجد مستطيل زائد فوق فراغ قبل السطر التالي,False,True,احذف أول مستطيل الفارغ وابدأ من يمين السطر التالي
7:55,7,الأعراف,55,157,44.5,1127.75,157,44.5,1127.0,CORRECT,مطابق,7:55,0.75,0.75,START_ANCHOR_OK_EXTRA_BLANK_TAIL_RECT,المرساة صحيحة لكن يوجد مستطيل زائد فوق فراغ قبل السطر التالي,False,True,احذف أول مستطيل الفارغ وابدأ من يمين السطر التالي
7:56,7,الأعراف,56,157,386.5,1361.0,157,386.5,1360.5,CORRECT,مطابق,7:56,0.5,0.5,START_ANCHOR_OK_EXTRA_BLANK_TAIL_RECT,المرساة صحيحة لكن يوجد مستطيل زائد فوق فراغ قبل السطر التالي,False,True,احذف أول مستطيل الفارغ وابدأ من يمين السطر التالي
7:59,7,الأعراف,59,158,41.0,429.5,158,41.0,429.0,CORRECT,مطابق,7:59,0.5,0.5,START_ANCHOR_OK_EXTRA_BLANK_TAIL_RECT,المرساة صحيحة لكن يوجد مستطيل زائد فوق فراغ قبل السطر التالي,False,True,احذف أول مستطيل الفارغ وابدأ من يمين السطر التالي
7:60,7,الأعراف,60,158,228.5,546.5,158,228.0,546.0,CORRECT,مطابق,7:60,0.71,0.71,START_ANCHOR_OK_EXTRA_BLANK_TAIL_RECT,المرساة صحيحة لكن يوجد مستطيل زائد فوق فراغ قبل السطر التالي,False,True,احذف أول مستطيل الفارغ وابدأ من يمين السطر التالي
7:62,7,الأعراف,62,158,806.5,898.75,158,806.5,898.5,CORRECT,مطابق,7:62,0.25,0.25,START_ANCHOR_OK_EXTRA_BLANK_TAIL_RECT,المرساة صحيحة لكن يوجد مستطيل زائد فوق فراغ قبل السطر التالي,False,True,احذف أول مستطيل الفارغ وابدأ من يمين السطر التالي
7:64,7,الأعراف,64,158,174.5,1252.25,158,174.0,1252.0,CORRECT,مطابق,7:64,0.56,0.56,START_ANCHOR_OK_EXTRA_BLANK_TAIL_RECT,المرساة صحيحة لكن يوجد مستطيل زائد فوق فراغ قبل السطر التالي,False,True,احذف أول مستطيل الفارغ وابدأ من يمين السطر التالي
7:67,7,الأعراف,67,158,41.5,1723.75,158,41.5,1723.5,CORRECT,مطابق,7:67,0.25,0.25,START_ANCHOR_OK_EXTRA_BLANK_TAIL_RECT,المرساة صحيحة لكن يوجد مستطيل زائد فوق فراغ قبل السطر التالي,False,True,احذف أول مستطيل الفارغ وابدأ من يمين السطر التالي
7:70,7,الأعراف,70,159,48.5,669.0,159,49.0,668.5,CORRECT,مطابق,7:70,0.71,0.71,START_ANCHOR_OK_EXTRA_BLANK_TAIL_RECT,المرساة صحيحة لكن يوجد مستطيل زائد فوق فراغ قبل السطر التالي,False,True,احذف أول مستطيل الفارغ وابدأ من يمين السطر التالي
7:71,7,الأعراف,71,159,838.0,1142.5,159,838.0,1142.0,CORRECT,مطابق,7:71,0.5,0.5,START_ANCHOR_OK_EXTRA_BLANK_TAIL_RECT,المرساة صحيحة لكن يوجد مستطيل زائد فوق فراغ قبل السطر التالي,False,True,احذف أول مستطيل الفارغ وابدأ من يمين السطر التالي
7:73,7,الأعراف,73,159,47.5,1734.5,159,47.5,1734.0,CORRECT,مطابق,7:73,0.5,0.5,START_ANCHOR_OK_EXTRA_BLANK_TAIL_RECT,المرساة صحيحة لكن يوجد مستطيل زائد فوق فراغ قبل السطر التالي,False,True,احذف أول مستطيل الفارغ وابدأ من يمين السطر التالي
7:80,7,الأعراف,80,160,515.5,1609.75,160,515.5,1609.5,CORRECT,مطابق,7:80,0.25,0.25,START_ANCHOR_OK_EXTRA_BLANK_TAIL_RECT,المرساة صحيحة لكن يوجد مستطيل زائد فوق فراغ قبل السطر التالي,False,True,احذف أول مستطيل الفارغ وابدأ من يمين السطر التالي
7:85,7,الأعراف,85,161,127.5,1023.5,161,127.0,1023.0,CORRECT,مطابق,7:85,0.71,0.71,START_ANCHOR_OK_EXTRA_BLANK_TAIL_RECT,المرساة صحيحة لكن يوجد مستطيل زائد فوق فراغ قبل السطر التالي,False,True,احذف أول مستطيل الفارغ وابدأ من يمين السطر التالي
7:91,7,الأعراف,91,162,187.0,910.0,162,187.0,909.5,CORRECT,مطابق,7:91,0.5,0.5,START_ANCHOR_OK_EXTRA_BLANK_TAIL_RECT,المرساة صحيحة لكن يوجد مستطيل زائد فوق فراغ قبل السطر التالي,False,True,احذف أول مستطيل الفارغ وابدأ من يمين السطر التالي
7:101,7,الأعراف,101,163,242.5,1258.5,163,242.5,1258.0,CORRECT,مطابق,7:101,0.5,0.5,START_ANCHOR_OK_EXTRA_BLANK_TAIL_RECT,المرساة صحيحة لكن يوجد مستطيل زائد فوق فراغ قبل السطر التالي,False,True,احذف أول مستطيل الفارغ وابدأ من يمين السطر التالي
7:103,7,الأعراف,103,163,44.5,1612.0,163,44.5,1611.5,CORRECT,مطابق,7:103,0.5,0.5,START_ANCHOR_OK_EXTRA_BLANK_TAIL_RECT,المرساة صحيحة لكن يوجد مستطيل زائد فوق فراغ قبل السطر التالي,False,True,احذف أول مستطيل الفارغ وابدأ من يمين السطر التالي
7:104,7,الأعراف,104,163,46.5,1729.5,163,46.0,1729.0,CORRECT,مطابق,7:104,0.71,0.71,START_ANCHOR_OK_EXTRA_BLANK_TAIL_RECT,المرساة صحيحة لكن يوجد مستطيل زائد فوق فراغ قبل السطر التالي,False,True,احذف أول مستطيل الفارغ وابدأ من يمين السطر التالي
7:111,7,الأعراف,111,164,157.5,786.5,164,157.5,786.0,CORRECT,مطابق,7:111,0.5,0.5,START_ANCHOR_OK_EXTRA_BLANK_TAIL_RECT,المرساة صحيحة لكن يوجد مستطيل زائد فوق فراغ قبل السطر التالي,False,True,احذف أول مستطيل الفارغ وابدأ من يمين السطر التالي
7:117,7,الأعراف,117,164,42.5,1493.0,164,42.5,1492.5,CORRECT,مطابق,7:117,0.5,0.5,START_ANCHOR_OK_EXTRA_BLANK_TAIL_RECT,المرساة صحيحة لكن يوجد مستطيل زائد فوق فراغ قبل السطر التالي,False,True,احذف أول مستطيل الفارغ وابدأ من يمين السطر التالي
7:118,7,الأعراف,118,164,194.5,1612.5,164,194.0,1612.0,CORRECT,مطابق,7:118,0.71,0.71,START_ANCHOR_OK_EXTRA_BLANK_TAIL_RECT,المرساة صحيحة لكن يوجد مستطيل زائد فوق فراغ قبل السطر التالي,False,True,احذف أول مستطيل الفارغ وابدأ من يمين السطر التالي
7:124,7,الأعراف,124,165,905.0,551.25,165,905.0,551.0,CORRECT,مطابق,7:124,0.25,0.25,START_ANCHOR_OK_EXTRA_BLANK_TAIL_RECT,المرساة صحيحة لكن يوجد مستطيل زائد فوق فراغ قبل السطر التالي,False,True,احذف أول مستطيل الفارغ وابدأ من يمين السطر التالي
7:128,7,الأعراف,128,165,45.75,1255.75,165,45.5,1255.5,CORRECT,مطابق,7:128,0.35,0.35,START_ANCHOR_OK_EXTRA_BLANK_TAIL_RECT,المرساة صحيحة لكن يوجد مستطيل زائد فوق فراغ قبل السطر التالي,False,True,احذف أول مستطيل الفارغ وابدأ من يمين السطر التالي
7:129,7,الأعراف,129,165,562.5,1612.5,165,562.0,1612.0,CORRECT,مطابق,7:129,0.71,0.71,START_ANCHOR_OK_EXTRA_BLANK_TAIL_RECT,المرساة صحيحة لكن يوجد مستطيل زائد فوق فراغ قبل السطر التالي,False,True,احذف أول مستطيل الفارغ وابدأ من يمين السطر التالي
7:134,7,الأعراف,134,166,499.0,1014.75,166,499.0,1014.0,CORRECT,مطابق,7:134,0.75,0.75,START_ANCHOR_OK_EXTRA_BLANK_TAIL_RECT,المرساة صحيحة لكن يوجد مستطيل زائد فوق فراغ قبل السطر التالي,False,True,احذف أول مستطيل الفارغ وابدأ من يمين السطر التالي
7:149,7,الأعراف,149,168,49.25,1725.25,168,49.0,1725.0,CORRECT,مطابق,7:149,0.35,0.35,START_ANCHOR_OK_EXTRA_BLANK_TAIL_RECT,المرساة صحيحة لكن يوجد مستطيل زائد فوق فراغ قبل السطر التالي,False,True,احذف أول مستطيل الفارغ وابدأ من يمين السطر التالي
7:154,7,الأعراف,154,169,331.5,1259.0,169,331.5,1258.5,CORRECT,مطابق,7:154,0.5,0.5,START_ANCHOR_OK_EXTRA_BLANK_TAIL_RECT,المرساة صحيحة لكن يوجد مستطيل زائد فوق فراغ قبل السطر التالي,False,True,احذف أول مستطيل الفارغ وابدأ من يمين السطر التالي
7:158,7,الأعراف,158,170,146.0,1603.25,170,145.5,1603.0,CORRECT,مطابق,7:158,0.56,0.56,START_ANCHOR_OK_EXTRA_BLANK_TAIL_RECT,المرساة صحيحة لكن يوجد مستطيل زائد فوق فراغ قبل السطر التالي,False,True,احذف أول مستطيل الفارغ وابدأ من يمين السطر التالي
7:161,7,الأعراف,161,171,48.0,1019.75,171,48.0,1019.0,CORRECT,مطابق,7:161,0.75,0.75,START_ANCHOR_OK_EXTRA_BLANK_TAIL_RECT,المرساة صحيحة لكن يوجد مستطيل زائد فوق فراغ قبل السطر التالي,False,True,احذف أول مستطيل الفارغ وابدأ من يمين السطر التالي
7:162,7,الأعراف,162,171,819.5,1374.5,171,819.5,1374.0,CORRECT,مطابق,7:162,0.5,0.5,START_ANCHOR_OK_EXTRA_BLANK_TAIL_RECT,المرساة صحيحة لكن يوجد مستطيل زائد فوق فراغ قبل السطر التالي,False,True,احذف أول مستطيل الفارغ وابدأ من يمين السطر التالي
7:165,7,الأعراف,165,172,46.5,432.0,172,46.5,431.5,CORRECT,مطابق,7:165,0.5,0.5,START_ANCHOR_OK_EXTRA_BLANK_TAIL_RECT,المرساة صحيحة لكن يوجد مستطيل زائد فوق فراغ قبل السطر التالي,False,True,احذف أول مستطيل الفارغ وابدأ من يمين السطر التالي
7:166,7,الأعراف,166,172,46.5,548.5,172,46.5,548.0,CORRECT,مطابق,7:166,0.5,0.5,START_ANCHOR_OK_EXTRA_BLANK_TAIL_RECT,المرساة صحيحة لكن يوجد مستطيل زائد فوق فراغ قبل السطر التالي,False,True,احذف أول مستطيل الفارغ وابدأ من يمين السطر التالي
7:167,7,الأعراف,167,172,45.5,784.75,172,45.0,784.5,CORRECT,مطابق,7:167,0.56,0.56,START_ANCHOR_OK_EXTRA_BLANK_TAIL_RECT,المرساة صحيحة لكن يوجد مستطيل زائد فوق فراغ قبل السطر التالي,False,True,احذف أول مستطيل الفارغ وابدأ من يمين السطر التالي
7:168,7,الأعراف,168,172,865.25,1139.5,172,865.0,1139.0,CORRECT,مطابق,7:168,0.56,0.56,START_ANCHOR_OK_EXTRA_BLANK_TAIL_RECT,المرساة صحيحة لكن يوجد مستطيل زائد فوق فراغ قبل السطر التالي,False,True,احذف أول مستطيل الفارغ وابدأ من يمين السطر التالي
7:172,7,الأعراف,172,173,404.5,552.5,173,404.5,552.0,CORRECT,مطابق,7:172,0.5,0.5,START_ANCHOR_OK_EXTRA_BLANK_TAIL_RECT,المرساة صحيحة لكن يوجد مستطيل زائد فوق فراغ قبل السطر التالي,False,True,احذف أول مستطيل الفارغ وابدأ من يمين السطر التالي
7:185,7,الأعراف,185,174,774.25,1258.5,174,774.0,1258.0,CORRECT,مطابق,7:185,0.56,0.56,START_ANCHOR_OK_EXTRA_BLANK_TAIL_RECT,المرساة صحيحة لكن يوجد مستطيل زائد فوق فراغ قبل السطر التالي,False,True,احذف أول مستطيل الفارغ وابدأ من يمين السطر التالي
7:188,7,الأعراف,188,175,387.0,313.75,175,367.5,313.0,CENTER_OFFSET,انحراف في مركز العلامة,7:188,19.51,19.51,PAGE_START_OK_APPROX_TOP_LINE,بداية صفحة سليمة مع إحداثي علوي تقريبي,True,False,الموضع قريب من العلامة الصحيحة لكنه منحرف أكثر من 8 بكسل
7:189,7,الأعراف,189,175,46.0,668.25,175,45.5,668.0,CORRECT,مطابق,7:189,0.56,0.56,START_ANCHOR_WRONG_OR_MISSING,مرساة البداية خاطئة أو مفقودة,False,True,
7:190,7,الأعراف,190,175,783.5,902.5,175,783.0,902.0,CORRECT,مطابق,7:190,0.71,0.71,START_ANCHOR_OK_EXTRA_BLANK_TAIL_RECT,المرساة صحيحة لكن يوجد مستطيل زائد فوق فراغ قبل السطر التالي,False,True,احذف أول مستطيل الفارغ وابدأ من يمين السطر التالي
7:192,7,الأعراف,192,175,45.0,1019.75,175,45.0,1019.5,CORRECT,مطابق,7:192,0.25,0.25,START_ANCHOR_OK_EXTRA_BLANK_TAIL_RECT,المرساة صحيحة لكن يوجد مستطيل زائد فوق فراغ قبل السطر التالي,False,True,احذف أول مستطيل الفارغ وابدأ من يمين السطر التالي
7:193,7,الأعراف,193,175,748.0,1257.5,175,747.5,1257.0,CORRECT,مطابق,7:193,0.71,0.71,START_ANCHOR_OK_EXTRA_BLANK_TAIL_RECT,المرساة صحيحة لكن يوجد مستطيل زائد فوق فراغ قبل السطر التالي,False,True,احذف أول مستطيل الفارغ وابدأ من يمين السطر التالي
7:197,7,الأعراف,197,176,641.0,314.5,176,641.0,314.0,CORRECT,مطابق,7:197,0.5,0.5,START_ANCHOR_OK_EXTRA_BLANK_TAIL_RECT,المرساة صحيحة لكن يوجد مستطيل زائد فوق فراغ قبل السطر التالي,False,True,احذف أول مستطيل الفارغ وابدأ من يمين السطر التالي
7:206,7,الأعراف,206,176,43.0,1731.0,176,65.0,1731.0,CENTER_OFFSET,انحراف في مركز العلامة,7:206,22.0,22.0,START_ANCHOR_OK,مرساة البداية مطابقة لعلامة الآية السابقة,True,False,الموضع قريب من العلامة الصحيحة لكنه منحرف أكثر من 8 بكسل
8:1,8,الأنفال,1,177,893.75,551.5,177,894.0,551.0,CORRECT,مطابق,8:1,0.56,0.56,MULTILINE_SURAH_START_TRUNCATED,بداية سورة متعددة الأسطر؛ الأسطر الأولى غير مشمولة,False,True,المولد الحالي يبدأ من سطر النهاية ويفقد الأسطر السابقة
8:6,8,الأنفال,6,177,796.5,1378.25,177,796.0,1378.0,CORRECT,مطابق,8:6,0.56,0.56,START_ANCHOR_OK_EXTRA_BLANK_TAIL_RECT,المرساة صحيحة لكن يوجد مستطيل زائد فوق فراغ قبل السطر التالي,False,True,احذف أول مستطيل الفارغ وابدأ من يمين السطر التالي
8:8,8,الأنفال,8,177,42.75,1725.5,177,43.0,1725.0,CORRECT,مطابق,8:8,0.56,0.56,START_ANCHOR_OK_EXTRA_BLANK_TAIL_RECT,المرساة صحيحة لكن يوجد مستطيل زائد فوق فراغ قبل السطر التالي,False,True,احذف أول مستطيل الفارغ وابدأ من يمين السطر التالي
8:12,8,الأنفال,12,178,278.0,1016.75,178,278.0,1016.0,CORRECT,مطابق,8:12,0.75,0.75,START_ANCHOR_OK_EXTRA_BLANK_TAIL_RECT,المرساة صحيحة لكن يوجد مستطيل زائد فوق فراغ قبل السطر التالي,False,True,احذف أول مستطيل الفارغ وابدأ من يمين السطر التالي
8:20,8,الأنفال,20,179,752.0,905.75,179,752.0,905.5,CORRECT,مطابق,8:20,0.25,0.25,START_ANCHOR_OK_EXTRA_BLANK_TAIL_RECT,المرساة صحيحة لكن يوجد مستطيل زائد فوق فراغ قبل السطر التالي,False,True,احذف أول مستطيل الفارغ وابدأ من يمين السطر التالي
8:28,8,الأنفال,28,180,677.5,672.5,180,677.5,672.0,CORRECT,مطابق,8:28,0.5,0.5,START_ANCHOR_OK_EXTRA_BLANK_TAIL_RECT,المرساة صحيحة لكن يوجد مستطيل زائد فوق فراغ قبل السطر التالي,False,True,احذف أول مستطيل الفارغ وابدأ من يمين السطر التالي
8:52,8,الأنفال,52,183,39.5,1722.0,183,39.0,1722.0,CORRECT,مطابق,8:52,0.5,0.5,START_ANCHOR_OK_EXTRA_BLANK_TAIL_RECT,المرساة صحيحة لكن يوجد مستطيل زائد فوق فراغ قبل السطر التالي,False,True,احذف أول مستطيل الفارغ وابدأ من يمين السطر التالي
8:55,8,الأنفال,55,184,45.5,546.5,184,45.0,546.0,CORRECT,مطابق,8:55,0.71,0.71,START_ANCHOR_OK_EXTRA_BLANK_TAIL_RECT,المرساة صحيحة لكن يوجد مستطيل زائد فوق فراغ قبل السطر التالي,False,True,احذف أول مستطيل الفارغ وابدأ من يمين السطر التالي
8:56,8,الأنفال,56,184,668.5,780.75,184,668.5,780.0,CORRECT,مطابق,8:56,0.75,0.75,START_ANCHOR_OK_EXTRA_BLANK_TAIL_RECT,المرساة صحيحة لكن يوجد مستطيل زائد فوق فراغ قبل السطر التالي,False,True,احذف أول مستطيل الفارغ وابدأ من يمين السطر التالي
8:59,8,الأنفال,59,184,45.5,1133.5,184,45.0,1133.0,CORRECT,مطابق,8:59,0.71,0.71,START_ANCHOR_OK_EXTRA_BLANK_TAIL_RECT,المرساة صحيحة لكن يوجد مستطيل زائد فوق فراغ قبل السطر التالي,False,True,احذف أول مستطيل الفارغ وابدأ من يمين السطر التالي
8:60,8,الأنفال,60,184,388.0,1603.5,184,388.0,1603.0,CORRECT,مطابق,8:60,0.5,0.5,START_ANCHOR_OK_EXTRA_BLANK_TAIL_RECT,المرساة صحيحة لكن يوجد مستطيل زائد فوق فراغ قبل السطر التالي,False,True,احذف أول مستطيل الفارغ وابدأ من يمين السطر التالي
9:2,9,التوبة,2,187,473.5,444.5,187,473.5,444.0,CORRECT,مطابق,9:2,0.5,0.5,START_ANCHOR_OK_EXTRA_BLANK_TAIL_RECT,المرساة صحيحة لكن يوجد مستطيل زائد فوق فراغ قبل السطر التالي,False,True,احذف أول مستطيل الفارغ وابدأ من يمين السطر التالي
9:4,9,التوبة,4,187,579.25,1150.5,187,579.0,1150.0,CORRECT,مطابق,9:4,0.56,0.56,START_ANCHOR_OK_EXTRA_BLANK_TAIL_RECT,المرساة صحيحة لكن يوجد مستطيل زائد فوق فراغ قبل السطر التالي,False,True,احذف أول مستطيل الفارغ وابدأ من يمين السطر التالي
9:8,9,التوبة,8,188,873.5,668.75,188,874.0,668.5,CORRECT,مطابق,9:8,0.56,0.56,START_ANCHOR_OK_EXTRA_BLANK_TAIL_RECT,المرساة صحيحة لكن يوجد مستطيل زائد فوق فراغ قبل السطر التالي,False,True,احذف أول مستطيل الفارغ وابدأ من يمين السطر التالي
9:16,9,التوبة,16,189,666.5,668.75,189,666.5,668.5,CORRECT,مطابق,9:16,0.25,0.25,START_ANCHOR_OK_EXTRA_BLANK_TAIL_RECT,المرساة صحيحة لكن يوجد مستطيل زائد فوق فراغ قبل السطر التالي,False,True,احذف أول مستطيل الفارغ وابدأ من يمين السطر التالي
9:20,9,التوبة,20,189,49.5,1732.5,189,49.5,1732.0,CORRECT,مطابق,9:20,0.5,0.5,START_ANCHOR_OK_EXTRA_BLANK_TAIL_RECT,المرساة صحيحة لكن يوجد مستطيل زائد فوق فراغ قبل السطر التالي,False,True,احذف أول مستطيل الفارغ وابدأ من يمين السطر التالي
9:38,9,التوبة,38,193,498.5,907.5,193,498.5,907.0,CORRECT,مطابق,9:38,0.5,0.5,START_ANCHOR_OK_EXTRA_BLANK_TAIL_RECT,المرساة صحيحة لكن يوجد مستطيل زائد فوق فراغ قبل السطر التالي,False,True,احذف أول مستطيل الفارغ وابدأ من يمين السطر التالي
9:42,9,التوبة,42,194,601.5,660.0,194,601.5,659.5,CORRECT,مطابق,9:42,0.5,0.5,START_ANCHOR_OK_EXTRA_BLANK_TAIL_RECT,المرساة صحيحة لكن يوجد مستطيل زائد فوق فراغ قبل السطر التالي,False,True,احذف أول مستطيل الفارغ وابدأ من يمين السطر التالي
9:44,9,التوبة,44,194,46.5,1014.25,194,47.0,1014.0,CORRECT,مطابق,9:44,0.56,0.56,START_ANCHOR_OK_EXTRA_BLANK_TAIL_RECT,المرساة صحيحة لكن يوجد مستطيل زائد فوق فراغ قبل السطر التالي,False,True,احذف أول مستطيل الفارغ وابدأ من يمين السطر التالي
9:45,9,التوبة,45,194,152.0,1247.75,194,152.0,1247.5,CORRECT,مطابق,9:45,0.25,0.25,START_ANCHOR_OK_EXTRA_BLANK_TAIL_RECT,المرساة صحيحة لكن يوجد مستطيل زائد فوق فراغ قبل السطر التالي,False,True,احذف أول مستطيل الفارغ وابدأ من يمين السطر التالي
9:56,9,التوبة,56,196,798.0,438.75,196,798.0,438.5,CORRECT,مطابق,9:56,0.25,0.25,START_ANCHOR_OK_EXTRA_BLANK_TAIL_RECT,المرساة صحيحة لكن يوجد مستطيل زائد فوق فراغ قبل السطر التالي,False,True,احذف أول مستطيل الفارغ وابدأ من يمين السطر التالي
9:72,9,التوبة,72,198,47.0,1725.5,198,47.0,1725.0,CORRECT,مطابق,9:72,0.5,0.5,START_ANCHOR_OK_EXTRA_BLANK_TAIL_RECT,المرساة صحيحة لكن يوجد مستطيل زائد فوق فراغ قبل السطر التالي,False,True,احذف أول مستطيل الفارغ وابدأ من يمين السطر التالي
9:76,9,التوبة,76,199,848.0,1140.25,199,848.0,1140.0,CORRECT,مطابق,9:76,0.25,0.25,START_ANCHOR_OK_EXTRA_BLANK_TAIL_RECT,المرساة صحيحة لكن يوجد مستطيل زائد فوق فراغ قبل السطر التالي,False,True,احذف أول مستطيل الفارغ وابدأ من يمين السطر التالي
9:78,9,التوبة,78,199,768.0,1492.0,199,767.5,1492.0,CORRECT,مطابق,9:78,0.5,0.5,START_ANCHOR_OK_EXTRA_BLANK_TAIL_RECT,المرساة صحيحة لكن يوجد مستطيل زائد فوق فراغ قبل السطر التالي,False,True,احذف أول مستطيل الفارغ وابدأ من يمين السطر التالي
9:85,9,التوبة,85,200,130.0,1489.5,200,130.0,1489.0,CORRECT,مطابق,9:85,0.5,0.5,START_ANCHOR_OK_EXTRA_BLANK_TAIL_RECT,المرساة صحيحة لكن يوجد مستطيل زائد فوق فراغ قبل السطر التالي,False,True,احذف أول مستطيل الفارغ وابدأ من يمين السطر التالي
9:90,9,التوبة,90,201,971.5,894.75,201,971.5,894.5,CORRECT,مطابق,9:90,0.25,0.25,START_ANCHOR_OK_EXTRA_BLANK_TAIL_RECT,المرساة صحيحة لكن يوجد مستطيل زائد فوق فراغ قبل السطر التالي,False,True,احذف أول مستطيل الفارغ وابدأ من يمين السطر التالي
9:92,9,التوبة,92,201,467.0,1482.75,201,467.0,1482.5,CORRECT,مطابق,9:92,0.25,0.25,START_ANCHOR_OK_EXTRA_BLANK_TAIL_RECT,المرساة صحيحة لكن يوجد مستطيل زائد فوق فراغ قبل السطر التالي,False,True,احذف أول مستطيل الفارغ وابدأ من يمين السطر التالي
9:97,9,التوبة,97,202,147.5,1140.0,202,147.0,1140.0,CORRECT,مطابق,9:97,0.5,0.5,START_ANCHOR_OK_EXTRA_BLANK_TAIL_RECT,المرساة صحيحة لكن يوجد مستطيل زائد فوق فراغ قبل السطر التالي,False,True,احذف أول مستطيل الفارغ وابدأ من يمين السطر التالي
9:103,9,التوبة,103,203,294.5,1136.0,203,294.0,1136.0,CORRECT,مطابق,9:103,0.5,0.5,START_ANCHOR_OK_EXTRA_BLANK_TAIL_RECT,المرساة صحيحة لكن يوجد مستطيل زائد فوق فراغ قبل السطر التالي,False,True,احذف أول مستطيل الفارغ وابدأ من يمين السطر التالي
9:111,9,التوبة,111,204,46.5,1729.75,204,46.5,1729.0,CORRECT,مطابق,9:111,0.75,0.75,START_ANCHOR_OK_EXTRA_BLANK_TAIL_RECT,المرساة صحيحة لكن يوجد مستطيل زائد فوق فراغ قبل السطر التالي,False,True,احذف أول مستطيل الفارغ وابدأ من يمين السطر التالي
9:117,9,التوبة,117,205,44.0,1722.75,205,44.0,1722.5,CORRECT,مطابق,9:117,0.25,0.25,START_ANCHOR_OK_EXTRA_BLANK_TAIL_RECT,المرساة صحيحة لكن يوجد مستطيل زائد فوق فراغ قبل السطر التالي,False,True,احذف أول مستطيل الفارغ وابدأ من يمين السطر التالي
9:121,9,التوبة,121,206,849.0,1490.75,206,848.5,1490.5,CORRECT,مطابق,9:121,0.56,0.56,START_ANCHOR_OK_EXTRA_BLANK_TAIL_RECT,المرساة صحيحة لكن يوجد مستطيل زائد فوق فراغ قبل السطر التالي,False,True,احذف أول مستطيل الفارغ وابدأ من يمين السطر التالي
9:125,9,التوبة,125,207,284.5,790.0,207,284.5,790.0,CORRECT,مطابق,9:125,0.0,0.0,START_ANCHOR_OK_EXTRA_BLANK_TAIL_RECT,المرساة صحيحة لكن يوجد مستطيل زائد فوق فراغ قبل السطر التالي,False,True,احذف أول مستطيل الفارغ وابدأ من يمين السطر التالي
10:4,10,يونس,4,208,45.0,1255.5,208,45.0,1255.0,CORRECT,مطابق,10:4,0.5,0.5,START_ANCHOR_OK_EXTRA_BLANK_TAIL_RECT,المرساة صحيحة لكن يوجد مستطيل زائد فوق فراغ قبل السطر التالي,False,True,احذف أول مستطيل الفارغ وابدأ من يمين السطر التالي
10:5,10,يونس,5,208,549.0,1611.5,208,549.0,1611.0,CORRECT,مطابق,10:5,0.5,0.5,START_ANCHOR_OK_EXTRA_BLANK_TAIL_RECT,المرساة صحيحة لكن يوجد مستطيل زائد فوق فراغ قبل السطر التالي,False,True,احذف أول مستطيل الفارغ وابدأ من يمين السطر التالي
10:17,10,يونس,17,210,497.5,900.5,210,497.5,900.0,CORRECT,مطابق,10:17,0.5,0.5,START_ANCHOR_OK_EXTRA_BLANK_TAIL_RECT,المرساة صحيحة لكن يوجد مستطيل زائد فوق فراغ قبل السطر التالي,False,True,احذف أول مستطيل الفارغ وابدأ من يمين السطر التالي
10:20,10,يونس,20,210,47.25,1726.5,210,47.0,1726.0,CORRECT,مطابق,10:20,0.56,0.56,START_ANCHOR_OK_EXTRA_BLANK_TAIL_RECT,المرساة صحيحة لكن يوجد مستطيل زائد فوق فراغ قبل السطر التالي,False,True,احذف أول مستطيل الفارغ وابدأ من يمين السطر التالي
10:22,10,يونس,22,211,811.0,782.5,211,811.0,782.0,CORRECT,مطابق,10:22,0.5,0.5,START_ANCHOR_OK_EXTRA_BLANK_TAIL_RECT,المرساة صحيحة لكن يوجد مستطيل زائد فوق فراغ قبل السطر التالي,False,True,احذف أول مستطيل الفارغ وابدأ من يمين السطر التالي
10:24,10,يونس,24,211,245.0,1606.25,211,245.0,1606.0,CORRECT,مطابق,10:24,0.25,0.25,START_ANCHOR_OK_EXTRA_BLANK_TAIL_RECT,المرساة صحيحة لكن يوجد مستطيل زائد فوق فراغ قبل السطر التالي,False,True,احذف أول مستطيل الفارغ وابدأ من يمين السطر التالي
10:30,10,يونس,30,212,382.0,1147.5,212,382.0,1147.0,CORRECT,مطابق,10:30,0.5,0.5,START_ANCHOR_OK_EXTRA_BLANK_TAIL_RECT,المرساة صحيحة لكن يوجد مستطيل زائد فوق فراغ قبل السطر التالي,False,True,احذف أول مستطيل الفارغ وابدأ من يمين السطر التالي
10:36,10,يونس,36,213,622.5,665.5,213,622.0,665.0,CORRECT,مطابق,10:36,0.71,0.71,START_ANCHOR_OK_EXTRA_BLANK_TAIL_RECT,المرساة صحيحة لكن يوجد مستطيل زائد فوق فراغ قبل السطر التالي,False,True,احذف أول مستطيل الفارغ وابدأ من يمين السطر التالي
10:39,10,يونس,39,213,43.5,1254.0,213,43.5,1253.5,CORRECT,مطابق,10:39,0.5,0.5,START_ANCHOR_OK_EXTRA_BLANK_TAIL_RECT,المرساة صحيحة لكن يوجد مستطيل زائد فوق فراغ قبل السطر التالي,False,True,احذف أول مستطيل الفارغ وابدأ من يمين السطر التالي
10:40,10,يونس,40,213,830.5,1489.25,213,831.0,1489.0,CORRECT,مطابق,10:40,0.56,0.56,START_ANCHOR_OK_EXTRA_BLANK_TAIL_RECT,المرساة صحيحة لكن يوجد مستطيل زائد فوق فراغ قبل السطر التالي,False,True,احذف أول مستطيل الفارغ وابدأ من يمين السطر التالي
10:44,10,يونس,44,214,883.0,310.0,214,883.0,309.5,CORRECT,مطابق,10:44,0.5,0.5,START_ANCHOR_OK_EXTRA_BLANK_TAIL_RECT,المرساة صحيحة لكن يوجد مستطيل زائد فوق فراغ قبل السطر التالي,False,True,احذف أول مستطيل الفارغ وابدأ من يمين السطر التالي
10:49,10,يونس,49,214,46.5,1136.0,214,46.5,1135.5,CORRECT,مطابق,10:49,0.5,0.5,START_ANCHOR_OK_EXTRA_BLANK_TAIL_RECT,المرساة صحيحة لكن يوجد مستطيل زائد فوق فراغ قبل السطر التالي,False,True,احذف أول مستطيل الفارغ وابدأ من يمين السطر التالي
10:50,10,يونس,50,214,866.75,1374.5,214,867.0,1374.0,CORRECT,مطابق,10:50,0.56,0.56,START_ANCHOR_OK_EXTRA_BLANK_TAIL_RECT,المرساة صحيحة لكن يوجد مستطيل زائد فوق فراغ قبل السطر التالي,False,True,احذف أول مستطيل الفارغ وابدأ من يمين السطر التالي
10:58,10,يونس,58,215,841.0,897.0,215,841.0,896.5,CORRECT,مطابق,10:58,0.5,0.5,START_ANCHOR_OK_EXTRA_BLANK_TAIL_RECT,المرساة صحيحة لكن يوجد مستطيل زائد فوق فراغ قبل السطر التالي,False,True,احذف أول مستطيل الفارغ وابدأ من يمين السطر التالي
10:63,10,يونس,63,216,362.5,201.25,216,362.5,201.0,CORRECT,مطابق,10:63,0.25,0.25,START_ANCHOR_OK_EXTRA_BLANK_TAIL_RECT,المرساة صحيحة لكن يوجد مستطيل زائد فوق فراغ قبل السطر التالي,False,True,احذف أول مستطيل الفارغ وابدأ من يمين السطر التالي
10:73,10,يونس,73,217,45.0,786.25,217,45.0,786.0,CORRECT,مطابق,10:73,0.25,0.25,START_ANCHOR_OK_EXTRA_BLANK_TAIL_RECT,المرساة صحيحة لكن يوجد مستطيل زائد فوق فراغ قبل السطر التالي,False,True,احذف أول مستطيل الفارغ وابدأ من يمين السطر التالي
10:74,10,يونس,74,217,849.5,1139.5,217,850.0,1139.0,CORRECT,مطابق,10:74,0.71,0.71,START_ANCHOR_OK_EXTRA_BLANK_TAIL_RECT,المرساة صحيحة لكن يوجد مستطيل زائد فوق فراغ قبل السطر التالي,False,True,احذف أول مستطيل الفارغ وابدأ من يمين السطر التالي
10:76,10,يونس,76,217,44.5,1373.75,217,44.5,1373.0,CORRECT,مطابق,10:76,0.75,0.75,START_ANCHOR_OK_EXTRA_BLANK_TAIL_RECT,المرساة صحيحة لكن يوجد مستطيل زائد فوق فراغ قبل السطر التالي,False,True,احذف أول مستطيل الفارغ وابدأ من يمين السطر التالي
10:77,10,يونس,77,217,839.0,1610.75,217,838.5,1610.5,CORRECT,مطابق,10:77,0.56,0.56,START_ANCHOR_OK_EXTRA_BLANK_TAIL_RECT,المرساة صحيحة لكن يوجد مستطيل زائد فوق فراغ قبل السطر التالي,False,True,احذف أول مستطيل الفارغ وابدأ من يمين السطر التالي
10:85,10,يونس,85,218,41.25,1013.5,218,41.0,1013.0,CORRECT,مطابق,10:85,0.56,0.56,START_ANCHOR_OK_EXTRA_BLANK_TAIL_RECT,المرساة صحيحة لكن يوجد مستطيل زائد فوق فراغ قبل السطر التالي,False,True,احذف أول مستطيل الفارغ وابدأ من يمين السطر التالي
10:86,10,يونس,86,218,380.5,1134.5,218,380.5,1134.0,CORRECT,مطابق,10:86,0.5,0.5,START_ANCHOR_OK_EXTRA_BLANK_TAIL_RECT,المرساة صحيحة لكن يوجد مستطيل زائد فوق فراغ قبل السطر التالي,False,True,احذف أول مستطيل الفارغ وابدأ من يمين السطر التالي
10:93,10,يونس,93,219,328.5,1145.5,219,328.5,1145.0,CORRECT,مطابق,10:93,0.5,0.5,START_ANCHOR_OK_EXTRA_BLANK_TAIL_RECT,المرساة صحيحة لكن يوجد مستطيل زائد فوق فراغ قبل السطر التالي,False,True,احذف أول مستطيل الفارغ وابدأ من يمين السطر التالي
10:95,10,يونس,95,219,46.5,1498.5,219,47.0,1498.0,CORRECT,مطابق,10:95,0.71,0.71,START_ANCHOR_OK_EXTRA_BLANK_TAIL_RECT,المرساة صحيحة لكن يوجد مستطيل زائد فوق فراغ قبل السطر التالي,False,True,احذف أول مستطيل الفارغ وابدأ من يمين السطر التالي
10:96,10,يونس,96,219,47.0,1612.5,219,47.0,1612.0,CORRECT,مطابق,10:96,0.5,0.5,START_ANCHOR_OK_EXTRA_BLANK_TAIL_RECT,المرساة صحيحة لكن يوجد مستطيل زائد فوق فراغ قبل السطر التالي,False,True,احذف أول مستطيل الفارغ وابدأ من يمين السطر التالي
10:97,10,يونس,97,219,46.5,1731.5,219,46.5,1731.0,CORRECT,مطابق,10:97,0.5,0.5,START_ANCHOR_OK_EXTRA_BLANK_TAIL_RECT,المرساة صحيحة لكن يوجد مستطيل زائد فوق فراغ قبل السطر التالي,False,True,احذف أول مستطيل الفارغ وابدأ من يمين السطر التالي
10:100,10,يونس,100,220,612.5,670.5,220,612.5,670.0,CORRECT,مطابق,10:100,0.5,0.5,START_ANCHOR_OK_EXTRA_BLANK_TAIL_RECT,المرساة صحيحة لكن يوجد مستطيل زائد فوق فراغ قبل السطر التالي,False,True,احذف أول مستطيل الفارغ وابدأ من يمين السطر التالي
10:102,10,يونس,102,220,283.0,1024.0,220,283.0,1024.0,CORRECT,مطابق,10:102,0.0,0.0,START_ANCHOR_OK_EXTRA_BLANK_TAIL_RECT,المرساة صحيحة لكن يوجد مستطيل زائد فوق فراغ قبل السطر التالي,False,True,احذف أول مستطيل الفارغ وابدأ من يمين السطر التالي
10:104,10,يونس,104,220,584.5,1496.5,220,585.0,1496.0,CORRECT,مطابق,10:104,0.71,0.71,START_ANCHOR_OK_EXTRA_BLANK_TAIL_RECT,المرساة صحيحة لكن يوجد مستطيل زائد فوق فراغ قبل السطر التالي,False,True,احذف أول مستطيل الفارغ وابدأ من يمين السطر التالي
11:1,11,هود,1,221,39.5,1014.25,221,39.0,1014.0,CORRECT,مطابق,11:1,0.56,0.56,SURAH_HEADER_GAP_INCLUDED,بداية السورة تضم فاصل العنوان والبسملة ضمن منطقة الآية,False,True,يجب أن تبدأ المنطقة بعد عنوان السورة/البسملة
11:2,11,هود,2,221,315.5,1134.5,221,315.5,1134.0,CORRECT,مطابق,11:2,0.5,0.5,START_ANCHOR_OK_EXTRA_BLANK_TAIL_RECT,المرساة صحيحة لكن يوجد مستطيل زائد فوق فراغ قبل السطر التالي,False,True,احذف أول مستطيل الفارغ وابدأ من يمين السطر التالي
11:9,11,هود,9,222,733.0,1141.25,222,733.0,1141.0,CORRECT,مطابق,11:9,0.25,0.25,START_ANCHOR_OK_EXTRA_BLANK_TAIL_RECT,المرساة صحيحة لكن يوجد مستطيل زائد فوق فراغ قبل السطر التالي,False,True,احذف أول مستطيل الفارغ وابدأ من يمين السطر التالي
11:11,11,هود,11,222,660.25,1494.25,222,660.0,1494.0,CORRECT,مطابق,11:11,0.35,0.35,START_ANCHOR_OK_EXTRA_BLANK_TAIL_RECT,المرساة صحيحة لكن يوجد مستطيل زائد فوق فراغ قبل السطر التالي,False,True,احذف أول مستطيل الفارغ وابدأ من يمين السطر التالي
11:14,11,هود,14,223,421.5,430.75,223,421.5,430.0,CORRECT,مطابق,11:14,0.75,0.75,START_ANCHOR_OK_EXTRA_BLANK_TAIL_RECT,المرساة صحيحة لكن يوجد مستطيل زائد فوق فراغ قبل السطر التالي,False,True,احذف أول مستطيل الفارغ وابدأ من يمين السطر التالي
11:17,11,هود,17,223,132.25,1254.25,223,132.0,1254.0,CORRECT,مطابق,11:17,0.35,0.35,START_ANCHOR_OK_EXTRA_BLANK_TAIL_RECT,المرساة صحيحة لكن يوجد مستطيل زائد فوق فراغ قبل السطر التالي,False,True,احذف أول مستطيل الفارغ وابدأ من يمين السطر التالي
11:23,11,هود,23,224,734.0,788.0,224,711.5,787.5,CENTER_OFFSET,انحراف في مركز العلامة,11:23,22.51,22.51,START_ANCHOR_OK,مرساة البداية مطابقة لعلامة الآية السابقة,True,False,الموضع قريب من العلامة الصحيحة لكنه منحرف أكثر من 8 بكسل
11:24,11,هود,24,224,47.5,905.75,224,47.5,905.0,CORRECT,مطابق,11:24,0.75,0.75,START_ANCHOR_WRONG_OR_MISSING,مرساة البداية خاطئة أو مفقودة,False,True,
11:25,11,هود,25,224,47.5,1023.25,224,48.0,1023.0,CORRECT,مطابق,11:25,0.56,0.56,START_ANCHOR_OK_EXTRA_BLANK_TAIL_RECT,المرساة صحيحة لكن يوجد مستطيل زائد فوق فراغ قبل السطر التالي,False,True,احذف أول مستطيل الفارغ وابدأ من يمين السطر التالي
11:26,11,هود,26,224,47.5,1141.0,224,47.5,1140.5,CORRECT,مطابق,11:26,0.5,0.5,START_ANCHOR_OK_EXTRA_BLANK_TAIL_RECT,المرساة صحيحة لكن يوجد مستطيل زائد فوق فراغ قبل السطر التالي,False,True,احذف أول مستطيل الفارغ وابدأ من يمين السطر التالي
11:27,11,هود,27,224,47.5,1494.0,224,48.0,1493.5,CORRECT,مطابق,11:27,0.71,0.71,START_ANCHOR_OK_EXTRA_BLANK_TAIL_RECT,المرساة صحيحة لكن يوجد مستطيل زائد فوق فراغ قبل السطر التالي,False,True,احذف أول مستطيل الفارغ وابدأ من يمين السطر التالي
11:28,11,هود,28,224,47.5,1729.25,224,48.0,1729.0,CORRECT,مطابق,11:28,0.56,0.56,START_ANCHOR_OK_EXTRA_BLANK_TAIL_RECT,المرساة صحيحة لكن يوجد مستطيل زائد فوق فراغ قبل السطر التالي,False,True,احذف أول مستطيل الفارغ وابدأ من يمين السطر التالي
11:36,11,هود,36,225,460.0,1615.0,225,460.0,1614.5,CORRECT,مطابق,11:36,0.5,0.5,START_ANCHOR_OK_EXTRA_BLANK_TAIL_RECT,المرساة صحيحة لكن يوجد مستطيل زائد فوق فراغ قبل السطر التالي,False,True,احذف أول مستطيل الفارغ وابدأ من يمين السطر التالي
11:39,11,هود,39,226,952.0,431.5,226,952.0,431.0,CORRECT,مطابق,11:39,0.5,0.5,START_ANCHOR_OK_EXTRA_BLANK_TAIL_RECT,المرساة صحيحة لكن يوجد مستطيل زائد فوق فراغ قبل السطر التالي,False,True,احذف أول مستطيل الفارغ وابدأ من يمين السطر التالي
11:42,11,هود,42,226,44.0,1020.5,226,44.0,1020.0,CORRECT,مطابق,11:42,0.5,0.5,START_ANCHOR_OK_EXTRA_BLANK_TAIL_RECT,المرساة صحيحة لكن يوجد مستطيل زائد فوق فراغ قبل السطر التالي,False,True,احذف أول مستطيل الفارغ وابدأ من يمين السطر التالي
11:43,11,هود,43,226,859.5,1373.5,226,860.0,1373.0,CORRECT,مطابق,11:43,0.71,0.71,START_ANCHOR_OK_EXTRA_BLANK_TAIL_RECT,المرساة صحيحة لكن يوجد مستطيل زائد فوق فراغ قبل السطر التالي,False,True,احذف أول مستطيل الفارغ وابدأ من يمين السطر التالي
11:47,11,هود,47,227,260.0,437.75,227,260.0,437.5,CORRECT,مطابق,11:47,0.25,0.25,START_ANCHOR_OK_EXTRA_BLANK_TAIL_RECT,المرساة صحيحة لكن يوجد مستطيل زائد فوق فراغ قبل السطر التالي,False,True,احذف أول مستطيل الفارغ وابدأ من يمين السطر التالي
11:50,11,هود,50,227,440.0,1144.5,227,440.0,1144.0,CORRECT,مطابق,11:50,0.5,0.5,START_ANCHOR_OK_EXTRA_BLANK_TAIL_RECT,المرساة صحيحة لكن يوجد مستطيل زائد فوق فراغ قبل السطر التالي,False,True,احذف أول مستطيل الفارغ وابدأ من يمين السطر التالي
11:52,11,هود,52,227,814.5,1615.5,227,814.5,1615.0,CORRECT,مطابق,11:52,0.5,0.5,START_ANCHOR_OK_EXTRA_BLANK_TAIL_RECT,المرساة صحيحة لكن يوجد مستطيل زائد فوق فراغ قبل السطر التالي,False,True,احذف أول مستطيل الفارغ وابدأ من يمين السطر التالي
11:57,11,هود,57,228,52.0,669.25,228,52.0,669.0,CORRECT,مطابق,11:57,0.25,0.25,START_ANCHOR_OK_EXTRA_BLANK_TAIL_RECT,المرساة صحيحة لكن يوجد مستطيل زائد فوق فراغ قبل السطر التالي,False,True,احذف أول مستطيل الفارغ وابدأ من يمين السطر التالي
11:58,11,هود,58,228,559.5,905.25,228,559.0,905.0,CORRECT,مطابق,11:58,0.56,0.56,START_ANCHOR_OK_EXTRA_BLANK_TAIL_RECT,المرساة صحيحة لكن يوجد مستطيل زائد فوق فراغ قبل السطر التالي,False,True,احذف أول مستطيل الفارغ وابدأ من يمين السطر التالي
11:62,11,هود,62,228,52.0,1730.5,228,52.0,1730.0,CORRECT,مطابق,11:62,0.5,0.5,START_ANCHOR_OK_EXTRA_BLANK_TAIL_RECT,المرساة صحيحة لكن يوجد مستطيل زائد فوق فراغ قبل السطر التالي,False,True,احذف أول مستطيل الفارغ وابدأ من يمين السطر التالي
11:68,11,هود,68,229,839.5,1259.75,229,839.5,1259.0,CORRECT,مطابق,11:68,0.75,0.75,START_ANCHOR_OK_EXTRA_BLANK_TAIL_RECT,المرساة صحيحة لكن يوجد مستطيل زائد فوق فراغ قبل السطر التالي,False,True,احذف أول مستطيل الفارغ وابدأ من يمين السطر التالي
11:75,11,هود,75,230,570.0,543.75,230,570.0,543.5,CORRECT,مطابق,11:75,0.25,0.25,START_ANCHOR_OK_EXTRA_BLANK_TAIL_RECT,المرساة صحيحة لكن يوجد مستطيل زائد فوق فراغ قبل السطر التالي,False,True,احذف أول مستطيل الفارغ وابدأ من يمين السطر التالي
11:79,11,هود,79,230,45.0,1251.25,230,44.5,1251.0,CORRECT,مطابق,11:79,0.56,0.56,START_ANCHOR_OK_EXTRA_BLANK_TAIL_RECT,المرساة صحيحة لكن يوجد مستطيل زائد فوق فراغ قبل السطر التالي,False,True,احذف أول مستطيل الفارغ وابدأ من يمين السطر التالي
11:80,11,هود,80,230,150.5,1369.5,230,150.5,1369.0,CORRECT,مطابق,11:80,0.5,0.5,START_ANCHOR_OK_EXTRA_BLANK_TAIL_RECT,المرساة صحيحة لكن يوجد مستطيل زائد فوق فراغ قبل السطر التالي,False,True,احذف أول مستطيل الفارغ وابدأ من يمين السطر التالي
11:95,11,هود,95,232,44.5,1492.5,232,44.5,1492.0,CORRECT,مطابق,11:95,0.5,0.5,START_ANCHOR_OK_EXTRA_BLANK_TAIL_RECT,المرساة صحيحة لكن يوجد مستطيل زائد فوق فراغ قبل السطر التالي,False,True,احذف أول مستطيل الفارغ وابدأ من يمين السطر التالي
11:96,11,هود,96,232,254.0,1609.5,232,254.0,1609.0,CORRECT,مطابق,11:96,0.5,0.5,START_ANCHOR_OK_EXTRA_BLANK_TAIL_RECT,المرساة صحيحة لكن يوجد مستطيل زائد فوق فراغ قبل السطر التالي,False,True,احذف أول مستطيل الفارغ وابدأ من يمين السطر التالي
11:102,11,هود,102,233,838.5,906.5,233,838.5,906.0,CORRECT,مطابق,11:102,0.5,0.5,START_ANCHOR_OK_EXTRA_BLANK_TAIL_RECT,المرساة صحيحة لكن يوجد مستطيل زائد فوق فراغ قبل السطر التالي,False,True,احذف أول مستطيل الفارغ وابدأ من يمين السطر التالي
11:104,11,هود,104,233,472.0,1142.0,233,472.0,1142.0,CORRECT,مطابق,11:104,0.0,0.0,START_ANCHOR_OK_EXTRA_BLANK_TAIL_RECT,المرساة صحيحة لكن يوجد مستطيل زائد فوق فراغ قبل السطر التالي,False,True,احذف أول مستطيل الفارغ وابدأ من يمين السطر التالي
11:108,11,هود,108,233,48.5,1730.5,233,48.5,1730.0,CORRECT,مطابق,11:108,0.5,0.5,START_ANCHOR_OK_EXTRA_BLANK_TAIL_RECT,المرساة صحيحة لكن يوجد مستطيل زائد فوق فراغ قبل السطر التالي,False,True,احذف أول مستطيل الفارغ وابدأ من يمين السطر التالي
11:110,11,هود,110,234,44.5,434.5,234,44.5,434.0,CORRECT,مطابق,11:110,0.5,0.5,START_ANCHOR_OK_EXTRA_BLANK_TAIL_RECT,المرساة صحيحة لكن يوجد مستطيل زائد فوق فراغ قبل السطر التالي,False,True,احذف أول مستطيل الفارغ وابدأ من يمين السطر التالي
11:111,11,هود,111,234,937.5,669.75,234,937.5,669.5,CORRECT,مطابق,11:111,0.25,0.25,START_ANCHOR_OK_EXTRA_BLANK_TAIL_RECT,المرساة صحيحة لكن يوجد مستطيل زائد فوق فراغ قبل السطر التالي,False,True,احذف أول مستطيل الفارغ وابدأ من يمين السطر التالي
11:116,11,هود,116,234,117.5,1612.25,234,117.5,1612.0,CORRECT,مطابق,11:116,0.25,0.25,START_ANCHOR_OK_EXTRA_BLANK_TAIL_RECT,المرساة صحيحة لكن يوجد مستطيل زائد فوق فراغ قبل السطر التالي,False,True,احذف أول مستطيل الفارغ وابدأ من يمين السطر التالي
11:119,11,هود,119,235,251.5,310.75,235,251.5,310.5,CORRECT,مطابق,11:119,0.25,0.25,START_ANCHOR_OK_EXTRA_BLANK_TAIL_RECT,المرساة صحيحة لكن يوجد مستطيل زائد فوق فراغ قبل السطر التالي,False,True,احذف أول مستطيل الفارغ وابدأ من يمين السطر التالي
11:123,11,هود,123,235,42.5,903.5,235,42.5,903.0,CORRECT,مطابق,11:123,0.5,0.5,START_ANCHOR_OK_EXTRA_BLANK_TAIL_RECT,المرساة صحيحة لكن يوجد مستطيل زائد فوق فراغ قبل السطر التالي,False,True,احذف أول مستطيل الفارغ وابدأ من يمين السطر التالي
12:1,12,يوسف,1,235,369.0,1259.5,235,369.0,1259.0,CORRECT,مطابق,12:1,0.5,0.5,SURAH_HEADER_GAP_INCLUDED,بداية السورة تضم فاصل العنوان والبسملة ضمن منطقة الآية,False,True,يجب أن تبدأ المنطقة بعد عنوان السورة/البسملة
12:9,12,يوسف,9,236,387.0,1029.25,236,387.0,1029.0,CORRECT,مطابق,12:9,0.25,0.25,START_ANCHOR_OK_EXTRA_BLANK_TAIL_RECT,المرساة صحيحة لكن يوجد مستطيل زائد فوق فراغ قبل السطر التالي,False,True,احذف أول مستطيل الفارغ وابدأ من يمين السطر التالي
12:30,12,يوسف,30,238,46.5,1728.0,238,46.5,1727.5,CORRECT,مطابق,12:30,0.5,0.5,START_ANCHOR_OK_EXTRA_BLANK_TAIL_RECT,المرساة صحيحة لكن يوجد مستطيل زائد فوق فراغ قبل السطر التالي,False,True,احذف أول مستطيل الفارغ وابدأ من يمين السطر التالي
12:34,12,يوسف,34,239,923.0,1018.5,239,923.0,1018.0,CORRECT,مطابق,12:34,0.5,0.5,START_ANCHOR_OK_EXTRA_BLANK_TAIL_RECT,المرساة صحيحة لكن يوجد مستطيل زائد فوق فراغ قبل السطر التالي,False,True,احذف أول مستطيل الفارغ وابدأ من يمين السطر التالي
12:40,12,يوسف,40,240,658.25,899.5,240,658.0,899.0,CORRECT,مطابق,12:40,0.56,0.56,START_ANCHOR_OK_EXTRA_BLANK_TAIL_RECT,المرساة صحيحة لكن يوجد مستطيل زائد فوق فراغ قبل السطر التالي,False,True,احذف أول مستطيل الفارغ وابدأ من يمين السطر التالي
12:43,12,يوسف,43,240,48.5,1723.25,240,49.0,1723.0,CORRECT,مطابق,12:43,0.56,0.56,START_ANCHOR_OK_EXTRA_BLANK_TAIL_RECT,المرساة صحيحة لكن يوجد مستطيل زائد فوق فراغ قبل السطر التالي,False,True,احذف أول مستطيل الفارغ وابدأ من يمين السطر التالي
12:45,12,يوسف,45,241,864.25,319.5,241,864.0,319.0,CORRECT,مطابق,12:45,0.56,0.56,START_ANCHOR_OK_EXTRA_BLANK_TAIL_RECT,المرساة صحيحة لكن يوجد مستطيل زائد فوق فراغ قبل السطر التالي,False,True,احذف أول مستطيل الفارغ وابدأ من يمين السطر التالي
12:51,12,يوسف,51,241,137.25,1611.25,241,137.0,1611.0,CORRECT,مطابق,12:51,0.35,0.35,START_ANCHOR_OK_EXTRA_BLANK_TAIL_RECT,المرساة صحيحة لكن يوجد مستطيل زائد فوق فراغ قبل السطر التالي,False,True,احذف أول مستطيل الفارغ وابدأ من يمين السطر التالي
12:55,12,يوسف,55,242,186.5,440.0,242,186.5,439.5,CORRECT,مطابق,12:55,0.5,0.5,START_ANCHOR_OK_EXTRA_BLANK_TAIL_RECT,المرساة صحيحة لكن يوجد مستطيل زائد فوق فراغ قبل السطر التالي,False,True,احذف أول مستطيل الفارغ وابدأ من يمين السطر التالي
12:59,12,يوسف,59,242,309.0,1148.5,242,309.0,1148.0,CORRECT,مطابق,12:59,0.5,0.5,START_ANCHOR_OK_EXTRA_BLANK_TAIL_RECT,المرساة صحيحة لكن يوجد مستطيل زائد فوق فراغ قبل السطر التالي,False,True,احذف أول مستطيل الفارغ وابدأ من يمين السطر التالي
12:63,12,يوسف,63,242,45.5,1736.25,242,45.5,1736.0,CORRECT,مطابق,12:63,0.25,0.25,START_ANCHOR_OK_EXTRA_BLANK_TAIL_RECT,المرساة صحيحة لكن يوجد مستطيل زائد فوق فراغ قبل السطر التالي,False,True,احذف أول مستطيل الفارغ وابدأ من يمين السطر التالي
12:74,12,يوسف,74,244,312.0,670.0,244,312.0,670.0,CORRECT,مطابق,12:74,0.0,0.0,START_ANCHOR_OK_EXTRA_BLANK_TAIL_RECT,المرساة صحيحة لكن يوجد مستطيل زائد فوق فراغ قبل السطر التالي,False,True,احذف أول مستطيل الفارغ وابدأ من يمين السطر التالي
12:76,12,يوسف,76,244,498.25,1258.5,244,498.5,1258.0,CORRECT,مطابق,12:76,0.56,0.56,START_ANCHOR_OK_EXTRA_BLANK_TAIL_RECT,المرساة صحيحة لكن يوجد مستطيل زائد فوق فراغ قبل السطر التالي,False,True,احذف أول مستطيل الفارغ وابدأ من يمين السطر التالي
12:81,12,يوسف,81,245,45.5,780.75,245,45.5,780.0,CORRECT,مطابق,12:81,0.75,0.75,START_ANCHOR_OK_EXTRA_BLANK_TAIL_RECT,المرساة صحيحة لكن يوجد مستطيل زائد فوق فراغ قبل السطر التالي,False,True,احذف أول مستطيل الفارغ وابدأ من يمين السطر التالي
12:82,12,يوسف,82,245,788.5,1016.5,245,788.5,1016.0,CORRECT,مطابق,12:82,0.5,0.5,START_ANCHOR_OK_EXTRA_BLANK_TAIL_RECT,المرساة صحيحة لكن يوجد مستطيل زائد فوق فراغ قبل السطر التالي,False,True,احذف أول مستطيل الفارغ وابدأ من يمين السطر التالي
12:85,12,يوسف,85,245,511.5,1606.5,245,511.5,1606.0,CORRECT,مطابق,12:85,0.5,0.5,START_ANCHOR_OK_EXTRA_BLANK_TAIL_RECT,المرساة صحيحة لكن يوجد مستطيل زائد فوق فراغ قبل السطر التالي,False,True,احذف أول مستطيل الفارغ وابدأ من يمين السطر التالي
12:89,12,يوسف,89,246,831.0,788.75,246,831.0,788.0,CORRECT,مطابق,12:89,0.75,0.75,START_ANCHOR_OK_EXTRA_BLANK_TAIL_RECT,المرساة صحيحة لكن يوجد مستطيل زائد فوق فراغ قبل السطر التالي,False,True,احذف أول مستطيل الفارغ وابدأ من يمين السطر التالي
12:93,12,يوسف,93,246,278.0,1494.5,246,278.0,1494.0,CORRECT,مطابق,12:93,0.5,0.5,START_ANCHOR_OK_EXTRA_BLANK_TAIL_RECT,المرساة صحيحة لكن يوجد مستطيل زائد فوق فراغ قبل السطر التالي,False,True,احذف أول مستطيل الفارغ وابدأ من يمين السطر التالي
12:105,12,يوسف,105,248,640.5,317.25,248,640.5,317.0,CORRECT,مطابق,12:105,0.25,0.25,START_ANCHOR_OK_EXTRA_BLANK_TAIL_RECT,المرساة صحيحة لكن يوجد مستطيل زائد فوق فراغ قبل السطر التالي,False,True,احذف أول مستطيل الفارغ وابدأ من يمين السطر التالي
12:110,12,يوسف,110,248,845.5,1495.5,248,845.5,1495.0,CORRECT,مطابق,12:110,0.5,0.5,START_ANCHOR_OK_EXTRA_BLANK_TAIL_RECT,المرساة صحيحة لكن يوجد مستطيل زائد فوق فراغ قبل السطر التالي,False,True,احذف أول مستطيل الفارغ وابدأ من يمين السطر التالي
13:1,13,الرعد,1,249,490.5,433.25,249,491.0,433.0,CORRECT,مطابق,13:1,0.56,0.56,MULTILINE_SURAH_START_TRUNCATED,بداية سورة متعددة الأسطر؛ الأسطر الأولى غير مشمولة,False,True,المولد الحالي يبدأ من سطر النهاية ويفقد الأسطر السابقة
13:15,13,الرعد,15,251,436.5,433.25,251,485.5,429.0,NON_AYAH_SYMBOL_OR_BAD_CENTER,رمز غير علامة آية أو مركز غير صحيح,13:15,49.18,49.18,START_ANCHOR_OK,مرساة البداية مطابقة لعلامة الآية السابقة,True,False,مرجح: التقط رمز السجدة بدل دائرة رقم الآية
13:16,13,الرعد,16,251,121.5,905.5,251,437.0,433.0,MISASSIGNED_TO_OTHER_AYAH,منسوب إلى علامة آية أخرى,13:15,568.15,0.56,START_ANCHOR_WRONG_OR_MISSING,مرساة البداية خاطئة أو مفقودة,True,True,الموضع المخزن أقرب إلى 13:15
13:17,13,الرعد,17,251,909.5,1494.75,251,121.0,905.0,MISASSIGNED_TO_OTHER_AYAH,منسوب إلى علامة آية أخرى,13:16,984.65,0.71,START_ANCHOR_WRONG_OR_MISSING,مرساة البداية خاطئة أو مفقودة,True,True,الموضع المخزن أقرب إلى 13:16
13:18,13,الرعد,18,251,38.5,1730.5,251,909.5,1494.0,MISASSIGNED_TO_OTHER_AYAH,منسوب إلى علامة آية أخرى,13:17,902.54,0.75,START_ANCHOR_WRONG_OR_MISSING,مرساة البداية خاطئة أو مفقودة,True,True,الموضع المخزن أقرب إلى 13:17
13:21,13,الرعد,21,252,624.0,432.75,252,624.0,432.5,CORRECT,مطابق,13:21,0.25,0.25,START_ANCHOR_OK_EXTRA_BLANK_TAIL_RECT,المرساة صحيحة لكن يوجد مستطيل زائد فوق فراغ قبل السطر التالي,False,True,احذف أول مستطيل الفارغ وابدأ من يمين السطر التالي
13:25,13,الرعد,25,252,599.0,1256.25,252,599.0,1256.0,CORRECT,مطابق,13:25,0.25,0.25,START_ANCHOR_OK_EXTRA_BLANK_TAIL_RECT,المرساة صحيحة لكن يوجد مستطيل زائد فوق فراغ قبل السطر التالي,False,True,احذف أول مستطيل الفارغ وابدأ من يمين السطر التالي
13:30,13,الرعد,30,253,275.0,428.5,253,275.0,428.0,CORRECT,مطابق,13:30,0.5,0.5,START_ANCHOR_OK_EXTRA_BLANK_TAIL_RECT,المرساة صحيحة لكن يوجد مستطيل زائد فوق فراغ قبل السطر التالي,False,True,احذف أول مستطيل الفارغ وابدأ من يمين السطر التالي
13:37,13,الرعد,37,254,183.0,788.75,254,183.0,788.0,CORRECT,مطابق,13:37,0.75,0.75,START_ANCHOR_OK_EXTRA_BLANK_TAIL_RECT,المرساة صحيحة لكن يوجد مستطيل زائد فوق فراغ قبل السطر التالي,False,True,احذف أول مستطيل الفارغ وابدأ من يمين السطر التالي
13:39,13,الرعد,39,254,173.25,1142.25,254,173.0,1142.0,CORRECT,مطابق,13:39,0.35,0.35,START_ANCHOR_OK_EXTRA_BLANK_TAIL_RECT,المرساة صحيحة لكن يوجد مستطيل زائد فوق فراغ قبل السطر التالي,False,True,احذف أول مستطيل الفارغ وابدأ من يمين السطر التالي
14:1,14,ابراهيم,1,255,51.0,665.5,255,51.0,665.0,CORRECT,مطابق,14:1,0.5,0.5,SURAH_HEADER_GAP_INCLUDED,بداية السورة تضم فاصل العنوان والبسملة ضمن منطقة الآية,False,True,يجب أن تبدأ المنطقة بعد عنوان السورة/البسملة
14:2,14,ابراهيم,2,255,442.75,904.25,255,443.0,904.0,CORRECT,مطابق,14:2,0.35,0.35,START_ANCHOR_OK_EXTRA_BLANK_TAIL_RECT,المرساة صحيحة لكن يوجد مستطيل زائد فوق فراغ قبل السطر التالي,False,True,احذف أول مستطيل الفارغ وابدأ من يمين السطر التالي
14:10,14,ابراهيم,10,256,51.0,1717.5,256,51.0,1717.0,CORRECT,مطابق,14:10,0.5,0.5,START_ANCHOR_OK_EXTRA_BLANK_TAIL_RECT,المرساة صحيحة لكن يوجد مستطيل زائد فوق فراغ قبل السطر التالي,False,True,احذف أول مستطيل الفارغ وابدأ من يمين السطر التالي
14:12,14,ابراهيم,12,257,48.5,555.5,257,48.5,555.0,CORRECT,مطابق,14:12,0.5,0.5,START_ANCHOR_OK_EXTRA_BLANK_TAIL_RECT,المرساة صحيحة لكن يوجد مستطيل زائد فوق فراغ قبل السطر التالي,False,True,احذف أول مستطيل الفارغ وابدأ من يمين السطر التالي
14:13,14,ابراهيم,13,257,805.0,909.0,257,805.0,908.5,CORRECT,مطابق,14:13,0.5,0.5,START_ANCHOR_OK_EXTRA_BLANK_TAIL_RECT,المرساة صحيحة لكن يوجد مستطيل زائد فوق فراغ قبل السطر التالي,False,True,احذف أول مستطيل الفارغ وابدأ من يمين السطر التالي
14:21,14,ابراهيم,21,258,373.5,667.75,258,373.5,667.5,CORRECT,مطابق,14:21,0.25,0.25,START_ANCHOR_OK_EXTRA_BLANK_TAIL_RECT,المرساة صحيحة لكن يوجد مستطيل زائد فوق فراغ قبل السطر التالي,False,True,احذف أول مستطيل الفارغ وابدأ من يمين السطر التالي
14:38,14,ابراهيم,38,260,387.5,1135.25,260,387.0,1135.0,CORRECT,مطابق,14:38,0.56,0.56,START_ANCHOR_OK_EXTRA_BLANK_TAIL_RECT,المرساة صحيحة لكن يوجد مستطيل زائد فوق فراغ قبل السطر التالي,False,True,احذف أول مستطيل الفارغ وابدأ من يمين السطر التالي
15:10,15,الحجر,10,262,265.0,1255.75,262,265.0,1255.0,CORRECT,مطابق,15:10,0.75,0.75,START_ANCHOR_OK_EXTRA_BLANK_TAIL_RECT,المرساة صحيحة لكن يوجد مستطيل زائد فوق فراغ قبل السطر التالي,False,True,احذف أول مستطيل الفارغ وابدأ من يمين السطر التالي
15:14,15,الحجر,14,262,43.5,1608.5,262,43.0,1608.0,CORRECT,مطابق,15:14,0.71,0.71,START_ANCHOR_OK_EXTRA_BLANK_TAIL_RECT,المرساة صحيحة لكن يوجد مستطيل زائد فوق فراغ قبل السطر التالي,False,True,احذف أول مستطيل الفارغ وابدأ من يمين السطر التالي
15:15,15,الحجر,15,262,43.25,1726.75,262,43.0,1726.5,CORRECT,مطابق,15:15,0.35,0.35,START_ANCHOR_OK_EXTRA_BLANK_TAIL_RECT,المرساة صحيحة لكن يوجد مستطيل زائد فوق فراغ قبل السطر التالي,False,True,احذف أول مستطيل الفارغ وابدأ من يمين السطر التالي
15:17,15,الحجر,17,263,444.5,188.0,263,444.5,187.5,CORRECT,مطابق,15:17,0.5,0.5,START_ANCHOR_OK_EXTRA_BLANK_TAIL_RECT,المرساة صحيحة لكن يوجد مستطيل زائد فوق فراغ قبل السطر التالي,False,True,احذف أول مستطيل الفارغ وابدأ من يمين السطر التالي
15:24,15,الحجر,24,263,48.0,1012.0,263,48.0,1011.5,CORRECT,مطابق,15:24,0.5,0.5,START_ANCHOR_OK_EXTRA_BLANK_TAIL_RECT,المرساة صحيحة لكن يوجد مستطيل زائد فوق فراغ قبل السطر التالي,False,True,احذف أول مستطيل الفارغ وابدأ من يمين السطر التالي
15:25,15,الحجر,25,263,273.0,1130.0,263,273.0,1130.0,CORRECT,مطابق,15:25,0.0,0.0,START_ANCHOR_OK_EXTRA_BLANK_TAIL_RECT,المرساة صحيحة لكن يوجد مستطيل زائد فوق فراغ قبل السطر التالي,False,True,احذف أول مستطيل الفارغ وابدأ من يمين السطر التالي
15:34,15,الحجر,34,264,529.0,318.5,264,528.5,318.0,CORRECT,مطابق,15:34,0.71,0.71,START_ANCHOR_OK_EXTRA_BLANK_TAIL_RECT,المرساة صحيحة لكن يوجد مستطيل زائد فوق فراغ قبل السطر التالي,False,True,احذف أول مستطيل الفارغ وابدأ من يمين السطر التالي
15:40,15,الحجر,40,264,460.5,789.5,264,460.5,789.0,CORRECT,مطابق,15:40,0.5,0.5,START_ANCHOR_OK_EXTRA_BLANK_TAIL_RECT,المرساة صحيحة لكن يوجد مستطيل زائد فوق فراغ قبل السطر التالي,False,True,احذف أول مستطيل الفارغ وابدأ من يمين السطر التالي
15:44,15,الحجر,44,264,110.0,1142.5,264,110.0,1142.0,CORRECT,مطابق,15:44,0.5,0.5,START_ANCHOR_OK_EXTRA_BLANK_TAIL_RECT,المرساة صحيحة لكن يوجد مستطيل زائد فوق فراغ قبل السطر التالي,False,True,احذف أول مستطيل الفارغ وابدأ من يمين السطر التالي
15:47,15,الحجر,47,264,50.5,1377.25,264,50.0,1377.0,CORRECT,مطابق,15:47,0.56,0.56,START_ANCHOR_OK_EXTRA_BLANK_TAIL_RECT,المرساة صحيحة لكن يوجد مستطيل زائد فوق فراغ قبل السطر التالي,False,True,احذف أول مستطيل الفارغ وابدأ من يمين السطر التالي
15:48,15,الحجر,48,264,50.5,1496.0,264,50.5,1495.5,CORRECT,مطابق,15:48,0.5,0.5,START_ANCHOR_OK_EXTRA_BLANK_TAIL_RECT,المرساة صحيحة لكن يوجد مستطيل زائد فوق فراغ قبل السطر التالي,False,True,احذف أول مستطيل الفارغ وابدأ من يمين السطر التالي
15:49,15,الحجر,49,264,336.5,1613.5,264,336.5,1613.0,CORRECT,مطابق,15:49,0.5,0.5,START_ANCHOR_OK_EXTRA_BLANK_TAIL_RECT,المرساة صحيحة لكن يوجد مستطيل زائد فوق فراغ قبل السطر التالي,False,True,احذف أول مستطيل الفارغ وابدأ من يمين السطر التالي
15:58,15,الحجر,58,265,299.5,668.0,265,299.5,668.0,CORRECT,مطابق,15:58,0.0,0.0,START_ANCHOR_OK_EXTRA_BLANK_TAIL_RECT,المرساة صحيحة لكن يوجد مستطيل زائد فوق فراغ قبل السطر التالي,False,True,احذف أول مستطيل الفارغ وابدأ من يمين السطر التالي
15:69,15,الحجر,69,265,623.5,1726.75,265,623.5,1726.0,CORRECT,مطابق,15:69,0.75,0.75,START_ANCHOR_OK_EXTRA_BLANK_TAIL_RECT,المرساة صحيحة لكن يوجد مستطيل زائد فوق فراغ قبل السطر التالي,False,True,احذف أول مستطيل الفارغ وابدأ من يمين السطر التالي
15:79,15,الحجر,79,266,427.75,667.5,266,427.5,667.0,CORRECT,مطابق,15:79,0.56,0.56,START_ANCHOR_OK_EXTRA_BLANK_TAIL_RECT,المرساة صحيحة لكن يوجد مستطيل زائد فوق فراغ قبل السطر التالي,False,True,احذف أول مستطيل الفارغ وابدأ من يمين السطر التالي
15:82,15,الحجر,82,266,272.25,903.5,266,272.0,903.0,CORRECT,مطابق,15:82,0.56,0.56,START_ANCHOR_OK_EXTRA_BLANK_TAIL_RECT,المرساة صحيحة لكن يوجد مستطيل زائد فوق فراغ قبل السطر التالي,False,True,احذف أول مستطيل الفارغ وابدأ من يمين السطر التالي
15:85,15,الحجر,85,266,291.0,1257.5,266,291.0,1257.0,CORRECT,مطابق,15:85,0.5,0.5,START_ANCHOR_OK_EXTRA_BLANK_TAIL_RECT,المرساة صحيحة لكن يوجد مستطيل زائد فوق فراغ قبل السطر التالي,False,True,احذف أول مستطيل الفارغ وابدأ من يمين السطر التالي
16:1,16,النحل,1,267,51.5,1014.5,267,51.0,1014.0,CORRECT,مطابق,16:1,0.71,0.71,SURAH_HEADER_GAP_INCLUDED,بداية السورة تضم فاصل العنوان والبسملة ضمن منطقة الآية,False,True,يجب أن تبدأ المنطقة بعد عنوان السورة/البسملة
16:2,16,النحل,2,267,158.0,1252.0,267,158.0,1252.0,CORRECT,مطابق,16:2,0.0,0.0,START_ANCHOR_OK_EXTRA_BLANK_TAIL_RECT,المرساة صحيحة لكن يوجد مستطيل زائد فوق فراغ قبل السطر التالي,False,True,احذف أول مستطيل الفارغ وابدأ من يمين السطر التالي
16:6,16,النحل,6,267,51.25,1726.25,267,51.0,1726.0,CORRECT,مطابق,16:6,0.35,0.35,START_ANCHOR_OK_EXTRA_BLANK_TAIL_RECT,المرساة صحيحة لكن يوجد مستطيل زائد فوق فراغ قبل السطر التالي,False,True,احذف أول مستطيل الفارغ وابدأ من يمين السطر التالي
16:9,16,النحل,9,268,825.0,559.75,268,825.0,559.0,CORRECT,مطابق,16:9,0.75,0.75,START_ANCHOR_OK_EXTRA_BLANK_TAIL_RECT,المرساة صحيحة لكن يوجد مستطيل زائد فوق فراغ قبل السطر التالي,False,True,احذف أول مستطيل الفارغ وابدأ من يمين السطر التالي
16:12,16,النحل,12,268,824.5,1266.0,268,825.0,1265.5,CORRECT,مطابق,16:12,0.71,0.71,START_ANCHOR_OK_EXTRA_BLANK_TAIL_RECT,المرساة صحيحة لكن يوجد مستطيل زائد فوق فراغ قبل السطر التالي,False,True,احذف أول مستطيل الفارغ وابدأ من يمين السطر التالي
16:14,16,النحل,14,268,57.5,1738.5,268,58.0,1738.0,CORRECT,مطابق,16:14,0.71,0.71,START_ANCHOR_OK_EXTRA_BLANK_TAIL_RECT,المرساة صحيحة لكن يوجد مستطيل زائد فوق فراغ قبل السطر التالي,False,True,احذف أول مستطيل الفارغ وابدأ من يمين السطر التالي
16:17,16,النحل,17,269,128.5,317.5,269,129.0,317.0,CORRECT,مطابق,16:17,0.71,0.71,START_ANCHOR_OK_EXTRA_BLANK_TAIL_RECT,المرساة صحيحة لكن يوجد مستطيل زائد فوق فراغ قبل السطر التالي,False,True,احذف أول مستطيل الفارغ وابدأ من يمين السطر التالي
16:19,16,النحل,19,269,374.25,552.25,269,374.0,552.0,CORRECT,مطابق,16:19,0.35,0.35,START_ANCHOR_OK_EXTRA_BLANK_TAIL_RECT,المرساة صحيحة لكن يوجد مستطيل زائد فوق فراغ قبل السطر التالي,False,True,احذف أول مستطيل الفارغ وابدأ من يمين السطر التالي
16:31,16,النحل,31,270,51.5,1140.5,270,51.0,1140.0,CORRECT,مطابق,16:31,0.71,0.71,START_ANCHOR_OK_EXTRA_BLANK_TAIL_RECT,المرساة صحيحة لكن يوجد مستطيل زائد فوق فراغ قبل السطر التالي,False,True,احذف أول مستطيل الفارغ وابدأ من يمين السطر التالي
16:32,16,النحل,32,270,464.75,1376.5,270,464.5,1376.0,CORRECT,مطابق,16:32,0.56,0.56,START_ANCHOR_OK_EXTRA_BLANK_TAIL_RECT,المرساة صحيحة لكن يوجد مستطيل زائد فوق فراغ قبل السطر التالي,False,True,احذف أول مستطيل الفارغ وابدأ من يمين السطر التالي
16:34,16,النحل,34,270,51.5,1728.75,270,51.0,1728.5,CORRECT,مطابق,16:34,0.56,0.56,START_ANCHOR_OK_EXTRA_BLANK_TAIL_RECT,المرساة صحيحة لكن يوجد مستطيل زائد فوق فراغ قبل السطر التالي,False,True,احذف أول مستطيل الفارغ وابدأ من يمين السطر التالي
16:36,16,النحل,36,271,450.5,786.0,271,450.5,785.5,CORRECT,مطابق,16:36,0.5,0.5,START_ANCHOR_OK_EXTRA_BLANK_TAIL_RECT,المرساة صحيحة لكن يوجد مستطيل زائد فوق فراغ قبل السطر التالي,False,True,احذف أول مستطيل الفارغ وابدأ من يمين السطر التالي
16:38,16,النحل,38,271,50.5,1139.0,271,50.5,1138.5,CORRECT,مطابق,16:38,0.5,0.5,START_ANCHOR_OK_EXTRA_BLANK_TAIL_RECT,المرساة صحيحة لكن يوجد مستطيل زائد فوق فراغ قبل السطر التالي,False,True,احذف أول مستطيل الفارغ وابدأ من يمين السطر التالي
16:39,16,النحل,39,271,650.0,1374.5,271,650.0,1374.0,CORRECT,مطابق,16:39,0.5,0.5,START_ANCHOR_OK_EXTRA_BLANK_TAIL_RECT,المرساة صحيحة لكن يوجد مستطيل زائد فوق فراغ قبل السطر التالي,False,True,احذف أول مستطيل الفارغ وابدأ من يمين السطر التالي
16:45,16,النحل,45,272,271.5,549.5,272,271.0,549.0,CORRECT,مطابق,16:45,0.71,0.71,START_ANCHOR_OK_EXTRA_BLANK_TAIL_RECT,المرساة صحيحة لكن يوجد مستطيل زائد فوق فراغ قبل السطر التالي,False,True,احذف أول مستطيل الفارغ وابدأ من يمين السطر التالي
16:49,16,النحل,49,272,542.0,1139.25,272,542.0,1139.0,CORRECT,مطابق,16:49,0.25,0.25,START_ANCHOR_OK_EXTRA_BLANK_TAIL_RECT,المرساة صحيحة لكن يوجد مستطيل زائد فوق فراغ قبل السطر التالي,False,True,احذف أول مستطيل الفارغ وابدأ من يمين السطر التالي
16:50,16,النحل,50,272,639.0,1256.5,272,688.0,1254.0,NON_AYAH_SYMBOL_OR_BAD_CENTER,رمز غير علامة آية أو مركز غير صحيح,16:50,49.06,49.06,START_ANCHOR_OK,مرساة البداية مطابقة لعلامة الآية السابقة,True,False,مرجح: التقط رمز السجدة بدل دائرة رقم الآية
16:51,16,النحل,51,272,364.5,1374.75,272,639.0,1256.0,MISASSIGNED_TO_OTHER_AYAH,منسوب إلى علامة آية أخرى,16:50,299.08,0.5,START_ANCHOR_WRONG_OR_MISSING,مرساة البداية خاطئة أو مفقودة,True,True,الموضع المخزن أقرب إلى 16:50
16:52,16,النحل,52,272,246.25,1493.0,272,364.5,1374.5,MISASSIGNED_TO_OTHER_AYAH,منسوب إلى علامة آية أخرى,16:51,167.41,0.25,START_ANCHOR_WRONG_OR_MISSING,مرساة البداية خاطئة أو مفقودة,True,True,الموضع المخزن أقرب إلى 16:51
16:53,16,النحل,53,272,177.5,1611.0,272,246.0,1493.0,MISASSIGNED_TO_OTHER_AYAH,منسوب إلى علامة آية أخرى,16:52,136.44,0.25,START_ANCHOR_WRONG_OR_MISSING,مرساة البداية خاطئة أو مفقودة,True,True,الموضع المخزن أقرب إلى 16:52
16:54,16,النحل,54,272,52.0,1728.5,272,177.5,1610.5,MISASSIGNED_TO_OTHER_AYAH,منسوب إلى علامة آية أخرى,16:53,172.26,0.5,START_ANCHOR_WRONG_OR_MISSING,مرساة البداية خاطئة أو مفقودة,True,True,الموضع المخزن أقرب إلى 16:53
16:58,16,النحل,58,273,48.5,436.5,273,48.5,436.0,CORRECT,مطابق,16:58,0.5,0.5,START_ANCHOR_OK_EXTRA_BLANK_TAIL_RECT,المرساة صحيحة لكن يوجد مستطيل زائد فوق فراغ قبل السطر التالي,False,True,احذف أول مستطيل الفارغ وابدأ من يمين السطر التالي
16:59,16,النحل,59,273,342.0,672.25,273,342.0,672.0,CORRECT,مطابق,16:59,0.25,0.25,START_ANCHOR_OK_EXTRA_BLANK_TAIL_RECT,المرساة صحيحة لكن يوجد مستطيل زائد فوق فراغ قبل السطر التالي,False,True,احذف أول مستطيل الفارغ وابدأ من يمين السطر التالي
16:61,16,النحل,61,273,652.25,1144.5,273,652.0,1144.0,CORRECT,مطابق,16:61,0.56,0.56,START_ANCHOR_OK_EXTRA_BLANK_TAIL_RECT,المرساة صحيحة لكن يوجد مستطيل زائد فوق فراغ قبل السطر التالي,False,True,احذف أول مستطيل الفارغ وابدأ من يمين السطر التالي
16:67,16,النحل,67,274,458.0,550.5,274,457.5,550.0,CORRECT,مطابق,16:67,0.71,0.71,START_ANCHOR_OK_EXTRA_BLANK_TAIL_RECT,المرساة صحيحة لكن يوجد مستطيل زائد فوق فراغ قبل السطر التالي,False,True,احذف أول مستطيل الفارغ وابدأ من يمين السطر التالي
16:71,16,النحل,71,274,743.0,1493.5,274,743.0,1493.0,CORRECT,مطابق,16:71,0.5,0.5,START_ANCHOR_OK_EXTRA_BLANK_TAIL_RECT,المرساة صحيحة لكن يوجد مستطيل زائد فوق فراغ قبل السطر التالي,False,True,احذف أول مستطيل الفارغ وابدأ من يمين السطر التالي
16:74,16,النحل,74,275,515.5,310.25,275,494.0,310.0,CENTER_OFFSET,انحراف في مركز العلامة,16:74,21.5,21.5,START_ANCHOR_OK,مرساة البداية مطابقة لعلامة الآية السابقة,True,False,الموضع قريب من العلامة الصحيحة لكنه منحرف أكثر من 8 بكسل
16:75,16,النحل,75,275,575.5,664.5,275,575.0,664.0,CORRECT,مطابق,16:75,0.71,0.71,START_ANCHOR_WRONG_OR_MISSING,مرساة البداية خاطئة أو مفقودة,False,True,
16:78,16,النحل,78,275,856.0,1608.75,275,856.0,1608.0,CORRECT,مطابق,16:78,0.75,0.75,START_ANCHOR_OK_EXTRA_BLANK_TAIL_RECT,المرساة صحيحة لكن يوجد مستطيل زائد فوق فراغ قبل السطر التالي,False,True,احذف أول مستطيل الفارغ وابدأ من يمين السطر التالي
16:81,16,النحل,81,276,539.0,783.5,276,539.0,783.0,CORRECT,مطابق,16:81,0.5,0.5,START_ANCHOR_OK_EXTRA_BLANK_TAIL_RECT,المرساة صحيحة لكن يوجد مستطيل زائد فوق فراغ قبل السطر التالي,False,True,احذف أول مستطيل الفارغ وابدأ من يمين السطر التالي
16:85,16,النحل,85,276,830.5,1373.5,276,830.0,1373.0,CORRECT,مطابق,16:85,0.71,0.71,START_ANCHOR_OK_EXTRA_BLANK_TAIL_RECT,المرساة صحيحة لكن يوجد مستطيل زائد فوق فراغ قبل السطر التالي,False,True,احذف أول مستطيل الفارغ وابدأ من يمين السطر التالي
16:91,16,النحل,91,277,581.5,1141.5,277,581.5,1141.0,CORRECT,مطابق,16:91,0.5,0.5,START_ANCHOR_OK_EXTRA_BLANK_TAIL_RECT,المرساة صحيحة لكن يوجد مستطيل زائد فوق فراغ قبل السطر التالي,False,True,احذف أول مستطيل الفارغ وابدأ من يمين السطر التالي
16:93,16,النحل,93,277,52.5,1730.75,277,52.5,1730.0,CORRECT,مطابق,16:93,0.75,0.75,START_ANCHOR_OK_EXTRA_BLANK_TAIL_RECT,المرساة صحيحة لكن يوجد مستطيل زائد فوق فراغ قبل السطر التالي,False,True,احذف أول مستطيل الفارغ وابدأ من يمين السطر التالي
16:98,16,النحل,98,278,52.5,1023.75,278,52.0,1023.5,CORRECT,مطابق,16:98,0.56,0.56,START_ANCHOR_OK_EXTRA_BLANK_TAIL_RECT,المرساة صحيحة لكن يوجد مستطيل زائد فوق فراغ قبل السطر التالي,False,True,احذف أول مستطيل الفارغ وابدأ من يمين السطر التالي
16:99,16,النحل,99,278,811.0,1260.5,278,811.0,1260.0,CORRECT,مطابق,16:99,0.5,0.5,START_ANCHOR_OK_EXTRA_BLANK_TAIL_RECT,المرساة صحيحة لكن يوجد مستطيل زائد فوق فراغ قبل السطر التالي,False,True,احذف أول مستطيل الفارغ وابدأ من يمين السطر التالي
16:104,16,النحل,104,279,683.5,435.5,279,684.0,435.0,CORRECT,مطابق,16:104,0.71,0.71,START_ANCHOR_OK_EXTRA_BLANK_TAIL_RECT,المرساة صحيحة لكن يوجد مستطيل زائد فوق فراغ قبل السطر التالي,False,True,احذف أول مستطيل الفارغ وابدأ من يمين السطر التالي
16:106,16,النحل,106,279,48.5,906.5,279,49.0,906.0,CORRECT,مطابق,16:106,0.71,0.71,START_ANCHOR_OK_EXTRA_BLANK_TAIL_RECT,المرساة صحيحة لكن يوجد مستطيل زائد فوق فراغ قبل السطر التالي,False,True,احذف أول مستطيل الفارغ وابدأ من يمين السطر التالي
16:107,16,النحل,107,279,48.5,1142.5,279,48.5,1142.0,CORRECT,مطابق,16:107,0.5,0.5,START_ANCHOR_OK_EXTRA_BLANK_TAIL_RECT,المرساة صحيحة لكن يوجد مستطيل زائد فوق فراغ قبل السطر التالي,False,True,احذف أول مستطيل الفارغ وابدأ من يمين السطر التالي
16:108,16,النحل,108,279,213.5,1378.25,279,213.5,1378.0,CORRECT,مطابق,16:108,0.25,0.25,START_ANCHOR_OK_EXTRA_BLANK_TAIL_RECT,المرساة صحيحة لكن يوجد مستطيل زائد فوق فراغ قبل السطر التالي,False,True,احذف أول مستطيل الفارغ وابدأ من يمين السطر التالي
16:114,16,النحل,114,280,275.5,907.5,280,275.5,907.0,CORRECT,مطابق,16:114,0.5,0.5,START_ANCHOR_OK_EXTRA_BLANK_TAIL_RECT,المرساة صحيحة لكن يوجد مستطيل زائد فوق فراغ قبل السطر التالي,False,True,احذف أول مستطيل الفارغ وابدأ من يمين السطر التالي
16:121,16,النحل,121,281,54.0,422.25,281,53.5,422.0,CORRECT,مطابق,16:121,0.56,0.56,START_ANCHOR_OK_EXTRA_BLANK_TAIL_RECT,المرساة صحيحة لكن يوجد مستطيل زائد فوق فراغ قبل السطر التالي,False,True,احذف أول مستطيل الفارغ وابدأ من يمين السطر التالي
16:122,16,النحل,122,281,54.0,540.5,281,54.0,540.0,CORRECT,مطابق,16:122,0.5,0.5,START_ANCHOR_OK_EXTRA_BLANK_TAIL_RECT,المرساة صحيحة لكن يوجد مستطيل زائد فوق فراغ قبل السطر التالي,False,True,احذف أول مستطيل الفارغ وابدأ من يمين السطر التالي
16:123,16,النحل,123,281,711.5,776.5,281,711.5,776.0,CORRECT,مطابق,16:123,0.5,0.5,START_ANCHOR_OK_EXTRA_BLANK_TAIL_RECT,المرساة صحيحة لكن يوجد مستطيل زائد فوق فراغ قبل السطر التالي,False,True,احذف أول مستطيل الفارغ وابدأ من يمين السطر التالي
16:126,16,النحل,126,281,444.0,1483.5,281,444.0,1483.0,CORRECT,مطابق,16:126,0.5,0.5,START_ANCHOR_OK_EXTRA_BLANK_TAIL_RECT,المرساة صحيحة لكن يوجد مستطيل زائد فوق فراغ قبل السطر التالي,False,True,احذف أول مستطيل الفارغ وابدأ من يمين السطر التالي
16:128,16,النحل,128,281,54.0,1720.0,281,53.5,1719.5,CORRECT,مطابق,16:128,0.71,0.71,START_ANCHOR_OK_EXTRA_BLANK_TAIL_RECT,المرساة صحيحة لكن يوجد مستطيل زائد فوق فراغ قبل السطر التالي,False,True,احذف أول مستطيل الفارغ وابدأ من يمين السطر التالي
17:1,17,الإسراء,1,282,682.0,550.5,282,682.0,550.0,CORRECT,مطابق,17:1,0.5,0.5,MULTILINE_SURAH_START_TRUNCATED,بداية سورة متعددة الأسطر؛ الأسطر الأولى غير مشمولة,False,True,المولد الحالي يبدأ من سطر النهاية ويفقد الأسطر السابقة
17:3,17,الإسراء,3,282,51.5,786.0,282,52.0,785.5,CORRECT,مطابق,17:3,0.71,0.71,START_ANCHOR_OK_EXTRA_BLANK_TAIL_RECT,المرساة صحيحة لكن يوجد مستطيل زائد فوق فراغ قبل السطر التالي,False,True,احذف أول مستطيل الفارغ وابدأ من يمين السطر التالي
17:4,17,الإسراء,4,282,518.5,1023.75,282,519.0,1023.5,CORRECT,مطابق,17:4,0.56,0.56,START_ANCHOR_OK_EXTRA_BLANK_TAIL_RECT,المرساة صحيحة لكن يوجد مستطيل زائد فوق فراغ قبل السطر التالي,False,True,احذف أول مستطيل الفارغ وابدأ من يمين السطر التالي
17:7,17,الإسراء,7,282,51.75,1734.25,282,52.0,1734.0,CORRECT,مطابق,17:7,0.35,0.35,START_ANCHOR_OK_EXTRA_BLANK_TAIL_RECT,المرساة صحيحة لكن يوجد مستطيل زائد فوق فراغ قبل السطر التالي,False,True,احذف أول مستطيل الفارغ وابدأ من يمين السطر التالي
17:10,17,الإسراء,10,283,53.25,431.5,283,53.0,431.0,CORRECT,مطابق,17:10,0.56,0.56,START_ANCHOR_OK_EXTRA_BLANK_TAIL_RECT,المرساة صحيحة لكن يوجد مستطيل زائد فوق فراغ قبل السطر التالي,False,True,احذف أول مستطيل الفارغ وابدأ من يمين السطر التالي
17:11,17,الإسراء,11,283,53.25,549.25,283,53.0,549.0,CORRECT,مطابق,17:11,0.35,0.35,START_ANCHOR_OK_EXTRA_BLANK_TAIL_RECT,المرساة صحيحة لكن يوجد مستطيل زائد فوق فراغ قبل السطر التالي,False,True,احذف أول مستطيل الفارغ وابدأ من يمين السطر التالي
17:12,17,الإسراء,12,283,230.0,901.75,283,230.0,901.0,CORRECT,مطابق,17:12,0.75,0.75,START_ANCHOR_OK_EXTRA_BLANK_TAIL_RECT,المرساة صحيحة لكن يوجد مستطيل زائد فوق فراغ قبل السطر التالي,False,True,احذف أول مستطيل الفارغ وابدأ من يمين السطر التالي
17:15,17,الإسراء,15,283,933.5,1490.5,283,934.0,1490.0,CORRECT,مطابق,17:15,0.71,0.71,START_ANCHOR_OK_EXTRA_BLANK_TAIL_RECT,المرساة صحيحة لكن يوجد مستطيل زائد فوق فراغ قبل السطر التالي,False,True,احذف أول مستطيل الفارغ وابدأ من يمين السطر التالي
17:22,17,الإسراء,22,284,926.0,904.25,284,904.5,904.0,CENTER_OFFSET,انحراف في مركز العلامة,17:22,21.5,21.5,START_ANCHOR_OK,مرساة البداية مطابقة لعلامة الآية السابقة,True,False,الموضع قريب من العلامة الصحيحة لكنه منحرف أكثر من 8 بكسل
17:23,17,الإسراء,23,284,320.5,1140.0,284,320.5,1139.5,CORRECT,مطابق,17:23,0.5,0.5,START_ANCHOR_WRONG_OR_MISSING,مرساة البداية خاطئة أو مفقودة,False,True,
17:37,17,الإسراء,37,285,830.5,1725.5,285,830.0,1725.0,CORRECT,مطابق,17:37,0.71,0.71,START_ANCHOR_OK_EXTRA_BLANK_TAIL_RECT,المرساة صحيحة لكن يوجد مستطيل زائد فوق فراغ قبل السطر التالي,False,True,احذف أول مستطيل الفارغ وابدأ من يمين السطر التالي
17:41,17,الإسراء,41,286,48.0,439.5,286,48.0,439.0,CORRECT,مطابق,17:41,0.5,0.5,START_ANCHOR_OK_EXTRA_BLANK_TAIL_RECT,المرساة صحيحة لكن يوجد مستطيل زائد فوق فراغ قبل السطر التالي,False,True,احذف أول مستطيل الفارغ وابدأ من يمين السطر التالي
17:42,17,الإسراء,42,286,48.0,556.75,286,48.0,556.5,CORRECT,مطابق,17:42,0.25,0.25,START_ANCHOR_OK_EXTRA_BLANK_TAIL_RECT,المرساة صحيحة لكن يوجد مستطيل زائد فوق فراغ قبل السطر التالي,False,True,احذف أول مستطيل الفارغ وابدأ من يمين السطر التالي
17:43,17,الإسراء,43,286,374.5,674.75,286,374.0,674.5,CORRECT,مطابق,17:43,0.56,0.56,START_ANCHOR_OK_EXTRA_BLANK_TAIL_RECT,المرساة صحيحة لكن يوجد مستطيل زائد فوق فراغ قبل السطر التالي,False,True,احذف أول مستطيل الفارغ وابدأ من يمين السطر التالي
17:47,17,الإسراء,47,286,168.5,1498.0,286,168.5,1497.5,CORRECT,مطابق,17:47,0.5,0.5,START_ANCHOR_OK_EXTRA_BLANK_TAIL_RECT,المرساة صحيحة لكن يوجد مستطيل زائد فوق فراغ قبل السطر التالي,False,True,احذف أول مستطيل الفارغ وابدأ من يمين السطر التالي
17:49,17,الإسراء,49,286,48.0,1733.5,286,48.0,1733.0,CORRECT,مطابق,17:49,0.5,0.5,START_ANCHOR_OK_EXTRA_BLANK_TAIL_RECT,المرساة صحيحة لكن يوجد مستطيل زائد فوق فراغ قبل السطر التالي,False,True,احذف أول مستطيل الفارغ وابدأ من يمين السطر التالي
17:61,17,الإسراء,61,288,501.75,791.25,288,502.0,791.0,CORRECT,مطابق,17:61,0.35,0.35,START_ANCHOR_OK_EXTRA_BLANK_TAIL_RECT,المرساة صحيحة لكن يوجد مستطيل زائد فوق فراغ قبل السطر التالي,False,True,احذف أول مستطيل الفارغ وابدأ من يمين السطر التالي
17:80,17,الإسراء,80,290,427.25,906.0,290,427.0,905.5,CORRECT,مطابق,17:80,0.56,0.56,START_ANCHOR_OK_EXTRA_BLANK_TAIL_RECT,المرساة صحيحة لكن يوجد مستطيل زائد فوق فراغ قبل السطر التالي,False,True,احذف أول مستطيل الفارغ وابدأ من يمين السطر التالي
17:83,17,الإسراء,83,290,781.0,1376.5,290,780.5,1376.0,CORRECT,مطابق,17:83,0.71,0.71,START_ANCHOR_OK_EXTRA_BLANK_TAIL_RECT,المرساة صحيحة لكن يوجد مستطيل زائد فوق فراغ قبل السطر التالي,False,True,احذف أول مستطيل الفارغ وابدأ من يمين السطر التالي
17:89,17,الإسراء,89,291,677.5,551.0,291,678.0,550.5,CORRECT,مطابق,17:89,0.71,0.71,START_ANCHOR_OK_EXTRA_BLANK_TAIL_RECT,المرساة صحيحة لكن يوجد مستطيل زائد فوق فراغ قبل السطر التالي,False,True,احذف أول مستطيل الفارغ وابدأ من يمين السطر التالي
17:98,17,الإسراء,98,292,383.0,553.25,292,361.0,553.0,CENTER_OFFSET,انحراف في مركز العلامة,17:98,22.0,22.0,START_ANCHOR_OK_EXTRA_BLANK_TAIL_RECT,المرساة صحيحة لكن يوجد مستطيل زائد فوق فراغ قبل السطر التالي,True,True,الموضع قريب من العلامة الصحيحة لكنه منحرف أكثر من 8 بكسل؛ احذف أول مستطيل الفارغ وابدأ من يمين السطر التالي
17:99,17,الإسراء,99,292,48.0,788.5,292,48.0,788.0,CORRECT,مطابق,17:99,0.5,0.5,START_ANCHOR_WRONG_OR_MISSING,مرساة البداية خاطئة أو مفقودة,False,True,
17:100,17,الإسراء,100,292,488.5,1024.25,292,488.0,1024.0,CORRECT,مطابق,17:100,0.56,0.56,START_ANCHOR_OK_EXTRA_BLANK_TAIL_RECT,المرساة صحيحة لكن يوجد مستطيل زائد فوق فراغ قبل السطر التالي,False,True,احذف أول مستطيل الفارغ وابدأ من يمين السطر التالي
17:106,17,الإسراء,106,293,47.5,200.0,293,47.0,199.5,CORRECT,مطابق,17:106,0.71,0.71,START_ANCHOR_OK_EXTRA_BLANK_TAIL_RECT,المرساة صحيحة لكن يوجد مستطيل زائد فوق فراغ قبل السطر التالي,False,True,احذف أول مستطيل الفارغ وابدأ من يمين السطر التالي
17:107,17,الإسراء,107,293,533.5,438.75,293,533.5,438.0,CORRECT,مطابق,17:107,0.75,0.75,START_ANCHOR_OK_EXTRA_BLANK_TAIL_RECT,المرساة صحيحة لكن يوجد مستطيل زائد فوق فراغ قبل السطر التالي,False,True,احذف أول مستطيل الفارغ وابدأ من يمين السطر التالي
17:109,17,الإسراء,109,293,887.5,675.5,293,909.0,675.0,CENTER_OFFSET,انحراف في مركز العلامة,17:109,21.51,21.51,START_ANCHOR_OK,مرساة البداية مطابقة لعلامة الآية السابقة,True,False,الموضع قريب من العلامة الصحيحة لكنه منحرف أكثر من 8 بكسل
17:110,17,الإسراء,110,293,776.5,913.25,293,776.0,913.0,CORRECT,مطابق,17:110,0.56,0.56,START_ANCHOR_WRONG_OR_MISSING,مرساة البداية خاطئة أو مفقودة,False,True,
18:1,18,الكهف,1,293,46.0,1387.5,293,46.0,1387.0,CORRECT,مطابق,18:1,0.5,0.5,SURAH_HEADER_GAP_INCLUDED,بداية السورة تضم فاصل العنوان والبسملة ضمن منطقة الآية,False,True,يجب أن تبدأ المنطقة بعد عنوان السورة/البسملة
18:2,18,الكهف,2,293,47.5,1625.25,293,47.0,1625.0,CORRECT,مطابق,18:2,0.56,0.56,START_ANCHOR_OK_EXTRA_BLANK_TAIL_RECT,المرساة صحيحة لكن يوجد مستطيل زائد فوق فراغ قبل السطر التالي,False,True,احذف أول مستطيل الفارغ وابدأ من يمين السطر التالي
18:3,18,الكهف,3,293,753.25,1743.25,293,753.0,1742.5,CORRECT,مطابق,18:3,0.79,0.79,START_ANCHOR_OK_EXTRA_BLANK_TAIL_RECT,المرساة صحيحة لكن يوجد مستطيل زائد فوق فراغ قبل السطر التالي,False,True,احذف أول مستطيل الفارغ وابدأ من يمين السطر التالي
18:8,18,الكهف,8,294,271.0,531.0,294,271.0,531.0,CORRECT,مطابق,18:8,0.0,0.0,START_ANCHOR_OK_EXTRA_BLANK_TAIL_RECT,المرساة صحيحة لكن يوجد مستطيل زائد فوق فراغ قبل السطر التالي,False,True,احذف أول مستطيل الفارغ وابدأ من يمين السطر التالي
18:10,18,الكهف,10,294,458.75,884.25,294,459.0,884.0,CORRECT,مطابق,18:10,0.35,0.35,START_ANCHOR_OK_EXTRA_BLANK_TAIL_RECT,المرساة صحيحة لكن يوجد مستطيل زائد فوق فراغ قبل السطر التالي,False,True,احذف أول مستطيل الفارغ وابدأ من يمين السطر التالي
18:14,18,الكهف,14,294,46.75,1473.25,294,47.0,1473.0,CORRECT,مطابق,18:14,0.35,0.35,START_ANCHOR_OK_EXTRA_BLANK_TAIL_RECT,المرساة صحيحة لكن يوجد مستطيل زائد فوق فراغ قبل السطر التالي,False,True,احذف أول مستطيل الفارغ وابدأ من يمين السطر التالي
18:15,18,الكهف,15,294,47.0,1708.5,294,47.0,1708.0,CORRECT,مطابق,18:15,0.5,0.5,START_ANCHOR_OK_EXTRA_BLANK_TAIL_RECT,المرساة صحيحة لكن يوجد مستطيل زائد فوق فراغ قبل السطر التالي,False,True,احذف أول مستطيل الفارغ وابدأ من يمين السطر التالي
18:17,18,الكهف,17,295,411.5,668.5,295,411.0,668.0,CORRECT,مطابق,18:17,0.71,0.71,START_ANCHOR_OK_EXTRA_BLANK_TAIL_RECT,المرساة صحيحة لكن يوجد مستطيل زائد فوق فراغ قبل السطر التالي,False,True,احذف أول مستطيل الفارغ وابدأ من يمين السطر التالي
18:25,18,الكهف,25,296,47.0,1256.0,296,47.0,1255.5,CORRECT,مطابق,18:25,0.5,0.5,START_ANCHOR_OK_EXTRA_BLANK_TAIL_RECT,المرساة صحيحة لكن يوجد مستطيل زائد فوق فراغ قبل السطر التالي,False,True,احذف أول مستطيل الفارغ وابدأ من يمين السطر التالي
18:26,18,الكهف,26,296,675.0,1609.0,296,675.0,1609.0,CORRECT,مطابق,18:26,0.0,0.0,START_ANCHOR_OK_EXTRA_BLANK_TAIL_RECT,المرساة صحيحة لكن يوجد مستطيل زائد فوق فراغ قبل السطر التالي,False,True,احذف أول مستطيل الفارغ وابدأ من يمين السطر التالي
18:38,18,الكهف,38,298,334.25,542.5,298,334.0,542.0,CORRECT,مطابق,18:38,0.56,0.56,START_ANCHOR_OK_EXTRA_BLANK_TAIL_RECT,المرساة صحيحة لكن يوجد مستطيل زائد فوق فراغ قبل السطر التالي,False,True,احذف أول مستطيل الفارغ وابدأ من يمين السطر التالي
18:52,18,الكهف,52,299,336.0,1604.5,299,336.0,1604.0,CORRECT,مطابق,18:52,0.5,0.5,START_ANCHOR_OK_EXTRA_BLANK_TAIL_RECT,المرساة صحيحة لكن يوجد مستطيل زائد فوق فراغ قبل السطر التالي,False,True,احذف أول مستطيل الفارغ وابدأ من يمين السطر التالي
18:57,18,الكهف,57,300,978.5,1137.5,300,978.0,1137.0,CORRECT,مطابق,18:57,0.71,0.71,START_ANCHOR_OK_EXTRA_BLANK_TAIL_RECT,المرساة صحيحة لكن يوجد مستطيل زائد فوق فراغ قبل السطر التالي,False,True,احذف أول مستطيل الفارغ وابدأ من يمين السطر التالي
18:71,18,الكهف,71,301,364.5,1370.0,301,364.5,1369.5,CORRECT,مطابق,18:71,0.5,0.5,START_ANCHOR_OK_EXTRA_BLANK_TAIL_RECT,المرساة صحيحة لكن يوجد مستطيل زائد فوق فراغ قبل السطر التالي,False,True,احذف أول مستطيل الفارغ وابدأ من يمين السطر التالي
18:83,18,الكهف,83,302,44.25,1731.5,302,44.5,1731.0,CORRECT,مطابق,18:83,0.56,0.56,START_ANCHOR_OK_EXTRA_BLANK_TAIL_RECT,المرساة صحيحة لكن يوجد مستطيل زائد فوق فراغ قبل السطر التالي,False,True,احذف أول مستطيل الفارغ وابدأ من يمين السطر التالي
18:98,18,الكهف,98,304,977.5,203.25,304,956.0,203.0,CENTER_OFFSET,انحراف في مركز العلامة,18:98,21.5,21.5,PAGE_START_OK_APPROX_TOP_LINE,بداية صفحة سليمة مع إحداثي علوي تقريبي,True,False,الموضع قريب من العلامة الصحيحة لكنه منحرف أكثر من 8 بكسل
18:99,18,الكهف,99,304,808.0,320.5,304,808.0,320.0,CORRECT,مطابق,18:99,0.5,0.5,START_ANCHOR_WRONG_OR_MISSING,مرساة البداية خاطئة أو مفقودة,False,True,
18:102,18,الكهف,102,304,617.0,674.25,304,617.0,674.0,CORRECT,مطابق,18:102,0.25,0.25,START_ANCHOR_OK_EXTRA_BLANK_TAIL_RECT,المرساة صحيحة لكن يوجد مستطيل زائد فوق فراغ قبل السطر التالي,False,True,احذف أول مستطيل الفارغ وابدأ من يمين السطر التالي
18:104,18,الكهف,104,304,958.5,910.0,304,958.5,909.5,CORRECT,مطابق,18:104,0.5,0.5,START_ANCHOR_OK_EXTRA_BLANK_TAIL_RECT,المرساة صحيحة لكن يوجد مستطيل زائد فوق فراغ قبل السطر التالي,False,True,احذف أول مستطيل الفارغ وابدأ من يمين السطر التالي
19:5,19,مريم,5,305,412.75,784.5,305,413.0,784.0,CORRECT,مطابق,19:5,0.56,0.56,START_ANCHOR_OK_EXTRA_BLANK_TAIL_RECT,المرساة صحيحة لكن يوجد مستطيل زائد فوق فراغ قبل السطر التالي,False,True,احذف أول مستطيل الفارغ وابدأ من يمين السطر التالي
19:8,19,مريم,8,305,430.5,1259.5,305,430.5,1259.0,CORRECT,مطابق,19:8,0.5,0.5,START_ANCHOR_OK_EXTRA_BLANK_TAIL_RECT,المرساة صحيحة لكن يوجد مستطيل زائد فوق فراغ قبل السطر التالي,False,True,احذف أول مستطيل الفارغ وابدأ من يمين السطر التالي
19:13,19,مريم,13,306,369.5,195.5,306,369.0,195.0,CORRECT,مطابق,19:13,0.71,0.71,START_ANCHOR_OK_EXTRA_BLANK_TAIL_RECT,المرساة صحيحة لكن يوجد مستطيل زائد فوق فراغ قبل السطر التالي,False,True,احذف أول مستطيل الفارغ وابدأ من يمين السطر التالي
19:24,19,مريم,24,306,45.5,1606.5,306,46.0,1606.0,CORRECT,مطابق,19:24,0.71,0.71,START_ANCHOR_OK_EXTRA_BLANK_TAIL_RECT,المرساة صحيحة لكن يوجد مستطيل زائد فوق فراغ قبل السطر التالي,False,True,احذف أول مستطيل الفارغ وابدأ من يمين السطر التالي
19:25,19,مريم,25,306,45.75,1724.5,306,46.0,1724.0,CORRECT,مطابق,19:25,0.56,0.56,START_ANCHOR_OK_EXTRA_BLANK_TAIL_RECT,المرساة صحيحة لكن يوجد مستطيل زائد فوق فراغ قبل السطر التالي,False,True,احذف أول مستطيل الفارغ وابدأ من يمين السطر التالي
19:28,19,مريم,28,307,878.5,549.25,307,879.0,549.0,CORRECT,مطابق,19:28,0.56,0.56,START_ANCHOR_OK_EXTRA_BLANK_TAIL_RECT,المرساة صحيحة لكن يوجد مستطيل زائد فوق فراغ قبل السطر التالي,False,True,احذف أول مستطيل الفارغ وابدأ من يمين السطر التالي
19:41,19,مريم,41,308,258.5,315.5,308,259.0,315.0,CORRECT,مطابق,19:41,0.71,0.71,START_ANCHOR_OK_EXTRA_BLANK_TAIL_RECT,المرساة صحيحة لكن يوجد مستطيل زائد فوق فراغ قبل السطر التالي,False,True,احذف أول مستطيل الفارغ وابدأ من يمين السطر التالي
19:43,19,مريم,43,308,962.0,668.25,308,962.0,668.0,CORRECT,مطابق,19:43,0.25,0.25,START_ANCHOR_OK_EXTRA_BLANK_TAIL_RECT,المرساة صحيحة لكن يوجد مستطيل زائد فوق فراغ قبل السطر التالي,False,True,احذف أول مستطيل الفارغ وابدأ من يمين السطر التالي
19:48,19,مريم,48,308,582.5,1373.75,308,582.0,1373.5,CORRECT,مطابق,19:48,0.56,0.56,START_ANCHOR_OK_EXTRA_BLANK_TAIL_RECT,المرساة صحيحة لكن يوجد مستطيل زائد فوق فراغ قبل السطر التالي,False,True,احذف أول مستطيل الفارغ وابدأ من يمين السطر التالي
19:50,19,مريم,50,308,43.5,1609.5,308,44.0,1609.0,CORRECT,مطابق,19:50,0.71,0.71,START_ANCHOR_OK_EXTRA_BLANK_TAIL_RECT,المرساة صحيحة لكن يوجد مستطيل زائد فوق فراغ قبل السطر التالي,False,True,احذف أول مستطيل الفارغ وابدأ من يمين السطر التالي
19:51,19,مريم,51,308,43.5,1727.5,308,44.0,1727.0,CORRECT,مطابق,19:51,0.71,0.71,START_ANCHOR_OK_EXTRA_BLANK_TAIL_RECT,المرساة صحيحة لكن يوجد مستطيل زائد فوق فراغ قبل السطر التالي,False,True,احذف أول مستطيل الفارغ وابدأ من يمين السطر التالي
19:58,19,مريم,58,309,422.0,908.0,309,470.0,906.0,NON_AYAH_SYMBOL_OR_BAD_CENTER,رمز غير علامة آية أو مركز غير صحيح,19:58,48.04,48.04,START_ANCHOR_OK,مرساة البداية مطابقة لعلامة الآية السابقة,True,False,مرجح: التقط رمز السجدة بدل دائرة رقم الآية
19:59,19,مريم,59,309,41.5,1026.25,309,400.0,907.5,MISASSIGNED_TO_OTHER_AYAH,منسوب إلى علامة آية أخرى,19:58,377.66,22.01,START_ANCHOR_WRONG_OR_MISSING,مرساة البداية خاطئة أو مفقودة,True,True,الموضع المخزن أقرب إلى 19:58
19:60,19,مريم,60,309,728.0,1261.25,309,42.0,1026.0,MISASSIGNED_TO_OTHER_AYAH,منسوب إلى علامة آية أخرى,19:59,725.22,0.56,START_ANCHOR_WRONG_OR_MISSING,مرساة البداية خاطئة أو مفقودة,True,True,الموضع المخزن أقرب إلى 19:59
19:61,19,مريم,61,309,529.0,1379.0,309,728.0,1261.0,MISASSIGNED_TO_OTHER_AYAH,منسوب إلى علامة آية أخرى,19:60,231.35,0.25,START_ANCHOR_WRONG_OR_MISSING,مرساة البداية خاطئة أو مفقودة,True,True,الموضع المخزن أقرب إلى 19:60
19:62,19,مريم,62,309,368.0,1496.5,309,529.0,1378.5,MISASSIGNED_TO_OTHER_AYAH,منسوب إلى علامة آية أخرى,19:61,199.61,0.5,START_ANCHOR_WRONG_OR_MISSING,مرساة البداية خاطئة أو مفقودة,True,True,الموضع المخزن أقرب إلى 19:61
19:63,19,مريم,63,309,553.5,1613.5,309,368.0,1496.0,MISASSIGNED_TO_OTHER_AYAH,منسوب إلى علامة آية أخرى,19:62,219.58,0.5,START_ANCHOR_WRONG_OR_MISSING,مرساة البداية خاطئة أو مفقودة,True,True,الموضع المخزن أقرب إلى 19:62
19:64,19,مريم,64,309,43.0,1731.5,309,553.5,1613.0,MISASSIGNED_TO_OTHER_AYAH,منسوب إلى علامة آية أخرى,19:63,524.07,0.5,START_ANCHOR_WRONG_OR_MISSING,مرساة البداية خاطئة أو مفقودة,True,True,الموضع المخزن أقرب إلى 19:63
19:74,19,مريم,74,310,44.0,1251.75,310,44.0,1251.0,CORRECT,مطابق,19:74,0.75,0.75,START_ANCHOR_OK_EXTRA_BLANK_TAIL_RECT,المرساة صحيحة لكن يوجد مستطيل زائد فوق فراغ قبل السطر التالي,False,True,احذف أول مستطيل الفارغ وابدأ من يمين السطر التالي
19:75,19,مريم,75,310,637.0,1605.25,310,637.0,1605.0,CORRECT,مطابق,19:75,0.25,0.25,START_ANCHOR_OK_EXTRA_BLANK_TAIL_RECT,المرساة صحيحة لكن يوجد مستطيل زائد فوق فراغ قبل السطر التالي,False,True,احذف أول مستطيل الفارغ وابدأ من يمين السطر التالي
19:78,19,مريم,78,311,204.5,202.5,311,204.5,202.0,CORRECT,مطابق,19:78,0.5,0.5,START_ANCHOR_OK_EXTRA_BLANK_TAIL_RECT,المرساة صحيحة لكن يوجد مستطيل زائد فوق فراغ قبل السطر التالي,False,True,احذف أول مستطيل الفارغ وابدأ من يمين السطر التالي
19:85,19,مريم,85,311,382.5,908.75,311,382.5,908.0,CORRECT,مطابق,19:85,0.75,0.75,START_ANCHOR_OK_EXTRA_BLANK_TAIL_RECT,المرساة صحيحة لكن يوجد مستطيل زائد فوق فراغ قبل السطر التالي,False,True,احذف أول مستطيل الفارغ وابدأ من يمين السطر التالي
19:92,19,مريم,92,311,370.5,1498.5,311,370.5,1498.0,CORRECT,مطابق,19:92,0.5,0.5,START_ANCHOR_OK_EXTRA_BLANK_TAIL_RECT,المرساة صحيحة لكن يوجد مستطيل زائد فوق فراغ قبل السطر التالي,False,True,احذف أول مستطيل الفارغ وابدأ من يمين السطر التالي
20:1,20,طه,1,312,985.5,778.0,312,986.0,778.0,CORRECT,مطابق,20:1,0.5,0.5,SURAH_HEADER_GAP_INCLUDED,بداية السورة تضم فاصل العنوان والبسملة ضمن منطقة الآية,False,True,يجب أن تبدأ المنطقة بعد عنوان السورة/البسملة
20:5,20,طه,5,312,511.0,1014.5,312,511.0,1014.0,CORRECT,مطابق,20:5,0.5,0.5,START_ANCHOR_OK_EXTRA_BLANK_TAIL_RECT,المرساة صحيحة لكن يوجد مستطيل زائد فوق فراغ قبل السطر التالي,False,True,احذف أول مستطيل الفارغ وابدأ من يمين السطر التالي
20:41,20,طه,41,314,651.5,794.75,314,651.5,794.5,CORRECT,مطابق,20:41,0.25,0.25,START_ANCHOR_OK_EXTRA_BLANK_TAIL_RECT,المرساة صحيحة لكن يوجد مستطيل زائد فوق فراغ قبل السطر التالي,False,True,احذف أول مستطيل الفارغ وابدأ من يمين السطر التالي
20:47,20,طه,47,314,908.0,1502.75,314,908.0,1502.5,CORRECT,مطابق,20:47,0.25,0.25,START_ANCHOR_OK_EXTRA_BLANK_TAIL_RECT,المرساة صحيحة لكن يوجد مستطيل زائد فوق فراغ قبل السطر التالي,False,True,احذف أول مستطيل الفارغ وابدأ من يمين السطر التالي
20:60,20,طه,60,315,240.5,1137.0,315,240.0,1137.0,CORRECT,مطابق,20:60,0.5,0.5,START_ANCHOR_OK_EXTRA_BLANK_TAIL_RECT,المرساة صحيحة لكن يوجد مستطيل زائد فوق فراغ قبل السطر التالي,False,True,احذف أول مستطيل الفارغ وابدأ من يمين السطر التالي
20:64,20,طه,64,315,47.25,1725.0,315,47.0,1725.0,CORRECT,مطابق,20:64,0.25,0.25,START_ANCHOR_OK_EXTRA_BLANK_TAIL_RECT,المرساة صحيحة لكن يوجد مستطيل زائد فوق فراغ قبل السطر التالي,False,True,احذف أول مستطيل الفارغ وابدأ من يمين السطر التالي
20:93,20,طه,93,318,551.5,778.75,318,551.5,778.0,CORRECT,مطابق,20:93,0.75,0.75,START_ANCHOR_OK_EXTRA_BLANK_TAIL_RECT,المرساة صحيحة لكن يوجد مستطيل زائد فوق فراغ قبل السطر التالي,False,True,احذف أول مستطيل الفارغ وابدأ من يمين السطر التالي
20:101,20,طه,101,319,237.0,317.75,319,237.0,317.0,CORRECT,مطابق,20:101,0.75,0.75,START_ANCHOR_OK_EXTRA_BLANK_TAIL_RECT,المرساة صحيحة لكن يوجد مستطيل زائد فوق فراغ قبل السطر التالي,False,True,احذف أول مستطيل الفارغ وابدأ من يمين السطر التالي
20:107,20,طه,107,319,573.75,906.25,319,573.5,906.0,CORRECT,مطابق,20:107,0.35,0.35,START_ANCHOR_OK_EXTRA_BLANK_TAIL_RECT,المرساة صحيحة لكن يوجد مستطيل زائد فوق فراغ قبل السطر التالي,False,True,احذف أول مستطيل الفارغ وابدأ من يمين السطر التالي
20:109,20,طه,109,319,977.5,1258.75,319,977.5,1258.0,CORRECT,مطابق,20:109,0.75,0.75,START_ANCHOR_OK_EXTRA_BLANK_TAIL_RECT,المرساة صحيحة لكن يوجد مستطيل زائد فوق فراغ قبل السطر التالي,False,True,احذف أول مستطيل الفارغ وابدأ من يمين السطر التالي
20:117,20,طه,117,320,706.0,675.5,320,706.0,675.0,CORRECT,مطابق,20:117,0.5,0.5,START_ANCHOR_OK_EXTRA_BLANK_TAIL_RECT,المرساة صحيحة لكن يوجد مستطيل زائد فوق فراغ قبل السطر التالي,False,True,احذف أول مستطيل الفارغ وابدأ من يمين السطر التالي
20:119,20,طه,119,320,377.0,793.75,320,377.0,793.0,CORRECT,مطابق,20:119,0.75,0.75,START_ANCHOR_OK_EXTRA_BLANK_TAIL_RECT,المرساة صحيحة لكن يوجد مستطيل زائد فوق فراغ قبل السطر التالي,False,True,احذف أول مستطيل الفارغ وابدأ من يمين السطر التالي
20:122,20,طه,122,320,330.5,1265.5,320,330.5,1265.0,CORRECT,مطابق,20:122,0.5,0.5,START_ANCHOR_OK_EXTRA_BLANK_TAIL_RECT,المرساة صحيحة لكن يوجد مستطيل زائد فوق فراغ قبل السطر التالي,False,True,احذف أول مستطيل الفارغ وابدأ من يمين السطر التالي
20:127,20,طه,127,321,856.0,314.0,321,856.0,313.5,CORRECT,مطابق,20:127,0.5,0.5,START_ANCHOR_OK_EXTRA_BLANK_TAIL_RECT,المرساة صحيحة لكن يوجد مستطيل زائد فوق فراغ قبل السطر التالي,False,True,احذف أول مستطيل الفارغ وابدأ من يمين السطر التالي
20:129,20,طه,129,321,44.5,550.5,321,44.5,550.0,CORRECT,مطابق,20:129,0.5,0.5,START_ANCHOR_OK_EXTRA_BLANK_TAIL_RECT,المرساة صحيحة لكن يوجد مستطيل زائد فوق فراغ قبل السطر التالي,False,True,احذف أول مستطيل الفارغ وابدأ من يمين السطر التالي
20:130,20,طه,130,321,955.5,904.0,321,955.5,904.0,CORRECT,مطابق,20:130,0.0,0.0,START_ANCHOR_OK_EXTRA_BLANK_TAIL_RECT,المرساة صحيحة لكن يوجد مستطيل زائد فوق فراغ قبل السطر التالي,False,True,احذف أول مستطيل الفارغ وابدأ من يمين السطر التالي
21:2,21,الأنبياء,2,322,889.0,551.75,322,889.0,551.0,CORRECT,مطابق,21:2,0.75,0.75,START_ANCHOR_OK_EXTRA_BLANK_TAIL_RECT,المرساة صحيحة لكن يوجد مستطيل زائد فوق فراغ قبل السطر التالي,False,True,احذف أول مستطيل الفارغ وابدأ من يمين السطر التالي
21:6,21,الأنبياء,6,322,49.0,1141.0,322,49.0,1140.5,CORRECT,مطابق,21:6,0.5,0.5,START_ANCHOR_OK_EXTRA_BLANK_TAIL_RECT,المرساة صحيحة لكن يوجد مستطيل زائد فوق فراغ قبل السطر التالي,False,True,احذف أول مستطيل الفارغ وابدأ من يمين السطر التالي
21:7,21,الأنبياء,7,322,462.75,1375.5,322,463.0,1375.0,CORRECT,مطابق,21:7,0.56,0.56,START_ANCHOR_OK_EXTRA_BLANK_TAIL_RECT,المرساة صحيحة لكن يوجد مستطيل زائد فوق فراغ قبل السطر التالي,False,True,احذف أول مستطيل الفارغ وابدأ من يمين السطر التالي
21:10,21,الأنبياء,10,322,49.0,1728.75,322,49.0,1728.5,CORRECT,مطابق,21:10,0.25,0.25,START_ANCHOR_OK_EXTRA_BLANK_TAIL_RECT,المرساة صحيحة لكن يوجد مستطيل زائد فوق فراغ قبل السطر التالي,False,True,احذف أول مستطيل الفارغ وابدأ من يمين السطر التالي
21:13,21,الأنبياء,13,323,911.0,432.25,323,911.0,432.0,CORRECT,مطابق,21:13,0.25,0.25,START_ANCHOR_OK_EXTRA_BLANK_TAIL_RECT,المرساة صحيحة لكن يوجد مستطيل زائد فوق فراغ قبل السطر التالي,False,True,احذف أول مستطيل الفارغ وابدأ من يمين السطر التالي
21:19,21,الأنبياء,19,323,481.0,1139.0,323,481.0,1138.5,CORRECT,مطابق,21:19,0.5,0.5,START_ANCHOR_OK_EXTRA_BLANK_TAIL_RECT,المرساة صحيحة لكن يوجد مستطيل زائد فوق فراغ قبل السطر التالي,False,True,احذف أول مستطيل الفارغ وابدأ من يمين السطر التالي
21:22,21,الأنبياء,22,323,832.0,1492.5,323,832.0,1492.0,CORRECT,مطابق,21:22,0.5,0.5,START_ANCHOR_OK_EXTRA_BLANK_TAIL_RECT,المرساة صحيحة لكن يوجد مستطيل زائد فوق فراغ قبل السطر التالي,False,True,احذف أول مستطيل الفارغ وابدأ من يمين السطر التالي
21:29,21,الأنبياء,29,324,476.5,786.0,324,477.0,785.5,CORRECT,مطابق,21:29,0.71,0.71,START_ANCHOR_OK_EXTRA_BLANK_TAIL_RECT,المرساة صحيحة لكن يوجد مستطيل زائد فوق فراغ قبل السطر التالي,False,True,احذف أول مستطيل الفارغ وابدأ من يمين السطر التالي
21:43,21,الأنبياء,43,325,395.0,1501.5,325,395.0,1501.0,CORRECT,مطابق,21:43,0.5,0.5,START_ANCHOR_OK_EXTRA_BLANK_TAIL_RECT,المرساة صحيحة لكن يوجد مستطيل زائد فوق فراغ قبل السطر التالي,False,True,احذف أول مستطيل الفارغ وابدأ من يمين السطر التالي
21:48,21,الأنبياء,48,326,883.0,789.5,326,883.0,789.0,CORRECT,مطابق,21:48,0.5,0.5,START_ANCHOR_OK_EXTRA_BLANK_TAIL_RECT,المرساة صحيحة لكن يوجد مستطيل زائد فوق فراغ قبل السطر التالي,False,True,احذف أول مستطيل الفارغ وابدأ من يمين السطر التالي
21:57,21,الأنبياء,57,326,44.0,1730.5,326,44.0,1730.0,CORRECT,مطابق,21:57,0.5,0.5,START_ANCHOR_OK_EXTRA_BLANK_TAIL_RECT,المرساة صحيحة لكن يوجد مستطيل زائد فوق فراغ قبل السطر التالي,False,True,احذف أول مستطيل الفارغ وابدأ من يمين السطر التالي
21:59,21,الأنبياء,59,327,47.5,200.5,327,47.5,200.0,CORRECT,مطابق,21:59,0.5,0.5,START_ANCHOR_OK_EXTRA_BLANK_TAIL_RECT,المرساة صحيحة لكن يوجد مستطيل زائد فوق فراغ قبل السطر التالي,False,True,احذف أول مستطيل الفارغ وابدأ من يمين السطر التالي
21:60,21,الأنبياء,60,327,227.5,318.75,327,227.5,318.0,CORRECT,مطابق,21:60,0.75,0.75,START_ANCHOR_OK_EXTRA_BLANK_TAIL_RECT,المرساة صحيحة لكن يوجد مستطيل زائد فوق فراغ قبل السطر التالي,False,True,احذف أول مستطيل الفارغ وابدأ من يمين السطر التالي
21:70,21,الأنبياء,70,327,233.5,1497.75,327,233.5,1497.0,CORRECT,مطابق,21:70,0.75,0.75,START_ANCHOR_OK_EXTRA_BLANK_TAIL_RECT,المرساة صحيحة لكن يوجد مستطيل زائد فوق فراغ قبل السطر التالي,False,True,احذف أول مستطيل الفارغ وابدأ من يمين السطر التالي
21:76,21,الأنبياء,76,328,440.0,786.0,328,440.5,785.5,CORRECT,مطابق,21:76,0.71,0.71,START_ANCHOR_OK_EXTRA_BLANK_TAIL_RECT,المرساة صحيحة لكن يوجد مستطيل زائد فوق فراغ قبل السطر التالي,False,True,احذف أول مستطيل الفارغ وابدأ من يمين السطر التالي
21:79,21,الأنبياء,79,328,42.5,1374.0,328,42.5,1373.5,CORRECT,مطابق,21:79,0.5,0.5,START_ANCHOR_OK_EXTRA_BLANK_TAIL_RECT,المرساة صحيحة لكن يوجد مستطيل زائد فوق فراغ قبل السطر التالي,False,True,احذف أول مستطيل الفارغ وابدأ من يمين السطر التالي
21:80,21,الأنبياء,80,328,696.5,1609.25,328,697.0,1609.0,CORRECT,مطابق,21:80,0.56,0.56,START_ANCHOR_OK_EXTRA_BLANK_TAIL_RECT,المرساة صحيحة لكن يوجد مستطيل زائد فوق فراغ قبل السطر التالي,False,True,احذف أول مستطيل الفارغ وابدأ من يمين السطر التالي
21:84,21,الأنبياء,84,329,46.0,550.5,329,46.0,550.0,CORRECT,مطابق,21:84,0.5,0.5,START_ANCHOR_OK_EXTRA_BLANK_TAIL_RECT,المرساة صحيحة لكن يوجد مستطيل زائد فوق فراغ قبل السطر التالي,False,True,احذف أول مستطيل الفارغ وابدأ من يمين السطر التالي
21:85,21,الأنبياء,85,329,46.5,669.0,329,46.5,669.0,CORRECT,مطابق,21:85,0.0,0.0,START_ANCHOR_OK_EXTRA_BLANK_TAIL_RECT,المرساة صحيحة لكن يوجد مستطيل زائد فوق فراغ قبل السطر التالي,False,True,احذف أول مستطيل الفارغ وابدأ من يمين السطر التالي
21:86,21,الأنبياء,86,329,46.0,786.75,329,46.0,786.0,CORRECT,مطابق,21:86,0.75,0.75,START_ANCHOR_OK_EXTRA_BLANK_TAIL_RECT,المرساة صحيحة لكن يوجد مستطيل زائد فوق فراغ قبل السطر التالي,False,True,احذف أول مستطيل الفارغ وابدأ من يمين السطر التالي
21:87,21,الأنبياء,87,329,526.5,1140.75,329,526.5,1140.5,CORRECT,مطابق,21:87,0.25,0.25,START_ANCHOR_OK_EXTRA_BLANK_TAIL_RECT,المرساة صحيحة لكن يوجد مستطيل زائد فوق فراغ قبل السطر التالي,False,True,احذف أول مستطيل الفارغ وابدأ من يمين السطر التالي
21:90,21,الأنبياء,90,329,45.5,1730.0,329,45.5,1729.5,CORRECT,مطابق,21:90,0.5,0.5,START_ANCHOR_OK_EXTRA_BLANK_TAIL_RECT,المرساة صحيحة لكن يوجد مستطيل زائد فوق فراغ قبل السطر التالي,False,True,احذف أول مستطيل الفارغ وابدأ من يمين السطر التالي
21:93,21,الأنبياء,93,330,45.0,435.5,330,45.0,435.0,CORRECT,مطابق,21:93,0.5,0.5,START_ANCHOR_OK_EXTRA_BLANK_TAIL_RECT,المرساة صحيحة لكن يوجد مستطيل زائد فوق فراغ قبل السطر التالي,False,True,احذف أول مستطيل الفارغ وابدأ من يمين السطر التالي
21:94,21,الأنبياء,94,330,457.5,672.0,330,457.5,671.0,CORRECT,مطابق,21:94,1.0,1.0,START_ANCHOR_OK_EXTRA_BLANK_TAIL_RECT,المرساة صحيحة لكن يوجد مستطيل زائد فوق فراغ قبل السطر التالي,False,True,احذف أول مستطيل الفارغ وابدأ من يمين السطر التالي
21:97,21,الأنبياء,97,330,821.0,1259.25,330,821.0,1259.0,CORRECT,مطابق,21:97,0.25,0.25,START_ANCHOR_OK_EXTRA_BLANK_TAIL_RECT,المرساة صحيحة لكن يوجد مستطيل زائد فوق فراغ قبل السطر التالي,False,True,احذف أول مستطيل الفارغ وابدأ من يمين السطر التالي
21:100,21,الأنبياء,100,330,266.5,1611.5,330,267.0,1611.0,CORRECT,مطابق,21:100,0.71,0.71,START_ANCHOR_OK_EXTRA_BLANK_TAIL_RECT,المرساة صحيحة لكن يوجد مستطيل زائد فوق فراغ قبل السطر التالي,False,True,احذف أول مستطيل الفارغ وابدأ من يمين السطر التالي
21:104,21,الأنبياء,104,331,872.5,672.0,331,872.5,672.0,CORRECT,مطابق,21:104,0.0,0.0,START_ANCHOR_OK_EXTRA_BLANK_TAIL_RECT,المرساة صحيحة لكن يوجد مستطيل زائد فوق فراغ قبل السطر التالي,False,True,احذف أول مستطيل الفارغ وابدأ من يمين السطر التالي
21:106,21,الأنبياء,106,331,347.5,905.5,331,347.0,905.0,CORRECT,مطابق,21:106,0.71,0.71,START_ANCHOR_OK_EXTRA_BLANK_TAIL_RECT,المرساة صحيحة لكن يوجد مستطيل زائد فوق فراغ قبل السطر التالي,False,True,احذف أول مستطيل الفارغ وابدأ من يمين السطر التالي
21:109,21,الأنبياء,109,331,541.0,1376.25,331,540.5,1376.0,CORRECT,مطابق,21:109,0.56,0.56,START_ANCHOR_OK_EXTRA_BLANK_TAIL_RECT,المرساة صحيحة لكن يوجد مستطيل زائد فوق فراغ قبل السطر التالي,False,True,احذف أول مستطيل الفارغ وابدأ من يمين السطر التالي
22:2,22,الحج,2,332,594.5,667.75,332,594.0,667.5,CORRECT,مطابق,22:2,0.56,0.56,START_ANCHOR_OK_EXTRA_BLANK_TAIL_RECT,المرساة صحيحة لكن يوجد مستطيل زائد فوق فراغ قبل السطر التالي,False,True,احذف أول مستطيل الفارغ وابدأ من يمين السطر التالي
22:5,22,الحج,5,332,43.5,1726.75,332,43.5,1726.5,CORRECT,مطابق,22:5,0.25,0.25,START_ANCHOR_OK_EXTRA_BLANK_TAIL_RECT,المرساة صحيحة لكن يوجد مستطيل زائد فوق فراغ قبل السطر التالي,False,True,احذف أول مستطيل الفارغ وابدأ من يمين السطر التالي
22:14,22,الحج,14,333,187.0,1486.75,333,187.0,1486.0,CORRECT,مطابق,22:14,0.75,0.75,START_ANCHOR_OK_EXTRA_BLANK_TAIL_RECT,المرساة صحيحة لكن يوجد مستطيل زائد فوق فراغ قبل السطر التالي,False,True,احذف أول مستطيل الفارغ وابدأ من يمين السطر التالي
22:17,22,الحج,17,334,320.5,429.5,334,320.0,429.0,CORRECT,مطابق,22:17,0.71,0.71,START_ANCHOR_OK_EXTRA_BLANK_TAIL_RECT,المرساة صحيحة لكن يوجد مستطيل زائد فوق فراغ قبل السطر التالي,False,True,احذف أول مستطيل الفارغ وابدأ من يمين السطر التالي
22:25,22,الحج,25,335,45.5,430.5,335,45.0,430.0,CORRECT,مطابق,22:25,0.71,0.71,START_ANCHOR_OK_EXTRA_BLANK_TAIL_RECT,المرساة صحيحة لكن يوجد مستطيل زائد فوق فراغ قبل السطر التالي,False,True,احذف أول مستطيل الفارغ وابدأ من يمين السطر التالي
22:26,22,الحج,26,335,874.0,783.0,335,874.0,782.5,CORRECT,مطابق,22:26,0.5,0.5,START_ANCHOR_OK_EXTRA_BLANK_TAIL_RECT,المرساة صحيحة لكن يوجد مستطيل زائد فوق فراغ قبل السطر التالي,False,True,احذف أول مستطيل الفارغ وابدأ من يمين السطر التالي
22:30,22,الحج,30,335,45.5,1722.75,335,45.5,1722.5,CORRECT,مطابق,22:30,0.25,0.25,START_ANCHOR_OK_EXTRA_BLANK_TAIL_RECT,المرساة صحيحة لكن يوجد مستطيل زائد فوق فراغ قبل السطر التالي,False,True,احذف أول مستطيل الفارغ وابدأ من يمين السطر التالي
22:32,22,الحج,32,336,46.5,310.5,336,46.0,310.0,CORRECT,مطابق,22:32,0.71,0.71,START_ANCHOR_OK_EXTRA_BLANK_TAIL_RECT,المرساة صحيحة لكن يوجد مستطيل زائد فوق فراغ قبل السطر التالي,False,True,احذف أول مستطيل الفارغ وابدأ من يمين السطر التالي
22:33,22,الحج,33,336,919.5,547.25,336,919.5,547.0,CORRECT,مطابق,22:33,0.25,0.25,START_ANCHOR_OK_EXTRA_BLANK_TAIL_RECT,المرساة صحيحة لكن يوجد مستطيل زائد فوق فراغ قبل السطر التالي,False,True,احذف أول مستطيل الفارغ وابدأ من يمين السطر التالي
22:49,22,الحج,49,338,199.0,434.5,338,199.0,434.0,CORRECT,مطابق,22:49,0.5,0.5,START_ANCHOR_OK_EXTRA_BLANK_TAIL_RECT,المرساة صحيحة لكن يوجد مستطيل زائد فوق فراغ قبل السطر التالي,False,True,احذف أول مستطيل الفارغ وابدأ من يمين السطر التالي
22:51,22,الحج,51,338,900.0,788.75,338,900.0,788.0,CORRECT,مطابق,22:51,0.75,0.75,START_ANCHOR_OK_EXTRA_BLANK_TAIL_RECT,المرساة صحيحة لكن يوجد مستطيل زائد فوق فراغ قبل السطر التالي,False,True,احذف أول مستطيل الفارغ وابدأ من يمين السطر التالي
22:63,22,الحج,63,339,389.25,1608.0,339,389.5,1608.0,CORRECT,مطابق,22:63,0.25,0.25,START_ANCHOR_OK_EXTRA_BLANK_TAIL_RECT,المرساة صحيحة لكن يوجد مستطيل زائد فوق فراغ قبل السطر التالي,False,True,احذف أول مستطيل الفارغ وابدأ من يمين السطر التالي
22:67,22,الحج,67,340,43.0,671.5,340,43.0,671.0,CORRECT,مطابق,22:67,0.5,0.5,START_ANCHOR_OK_EXTRA_BLANK_TAIL_RECT,المرساة صحيحة لكن يوجد مستطيل زائد فوق فراغ قبل السطر التالي,False,True,احذف أول مستطيل الفارغ وابدأ من يمين السطر التالي
22:68,22,الحج,68,340,234.5,788.75,340,235.0,788.5,CORRECT,مطابق,22:68,0.56,0.56,START_ANCHOR_OK_EXTRA_BLANK_TAIL_RECT,المرساة صحيحة لكن يوجد مستطيل زائد فوق فراغ قبل السطر التالي,False,True,احذف أول مستطيل الفارغ وابدأ من يمين السطر التالي
22:70,22,الحج,70,340,248.5,1142.25,340,248.0,1142.0,CORRECT,مطابق,22:70,0.56,0.56,START_ANCHOR_OK_EXTRA_BLANK_TAIL_RECT,المرساة صحيحة لكن يوجد مستطيل زائد فوق فراغ قبل السطر التالي,False,True,احذف أول مستطيل الفارغ وابدأ من يمين السطر التالي
22:77,22,الحج,77,341,44.5,1026.5,341,97.0,1024.0,NON_AYAH_SYMBOL_OR_BAD_CENTER,رمز غير علامة آية أو مركز غير صحيح,22:77,52.56,52.56,START_ANCHOR_OK_EXTRA_BLANK_TAIL_RECT,المرساة صحيحة لكن يوجد مستطيل زائد فوق فراغ قبل السطر التالي,True,True,احذف أول مستطيل الفارغ وابدأ من يمين السطر التالي
22:78,22,الحج,78,341,45.5,1735.75,341,44.5,1026.0,MISASSIGNED_TO_OTHER_AYAH,منسوب إلى علامة آية أخرى,22:77,709.75,0.5,START_ANCHOR_WRONG_OR_MISSING,مرساة البداية خاطئة أو مفقودة,True,True,الموضع المخزن أقرب إلى 22:77
23:3,23,المؤمنون,3,342,460.0,431.0,342,460.0,430.5,CORRECT,مطابق,23:3,0.5,0.5,START_ANCHOR_OK_EXTRA_BLANK_TAIL_RECT,المرساة صحيحة لكن يوجد مستطيل زائد فوق فراغ قبل السطر التالي,False,True,احذف أول مستطيل الفارغ وابدأ من يمين السطر التالي
23:12,23,المؤمنون,12,342,349.0,1136.75,342,349.0,1136.5,CORRECT,مطابق,23:12,0.25,0.25,START_ANCHOR_OK_EXTRA_BLANK_TAIL_RECT,المرساة صحيحة لكن يوجد مستطيل زائد فوق فراغ قبل السطر التالي,False,True,احذف أول مستطيل الفارغ وابدأ من يمين السطر التالي
23:17,23,المؤمنون,17,342,41.0,1725.25,342,41.0,1725.0,CORRECT,مطابق,23:17,0.25,0.25,START_ANCHOR_OK_EXTRA_BLANK_TAIL_RECT,المرساة صحيحة لكن يوجد مستطيل زائد فوق فراغ قبل السطر التالي,False,True,احذف أول مستطيل الفارغ وابدأ من يمين السطر التالي
23:21,23,المؤمنون,21,343,575.5,666.75,343,575.5,666.5,CORRECT,مطابق,23:21,0.25,0.25,START_ANCHOR_OK_EXTRA_BLANK_TAIL_RECT,المرساة صحيحة لكن يوجد مستطيل زائد فوق فراغ قبل السطر التالي,False,True,احذف أول مستطيل الفارغ وابدأ من يمين السطر التالي
23:23,23,المؤمنون,23,343,382.5,902.25,343,382.0,902.0,CORRECT,مطابق,23:23,0.56,0.56,START_ANCHOR_OK_EXTRA_BLANK_TAIL_RECT,المرساة صحيحة لكن يوجد مستطيل زائد فوق فراغ قبل السطر التالي,False,True,احذف أول مستطيل الفارغ وابدأ من يمين السطر التالي
23:26,23,المؤمنون,26,343,489.0,1373.5,343,489.0,1373.0,CORRECT,مطابق,23:26,0.5,0.5,START_ANCHOR_OK_EXTRA_BLANK_TAIL_RECT,المرساة صحيحة لكن يوجد مستطيل زائد فوق فراغ قبل السطر التالي,False,True,احذف أول مستطيل الفارغ وابدأ من يمين السطر التالي
23:35,23,المؤمنون,35,344,46.5,1024.75,344,46.5,1024.0,CORRECT,مطابق,23:35,0.75,0.75,START_ANCHOR_OK_EXTRA_BLANK_TAIL_RECT,المرساة صحيحة لكن يوجد مستطيل زائد فوق فراغ قبل السطر التالي,False,True,احذف أول مستطيل الفارغ وابدأ من يمين السطر التالي
23:36,23,المؤمنون,36,344,426.0,1142.5,344,426.0,1142.0,CORRECT,مطابق,23:36,0.5,0.5,START_ANCHOR_OK_EXTRA_BLANK_TAIL_RECT,المرساة صحيحة لكن يوجد مستطيل زائد فوق فراغ قبل السطر التالي,False,True,احذف أول مستطيل الفارغ وابدأ من يمين السطر التالي
23:41,23,المؤمنون,41,344,867.5,1731.0,344,867.0,1731.0,CORRECT,مطابق,23:41,0.5,0.5,START_ANCHOR_OK_EXTRA_BLANK_TAIL_RECT,المرساة صحيحة لكن يوجد مستطيل زائد فوق فراغ قبل السطر التالي,False,True,احذف أول مستطيل الفارغ وابدأ من يمين السطر التالي
23:49,23,المؤمنون,49,345,202.0,783.0,345,202.0,782.5,CORRECT,مطابق,23:49,0.5,0.5,START_ANCHOR_OK_EXTRA_BLANK_TAIL_RECT,المرساة صحيحة لكن يوجد مستطيل زائد فوق فراغ قبل السطر التالي,False,True,احذف أول مستطيل الفارغ وابدأ من يمين السطر التالي
23:51,23,المؤمنون,51,345,795.25,1137.0,345,795.0,1136.5,CORRECT,مطابق,23:51,0.56,0.56,START_ANCHOR_OK_EXTRA_BLANK_TAIL_RECT,المرساة صحيحة لكن يوجد مستطيل زائد فوق فراغ قبل السطر التالي,False,True,احذف أول مستطيل الفارغ وابدأ من يمين السطر التالي
23:57,23,المؤمنون,57,345,268.5,1607.0,345,268.5,1606.5,CORRECT,مطابق,23:57,0.5,0.5,START_ANCHOR_OK_EXTRA_BLANK_TAIL_RECT,المرساة صحيحة لكن يوجد مستطيل زائد فوق فراغ قبل السطر التالي,False,True,احذف أول مستطيل الفارغ وابدأ من يمين السطر التالي
23:61,23,المؤمنون,61,346,245.5,193.5,346,246.0,193.0,CORRECT,مطابق,23:61,0.71,0.71,START_ANCHOR_OK_EXTRA_BLANK_TAIL_RECT,المرساة صحيحة لكن يوجد مستطيل زائد فوق فراغ قبل السطر التالي,False,True,احذف أول مستطيل الفارغ وابدأ من يمين السطر التالي
23:63,23,المؤمنون,63,346,793.0,547.25,346,793.5,547.0,CORRECT,مطابق,23:63,0.56,0.56,START_ANCHOR_OK_EXTRA_BLANK_TAIL_RECT,المرساة صحيحة لكن يوجد مستطيل زائد فوق فراغ قبل السطر التالي,False,True,احذف أول مستطيل الفارغ وابدأ من يمين السطر التالي
23:67,23,المؤمنون,67,346,469.25,901.5,346,469.0,901.0,CORRECT,مطابق,23:67,0.56,0.56,START_ANCHOR_OK_EXTRA_BLANK_TAIL_RECT,المرساة صحيحة لكن يوجد مستطيل زائد فوق فراغ قبل السطر التالي,False,True,احذف أول مستطيل الفارغ وابدأ من يمين السطر التالي
23:74,23,المؤمنون,74,346,45.0,1725.5,346,45.0,1725.0,CORRECT,مطابق,23:74,0.5,0.5,START_ANCHOR_OK_EXTRA_BLANK_TAIL_RECT,المرساة صحيحة لكن يوجد مستطيل زائد فوق فراغ قبل السطر التالي,False,True,احذف أول مستطيل الفارغ وابدأ من يمين السطر التالي
23:92,23,المؤمنون,92,348,196.5,424.75,348,196.5,424.5,CORRECT,مطابق,23:92,0.25,0.25,START_ANCHOR_OK_EXTRA_BLANK_TAIL_RECT,المرساة صحيحة لكن يوجد مستطيل زائد فوق فراغ قبل السطر التالي,False,True,احذف أول مستطيل الفارغ وابدأ من يمين السطر التالي
23:95,23,المؤمنون,95,348,236.5,661.0,348,236.5,661.0,CORRECT,مطابق,23:95,0.0,0.0,START_ANCHOR_OK_EXTRA_BLANK_TAIL_RECT,المرساة صحيحة لكن يوجد مستطيل زائد فوق فراغ قبل السطر التالي,False,True,احذف أول مستطيل الفارغ وابدأ من يمين السطر التالي
23:101,23,المؤمنون,101,348,47.5,1370.5,348,47.5,1370.0,CORRECT,مطابق,23:101,0.5,0.5,START_ANCHOR_OK_EXTRA_BLANK_TAIL_RECT,المرساة صحيحة لكن يوجد مستطيل زائد فوق فراغ قبل السطر التالي,False,True,احذف أول مستطيل الفارغ وابدأ من يمين السطر التالي
23:102,23,المؤمنون,102,348,137.5,1488.5,348,137.5,1488.0,CORRECT,مطابق,23:102,0.5,0.5,START_ANCHOR_OK_EXTRA_BLANK_TAIL_RECT,المرساة صحيحة لكن يوجد مستطيل زائد فوق فراغ قبل السطر التالي,False,True,احذف أول مستطيل الفارغ وابدأ من يمين السطر التالي
23:106,23,المؤمنون,106,349,45.75,192.0,349,46.0,192.0,CORRECT,مطابق,23:106,0.25,0.25,START_ANCHOR_OK_EXTRA_BLANK_TAIL_RECT,المرساة صحيحة لكن يوجد مستطيل زائد فوق فراغ قبل السطر التالي,False,True,احذف أول مستطيل الفارغ وابدأ من يمين السطر التالي
23:107,23,المؤمنون,107,349,45.0,310.0,349,45.0,309.5,CORRECT,مطابق,23:107,0.5,0.5,START_ANCHOR_OK_EXTRA_BLANK_TAIL_RECT,المرساة صحيحة لكن يوجد مستطيل زائد فوق فراغ قبل السطر التالي,False,True,احذف أول مستطيل الفارغ وابدأ من يمين السطر التالي
23:108,23,المؤمنون,108,349,488.0,427.5,349,487.5,427.0,CORRECT,مطابق,23:108,0.71,0.71,START_ANCHOR_OK_EXTRA_BLANK_TAIL_RECT,المرساة صحيحة لكن يوجد مستطيل زائد فوق فراغ قبل السطر التالي,False,True,احذف أول مستطيل الفارغ وابدأ من يمين السطر التالي
23:114,23,المؤمنون,114,349,46.0,1135.5,349,45.5,1135.0,CORRECT,مطابق,23:114,0.71,0.71,START_ANCHOR_OK_EXTRA_BLANK_TAIL_RECT,المرساة صحيحة لكن يوجد مستطيل زائد فوق فراغ قبل السطر التالي,False,True,احذف أول مستطيل الفارغ وابدأ من يمين السطر التالي
23:115,23,المؤمنون,115,349,46.0,1253.25,349,45.5,1253.0,CORRECT,مطابق,23:115,0.56,0.56,START_ANCHOR_OK_EXTRA_BLANK_TAIL_RECT,المرساة صحيحة لكن يوجد مستطيل زائد فوق فراغ قبل السطر التالي,False,True,احذف أول مستطيل الفارغ وابدأ من يمين السطر التالي
23:116,23,المؤمنون,116,349,45.5,1371.5,349,45.5,1371.0,CORRECT,مطابق,23:116,0.5,0.5,START_ANCHOR_OK_EXTRA_BLANK_TAIL_RECT,المرساة صحيحة لكن يوجد مستطيل زائد فوق فراغ قبل السطر التالي,False,True,احذف أول مستطيل الفارغ وابدأ من يمين السطر التالي
23:117,23,المؤمنون,117,349,45.5,1607.25,349,45.5,1607.0,CORRECT,مطابق,23:117,0.25,0.25,START_ANCHOR_OK_EXTRA_BLANK_TAIL_RECT,المرساة صحيحة لكن يوجد مستطيل زائد فوق فراغ قبل السطر التالي,False,True,احذف أول مستطيل الفارغ وابدأ من يمين السطر التالي
23:118,23,المؤمنون,118,349,45.5,1724.75,349,45.0,1724.5,CORRECT,مطابق,23:118,0.56,0.56,START_ANCHOR_OK_EXTRA_BLANK_TAIL_RECT,المرساة صحيحة لكن يوجد مستطيل زائد فوق فراغ قبل السطر التالي,False,True,احذف أول مستطيل الفارغ وابدأ من يمين السطر التالي
24:2,24,النور,2,350,724.0,669.5,350,724.0,669.0,CORRECT,مطابق,24:2,0.5,0.5,START_ANCHOR_OK_EXTRA_BLANK_TAIL_RECT,المرساة صحيحة لكن يوجد مستطيل زائد فوق فراغ قبل السطر التالي,False,True,احذف أول مستطيل الفارغ وابدأ من يمين السطر التالي
24:15,24,النور,15,351,403.5,1031.25,351,404.0,1031.0,CORRECT,مطابق,24:15,0.56,0.56,START_ANCHOR_OK_EXTRA_BLANK_TAIL_RECT,المرساة صحيحة لكن يوجد مستطيل زائد فوق فراغ قبل السطر التالي,False,True,احذف أول مستطيل الفارغ وابدأ من يمين السطر التالي
24:31,24,النور,31,353,44.0,1736.0,353,44.0,1735.5,CORRECT,مطابق,24:31,0.5,0.5,START_ANCHOR_OK_EXTRA_BLANK_TAIL_RECT,المرساة صحيحة لكن يوجد مستطيل زائد فوق فراغ قبل السطر التالي,False,True,احذف أول مستطيل الفارغ وابدأ من يمين السطر التالي
24:33,24,النور,33,354,44.0,784.25,354,44.0,784.0,CORRECT,مطابق,24:33,0.25,0.25,START_ANCHOR_OK_EXTRA_BLANK_TAIL_RECT,المرساة صحيحة لكن يوجد مستطيل زائد فوق فراغ قبل السطر التالي,False,True,احذف أول مستطيل الفارغ وابدأ من يمين السطر التالي
24:34,24,النور,34,354,549.0,1019.25,354,548.5,1019.0,CORRECT,مطابق,24:34,0.56,0.56,START_ANCHOR_OK_EXTRA_BLANK_TAIL_RECT,المرساة صحيحة لكن يوجد مستطيل زائد فوق فراغ قبل السطر التالي,False,True,احذف أول مستطيل الفارغ وابدأ من يمين السطر التالي
24:38,24,النور,38,355,577.25,431.0,355,577.0,430.5,CORRECT,مطابق,24:38,0.56,0.56,START_ANCHOR_OK_EXTRA_BLANK_TAIL_RECT,المرساة صحيحة لكن يوجد مستطيل زائد فوق فراغ قبل السطر التالي,False,True,احذف أول مستطيل الفارغ وابدأ من يمين السطر التالي
24:40,24,النور,40,355,208.5,1017.5,355,208.0,1017.0,CORRECT,مطابق,24:40,0.71,0.71,START_ANCHOR_OK_EXTRA_BLANK_TAIL_RECT,المرساة صحيحة لكن يوجد مستطيل زائد فوق فراغ قبل السطر التالي,False,True,احذف أول مستطيل الفارغ وابدأ من يمين السطر التالي
24:45,24,النور,45,356,529.5,435.0,356,529.5,435.0,CORRECT,مطابق,24:45,0.0,0.0,START_ANCHOR_OK_EXTRA_BLANK_TAIL_RECT,المرساة صحيحة لكن يوجد مستطيل زائد فوق فراغ قبل السطر التالي,False,True,احذف أول مستطيل الفارغ وابدأ من يمين السطر التالي
24:53,24,النور,53,356,42.0,1728.25,356,42.0,1728.0,CORRECT,مطابق,24:53,0.25,0.25,START_ANCHOR_OK_EXTRA_BLANK_TAIL_RECT,المرساة صحيحة لكن يوجد مستطيل زائد فوق فراغ قبل السطر التالي,False,True,احذف أول مستطيل الفارغ وابدأ من يمين السطر التالي
24:56,24,النور,56,357,878.5,1029.0,357,878.5,1029.0,CORRECT,مطابق,24:56,0.0,0.0,START_ANCHOR_OK_EXTRA_BLANK_TAIL_RECT,المرساة صحيحة لكن يوجد مستطيل زائد فوق فراغ قبل السطر التالي,False,True,احذف أول مستطيل الفارغ وابدأ من يمين السطر التالي
25:1,25,الفرقان,1,359,40.0,1493.5,359,40.0,1493.0,CORRECT,مطابق,25:1,0.5,0.5,SURAH_HEADER_GAP_INCLUDED,بداية السورة تضم فاصل العنوان والبسملة ضمن منطقة الآية,False,True,يجب أن تبدأ المنطقة بعد عنوان السورة/البسملة
25:2,25,الفرقان,2,359,39.5,1730.5,359,39.5,1730.0,CORRECT,مطابق,25:2,0.5,0.5,START_ANCHOR_OK_EXTRA_BLANK_TAIL_RECT,المرساة صحيحة لكن يوجد مستطيل زائد فوق فراغ قبل السطر التالي,False,True,احذف أول مستطيل الفارغ وابدأ من يمين السطر التالي
25:7,25,الفرقان,7,360,44.5,1024.5,360,44.5,1024.0,CORRECT,مطابق,25:7,0.5,0.5,START_ANCHOR_OK_EXTRA_BLANK_TAIL_RECT,المرساة صحيحة لكن يوجد مستطيل زائد فوق فراغ قبل السطر التالي,False,True,احذف أول مستطيل الفارغ وابدأ من يمين السطر التالي
25:8,25,الفرقان,8,360,161.5,1260.75,360,161.5,1260.0,CORRECT,مطابق,25:8,0.75,0.75,START_ANCHOR_OK_EXTRA_BLANK_TAIL_RECT,المرساة صحيحة لكن يوجد مستطيل زائد فوق فراغ قبل السطر التالي,False,True,احذف أول مستطيل الفارغ وابدأ من يمين السطر التالي
25:13,25,الفرقان,13,361,45.0,194.75,361,45.0,194.0,CORRECT,مطابق,25:13,0.75,0.75,START_ANCHOR_OK_EXTRA_BLANK_TAIL_RECT,المرساة صحيحة لكن يوجد مستطيل زائد فوق فراغ قبل السطر التالي,False,True,احذف أول مستطيل الفارغ وابدأ من يمين السطر التالي
25:14,25,الفرقان,14,361,45.5,312.25,361,46.0,312.0,CORRECT,مطابق,25:14,0.56,0.56,START_ANCHOR_OK_EXTRA_BLANK_TAIL_RECT,المرساة صحيحة لكن يوجد مستطيل زائد فوق فراغ قبل السطر التالي,False,True,احذف أول مستطيل الفارغ وابدأ من يمين السطر التالي
25:15,25,الفرقان,15,361,678.5,547.75,361,678.5,547.0,CORRECT,مطابق,25:15,0.75,0.75,START_ANCHOR_OK_EXTRA_BLANK_TAIL_RECT,المرساة صحيحة لكن يوجد مستطيل زائد فوق فراغ قبل السطر التالي,False,True,احذف أول مستطيل الفارغ وابدأ من يمين السطر التالي
25:19,25,الفرقان,19,361,46.0,1372.0,361,46.0,1372.0,CORRECT,مطابق,25:19,0.0,0.0,START_ANCHOR_OK_EXTRA_BLANK_TAIL_RECT,المرساة صحيحة لكن يوجد مستطيل زائد فوق فراغ قبل السطر التالي,False,True,احذف أول مستطيل الفارغ وابدأ من يمين السطر التالي
25:20,25,الفرقان,20,361,45.5,1725.5,361,45.5,1725.0,CORRECT,مطابق,25:20,0.5,0.5,START_ANCHOR_OK_EXTRA_BLANK_TAIL_RECT,المرساة صحيحة لكن يوجد مستطيل زائد فوق فراغ قبل السطر التالي,False,True,احذف أول مستطيل الفارغ وابدأ من يمين السطر التالي
25:22,25,الفرقان,22,362,763.0,439.5,362,763.0,439.0,CORRECT,مطابق,25:22,0.5,0.5,START_ANCHOR_OK_EXTRA_BLANK_TAIL_RECT,المرساة صحيحة لكن يوجد مستطيل زائد فوق فراغ قبل السطر التالي,False,True,احذف أول مستطيل الفارغ وابدأ من يمين السطر التالي
25:34,25,الفرقان,34,363,546.5,315.75,363,546.5,315.0,CORRECT,مطابق,25:34,0.75,0.75,START_ANCHOR_OK_EXTRA_BLANK_TAIL_RECT,المرساة صحيحة لكن يوجد مستطيل زائد فوق فراغ قبل السطر التالي,False,True,احذف أول مستطيل الفارغ وابدأ من يمين السطر التالي
25:37,25,الفرقان,37,363,309.0,788.0,363,309.0,787.5,CORRECT,مطابق,25:37,0.5,0.5,START_ANCHOR_OK_EXTRA_BLANK_TAIL_RECT,المرساة صحيحة لكن يوجد مستطيل زائد فوق فراغ قبل السطر التالي,False,True,احذف أول مستطيل الفارغ وابدأ من يمين السطر التالي
25:46,25,الفرقان,46,364,514.0,434.5,364,514.0,434.0,CORRECT,مطابق,25:46,0.5,0.5,START_ANCHOR_OK_EXTRA_BLANK_TAIL_RECT,المرساة صحيحة لكن يوجد مستطيل زائد فوق فراغ قبل السطر التالي,False,True,احذف أول مستطيل الفارغ وابدأ من يمين السطر التالي
25:60,25,الفرقان,60,365,173.0,789.25,365,196.0,789.0,CENTER_OFFSET,انحراف في مركز العلامة,25:60,23.0,23.0,START_ANCHOR_OK,مرساة البداية مطابقة لعلامة الآية السابقة,True,False,الموضع قريب من العلامة الصحيحة لكنه منحرف أكثر من 8 بكسل
25:61,25,الفرقان,61,365,946.5,1025.25,365,947.0,1025.0,CORRECT,مطابق,25:61,0.56,0.56,START_ANCHOR_WRONG_OR_MISSING,مرساة البداية خاطئة أو مفقودة,False,True,
25:64,25,الفرقان,64,365,225.25,1378.5,365,225.0,1378.0,CORRECT,مطابق,25:64,0.56,0.56,START_ANCHOR_OK_EXTRA_BLANK_TAIL_RECT,المرساة صحيحة لكن يوجد مستطيل زائد فوق فراغ قبل السطر التالي,False,True,احذف أول مستطيل الفارغ وابدأ من يمين السطر التالي
25:71,25,الفرقان,71,366,44.5,791.5,366,44.5,791.0,CORRECT,مطابق,25:71,0.5,0.5,START_ANCHOR_OK_EXTRA_BLANK_TAIL_RECT,المرساة صحيحة لكن يوجد مستطيل زائد فوق فراغ قبل السطر التالي,False,True,احذف أول مستطيل الفارغ وابدأ من يمين السطر التالي
25:72,25,الفرقان,72,366,45.0,910.0,366,45.0,909.5,CORRECT,مطابق,25:72,0.5,0.5,START_ANCHOR_OK_EXTRA_BLANK_TAIL_RECT,المرساة صحيحة لكن يوجد مستطيل زائد فوق فراغ قبل السطر التالي,False,True,احذف أول مستطيل الفارغ وابدأ من يمين السطر التالي
25:73,25,الفرقان,73,366,753.0,1146.5,366,753.0,1146.0,CORRECT,مطابق,25:73,0.5,0.5,START_ANCHOR_OK_EXTRA_BLANK_TAIL_RECT,المرساة صحيحة لكن يوجد مستطيل زائد فوق فراغ قبل السطر التالي,False,True,احذف أول مستطيل الفارغ وابدأ من يمين السطر التالي
26:8,26,الشعراء,8,367,389.5,906.5,367,389.0,906.0,CORRECT,مطابق,26:8,0.71,0.71,START_ANCHOR_OK_EXTRA_BLANK_TAIL_RECT,المرساة صحيحة لكن يوجد مستطيل زائد فوق فراغ قبل السطر التالي,False,True,احذف أول مستطيل الفارغ وابدأ من يمين السطر التالي
26:16,26,الشعراء,16,367,308.5,1496.75,367,308.5,1496.5,CORRECT,مطابق,26:16,0.25,0.25,START_ANCHOR_OK_EXTRA_BLANK_TAIL_RECT,المرساة صحيحة لكن يوجد مستطيل زائد فوق فراغ قبل السطر التالي,False,True,احذف أول مستطيل الفارغ وابدأ من يمين السطر التالي
26:24,26,الشعراء,24,368,44.5,436.5,368,45.0,436.0,CORRECT,مطابق,26:24,0.71,0.71,START_ANCHOR_OK_EXTRA_BLANK_TAIL_RECT,المرساة صحيحة لكن يوجد مستطيل زائد فوق فراغ قبل السطر التالي,False,True,احذف أول مستطيل الفارغ وابدأ من يمين السطر التالي
26:25,26,الشعراء,25,368,543.5,554.5,368,543.0,554.0,CORRECT,مطابق,26:25,0.71,0.71,START_ANCHOR_OK_EXTRA_BLANK_TAIL_RECT,المرساة صحيحة لكن يوجد مستطيل زائد فوق فراغ قبل السطر التالي,False,True,احذف أول مستطيل الفارغ وابدأ من يمين السطر التالي
26:28,26,الشعراء,28,368,44.5,790.5,368,45.0,790.0,CORRECT,مطابق,26:28,0.71,0.71,START_ANCHOR_OK_EXTRA_BLANK_TAIL_RECT,المرساة صحيحة لكن يوجد مستطيل زائد فوق فراغ قبل السطر التالي,False,True,احذف أول مستطيل الفارغ وابدأ من يمين السطر التالي
26:29,26,الشعراء,29,368,44.5,907.5,368,44.5,907.0,CORRECT,مطابق,26:29,0.5,0.5,START_ANCHOR_OK_EXTRA_BLANK_TAIL_RECT,المرساة صحيحة لكن يوجد مستطيل زائد فوق فراغ قبل السطر التالي,False,True,احذف أول مستطيل الفارغ وابدأ من يمين السطر التالي
26:30,26,الشعراء,30,368,494.25,1025.0,368,494.0,1024.5,CORRECT,مطابق,26:30,0.56,0.56,START_ANCHOR_OK_EXTRA_BLANK_TAIL_RECT,المرساة صحيحة لكن يوجد مستطيل زائد فوق فراغ قبل السطر التالي,False,True,احذف أول مستطيل الفارغ وابدأ من يمين السطر التالي
26:33,26,الشعراء,33,368,371.0,1260.75,368,371.0,1260.0,CORRECT,مطابق,26:33,0.75,0.75,START_ANCHOR_OK_EXTRA_BLANK_TAIL_RECT,المرساة صحيحة لكن يوجد مستطيل زائد فوق فراغ قبل السطر التالي,False,True,احذف أول مستطيل الفارغ وابدأ من يمين السطر التالي
26:44,26,الشعراء,44,369,914.0,548.0,369,914.0,547.5,CORRECT,مطابق,26:44,0.5,0.5,START_ANCHOR_OK_EXTRA_BLANK_TAIL_RECT,المرساة صحيحة لكن يوجد مستطيل زائد فوق فراغ قبل السطر التالي,False,True,احذف أول مستطيل الفارغ وابدأ من يمين السطر التالي
26:46,26,الشعراء,46,369,620.0,665.75,369,620.0,665.5,CORRECT,مطابق,26:46,0.25,0.25,START_ANCHOR_OK_EXTRA_BLANK_TAIL_RECT,المرساة صحيحة لكن يوجد مستطيل زائد فوق فراغ قبل السطر التالي,False,True,احذف أول مستطيل الفارغ وابدأ من يمين السطر التالي
26:48,26,الشعراء,48,369,715.0,783.5,369,715.0,783.0,CORRECT,مطابق,26:48,0.5,0.5,START_ANCHOR_OK_EXTRA_BLANK_TAIL_RECT,المرساة صحيحة لكن يوجد مستطيل زائد فوق فراغ قبل السطر التالي,False,True,احذف أول مستطيل الفارغ وابدأ من يمين السطر التالي
26:57,26,الشعراء,57,369,546.5,1609.75,369,546.5,1609.5,CORRECT,مطابق,26:57,0.25,0.25,START_ANCHOR_OK_EXTRA_BLANK_TAIL_RECT,المرساة صحيحة لكن يوجد مستطيل زائد فوق فراغ قبل السطر التالي,False,True,احذف أول مستطيل الفارغ وابدأ من يمين السطر التالي
26:59,26,الشعراء,59,369,490.0,1728.0,369,490.0,1728.0,CORRECT,مطابق,26:59,0.0,0.0,START_ANCHOR_OK_EXTRA_BLANK_TAIL_RECT,المرساة صحيحة لكن يوجد مستطيل زائد فوق فراغ قبل السطر التالي,False,True,احذف أول مستطيل الفارغ وابدأ من يمين السطر التالي
26:62,26,الشعراء,62,370,516.5,196.75,370,517.0,196.5,CORRECT,مطابق,26:62,0.56,0.56,START_ANCHOR_OK_EXTRA_BLANK_TAIL_RECT,المرساة صحيحة لكن يوجد مستطيل زائد فوق فراغ قبل السطر التالي,False,True,احذف أول مستطيل الفارغ وابدأ من يمين السطر التالي
26:64,26,الشعراء,64,370,693.5,432.25,370,693.5,432.0,CORRECT,مطابق,26:64,0.25,0.25,START_ANCHOR_OK_EXTRA_BLANK_TAIL_RECT,المرساة صحيحة لكن يوجد مستطيل زائد فوق فراغ قبل السطر التالي,False,True,احذف أول مستطيل الفارغ وابدأ من يمين السطر التالي
26:66,26,الشعراء,66,370,614.5,550.0,370,614.5,549.5,CORRECT,مطابق,26:66,0.5,0.5,START_ANCHOR_OK_EXTRA_BLANK_TAIL_RECT,المرساة صحيحة لكن يوجد مستطيل زائد فوق فراغ قبل السطر التالي,False,True,احذف أول مستطيل الفارغ وابدأ من يمين السطر التالي
26:69,26,الشعراء,69,370,652.5,786.0,370,653.0,785.5,CORRECT,مطابق,26:69,0.71,0.71,START_ANCHOR_OK_EXTRA_BLANK_TAIL_RECT,المرساة صحيحة لكن يوجد مستطيل زائد فوق فراغ قبل السطر التالي,False,True,احذف أول مستطيل الفارغ وابدأ من يمين السطر التالي
26:71,26,الشعراء,71,370,222.5,902.75,370,222.5,902.0,CORRECT,مطابق,26:71,0.75,0.75,START_ANCHOR_OK_EXTRA_BLANK_TAIL_RECT,المرساة صحيحة لكن يوجد مستطيل زائد فوق فراغ قبل السطر التالي,False,True,احذف أول مستطيل الفارغ وابدأ من يمين السطر التالي
26:107,26,الشعراء,107,371,705.5,1496.5,371,705.5,1496.0,CORRECT,مطابق,26:107,0.5,0.5,START_ANCHOR_OK_EXTRA_BLANK_TAIL_RECT,المرساة صحيحة لكن يوجد مستطيل زائد فوق فراغ قبل السطر التالي,False,True,احذف أول مستطيل الفارغ وابدأ من يمين السطر التالي
26:120,26,الشعراء,120,372,617.0,671.75,372,617.0,671.0,CORRECT,مطابق,26:120,0.75,0.75,START_ANCHOR_OK_EXTRA_BLANK_TAIL_RECT,المرساة صحيحة لكن يوجد مستطيل زائد فوق فراغ قبل السطر التالي,False,True,احذف أول مستطيل الفارغ وابدأ من يمين السطر التالي
26:130,26,الشعراء,130,372,502.0,1380.0,372,501.5,1379.5,CORRECT,مطابق,26:130,0.71,0.71,START_ANCHOR_OK_EXTRA_BLANK_TAIL_RECT,المرساة صحيحة لكن يوجد مستطيل زائد فوق فراغ قبل السطر التالي,False,True,احذف أول مستطيل الفارغ وابدأ من يمين السطر التالي
26:132,26,الشعراء,132,372,437.0,1497.75,372,437.0,1497.5,CORRECT,مطابق,26:132,0.25,0.25,START_ANCHOR_OK_EXTRA_BLANK_TAIL_RECT,المرساة صحيحة لكن يوجد مستطيل زائد فوق فراغ قبل السطر التالي,False,True,احذف أول مستطيل الفارغ وابدأ من يمين السطر التالي
26:134,26,الشعراء,134,372,754.5,1616.0,372,754.5,1615.0,CORRECT,مطابق,26:134,1.0,1.0,START_ANCHOR_OK_EXTRA_BLANK_TAIL_RECT,المرساة صحيحة لكن يوجد مستطيل زائد فوق فراغ قبل السطر التالي,False,True,احذف أول مستطيل الفارغ وابدأ من يمين السطر التالي
26:136,26,الشعراء,136,372,41.5,1733.75,372,41.5,1733.0,CORRECT,مطابق,26:136,0.75,0.75,START_ANCHOR_OK_EXTRA_BLANK_TAIL_RECT,المرساة صحيحة لكن يوجد مستطيل زائد فوق فراغ قبل السطر التالي,False,True,احذف أول مستطيل الفارغ وابدأ من يمين السطر التالي
26:140,26,الشعراء,140,373,569.5,315.75,373,569.5,315.5,CORRECT,مطابق,26:140,0.25,0.25,START_ANCHOR_OK_EXTRA_BLANK_TAIL_RECT,المرساة صحيحة لكن يوجد مستطيل زائد فوق فراغ قبل السطر التالي,False,True,احذف أول مستطيل الفارغ وابدأ من يمين السطر التالي
26:144,26,الشعراء,144,373,667.5,551.5,373,667.5,551.0,CORRECT,مطابق,26:144,0.5,0.5,START_ANCHOR_OK_EXTRA_BLANK_TAIL_RECT,المرساة صحيحة لكن يوجد مستطيل زائد فوق فراغ قبل السطر التالي,False,True,احذف أول مستطيل الفارغ وابدأ من يمين السطر التالي
26:147,26,الشعراء,147,373,713.5,787.5,373,713.0,787.0,CORRECT,مطابق,26:147,0.71,0.71,START_ANCHOR_OK_EXTRA_BLANK_TAIL_RECT,المرساة صحيحة لكن يوجد مستطيل زائد فوق فراغ قبل السطر التالي,False,True,احذف أول مستطيل الفارغ وابدأ من يمين السطر التالي
26:149,26,الشعراء,149,373,453.0,905.5,373,453.0,905.0,CORRECT,مطابق,26:149,0.5,0.5,START_ANCHOR_OK_EXTRA_BLANK_TAIL_RECT,المرساة صحيحة لكن يوجد مستطيل زائد فوق فراغ قبل السطر التالي,False,True,احذف أول مستطيل الفارغ وابدأ من يمين السطر التالي
26:151,26,الشعراء,151,373,554.25,1023.5,373,554.0,1023.0,CORRECT,مطابق,26:151,0.56,0.56,START_ANCHOR_OK_EXTRA_BLANK_TAIL_RECT,المرساة صحيحة لكن يوجد مستطيل زائد فوق فراغ قبل السطر التالي,False,True,احذف أول مستطيل الفارغ وابدأ من يمين السطر التالي
26:165,26,الشعراء,165,374,583.0,434.25,374,583.0,434.0,CORRECT,مطابق,26:165,0.25,0.25,START_ANCHOR_OK_EXTRA_BLANK_TAIL_RECT,المرساة صحيحة لكن يوجد مستطيل زائد فوق فراغ قبل السطر التالي,False,True,احذف أول مستطيل الفارغ وابدأ من يمين السطر التالي
26:169,26,الشعراء,169,374,550.5,787.5,374,550.5,787.0,CORRECT,مطابق,26:169,0.5,0.5,START_ANCHOR_OK_EXTRA_BLANK_TAIL_RECT,المرساة صحيحة لكن يوجد مستطيل زائد فوق فراغ قبل السطر التالي,False,True,احذف أول مستطيل الفارغ وابدأ من يمين السطر التالي
26:171,26,الشعراء,171,374,690.5,905.75,374,690.5,905.0,CORRECT,مطابق,26:171,0.75,0.75,START_ANCHOR_OK_EXTRA_BLANK_TAIL_RECT,المرساة صحيحة لكن يوجد مستطيل زائد فوق فراغ قبل السطر التالي,False,True,احذف أول مستطيل الفارغ وابدأ من يمين السطر التالي
26:180,26,الشعراء,180,374,392.25,1495.5,374,370.5,1495.0,CENTER_OFFSET,انحراف في مركز العلامة,26:180,21.76,21.76,START_ANCHOR_OK,مرساة البداية مطابقة لعلامة الآية السابقة,True,False,الموضع قريب من العلامة الصحيحة لكنه منحرف أكثر من 8 بكسل
26:181,26,الشعراء,181,374,654.5,1613.75,374,654.5,1613.0,CORRECT,مطابق,26:181,0.75,0.75,START_ANCHOR_WRONG_OR_MISSING,مرساة البداية خاطئة أو مفقودة,False,True,
26:183,26,الشعراء,183,374,44.25,1731.75,374,44.0,1731.5,CORRECT,مطابق,26:183,0.35,0.35,START_ANCHOR_OK_EXTRA_BLANK_TAIL_RECT,المرساة صحيحة لكن يوجد مستطيل زائد فوق فراغ قبل السطر التالي,False,True,احذف أول مستطيل الفارغ وابدأ من يمين السطر التالي
26:190,26,الشعراء,190,375,272.5,671.25,375,272.5,671.0,CORRECT,مطابق,26:190,0.25,0.25,START_ANCHOR_OK_EXTRA_BLANK_TAIL_RECT,المرساة صحيحة لكن يوجد مستطيل زائد فوق فراغ قبل السطر التالي,False,True,احذف أول مستطيل الفارغ وابدأ من يمين السطر التالي
26:213,26,الشعراء,213,376,40.0,548.75,376,40.0,548.0,CORRECT,مطابق,26:213,0.75,0.75,START_ANCHOR_OK_EXTRA_BLANK_TAIL_RECT,المرساة صحيحة لكن يوجد مستطيل زائد فوق فراغ قبل السطر التالي,False,True,احذف أول مستطيل الفارغ وابدأ من يمين السطر التالي
26:214,26,الشعراء,214,376,582.5,666.25,376,582.5,666.0,CORRECT,مطابق,26:214,0.25,0.25,START_ANCHOR_OK_EXTRA_BLANK_TAIL_RECT,المرساة صحيحة لكن يوجد مستطيل زائد فوق فراغ قبل السطر التالي,False,True,احذف أول مستطيل الفارغ وابدأ من يمين السطر التالي
26:217,26,الشعراء,217,376,521.5,901.25,376,521.0,901.0,CORRECT,مطابق,26:217,0.56,0.56,START_ANCHOR_OK_EXTRA_BLANK_TAIL_RECT,المرساة صحيحة لكن يوجد مستطيل زائد فوق فراغ قبل السطر التالي,False,True,احذف أول مستطيل الفارغ وابدأ من يمين السطر التالي
26:219,26,الشعراء,219,376,574.5,1018.5,376,574.5,1018.0,CORRECT,مطابق,26:219,0.5,0.5,START_ANCHOR_OK_EXTRA_BLANK_TAIL_RECT,المرساة صحيحة لكن يوجد مستطيل زائد فوق فراغ قبل السطر التالي,False,True,احذف أول مستطيل الفارغ وابدأ من يمين السطر التالي
26:221,26,الشعراء,221,376,356.0,1136.5,376,356.0,1136.0,CORRECT,مطابق,26:221,0.5,0.5,START_ANCHOR_OK_EXTRA_BLANK_TAIL_RECT,المرساة صحيحة لكن يوجد مستطيل زائد فوق فراغ قبل السطر التالي,False,True,احذف أول مستطيل الفارغ وابدأ من يمين السطر التالي
26:224,26,الشعراء,224,376,553.25,1371.5,376,553.0,1371.0,CORRECT,مطابق,26:224,0.56,0.56,START_ANCHOR_OK_EXTRA_BLANK_TAIL_RECT,المرساة صحيحة لكن يوجد مستطيل زائد فوق فراغ قبل السطر التالي,False,True,احذف أول مستطيل الفارغ وابدأ من يمين السطر التالي
27:10,27,النمل,10,377,348.5,1375.5,377,348.5,1375.0,CORRECT,مطابق,27:10,0.5,0.5,START_ANCHOR_OK_EXTRA_BLANK_TAIL_RECT,المرساة صحيحة لكن يوجد مستطيل زائد فوق فراغ قبل السطر التالي,False,True,احذف أول مستطيل الفارغ وابدأ من يمين السطر التالي
27:16,27,النمل,16,378,39.5,539.5,378,39.0,539.0,CORRECT,مطابق,27:16,0.71,0.71,START_ANCHOR_OK_EXTRA_BLANK_TAIL_RECT,المرساة صحيحة لكن يوجد مستطيل زائد فوق فراغ قبل السطر التالي,False,True,احذف أول مستطيل الفارغ وابدأ من يمين السطر التالي
27:17,27,النمل,17,378,913.0,774.5,378,913.0,774.0,CORRECT,مطابق,27:17,0.5,0.5,START_ANCHOR_OK_EXTRA_BLANK_TAIL_RECT,المرساة صحيحة لكن يوجد مستطيل زائد فوق فراغ قبل السطر التالي,False,True,احذف أول مستطيل الفارغ وابدأ من يمين السطر التالي
27:20,27,النمل,20,378,797.5,1481.5,378,797.5,1481.0,CORRECT,مطابق,27:20,0.5,0.5,START_ANCHOR_OK_EXTRA_BLANK_TAIL_RECT,المرساة صحيحة لكن يوجد مستطيل زائد فوق فراغ قبل السطر التالي,False,True,احذف أول مستطيل الفارغ وابدأ من يمين السطر التالي
27:26,27,النمل,26,379,368.25,668.5,379,415.5,663.0,NON_AYAH_SYMBOL_OR_BAD_CENTER,رمز غير علامة آية أو مركز غير صحيح,27:26,47.57,47.57,START_ANCHOR_OK,مرساة البداية مطابقة لعلامة الآية السابقة,True,False,مرجح: التقط رمز السجدة بدل دائرة رقم الآية
27:27,27,النمل,27,379,405.0,786.5,379,368.0,668.0,MISASSIGNED_TO_OTHER_AYAH,منسوب إلى علامة آية أخرى,27:26,124.14,0.56,START_ANCHOR_WRONG_OR_MISSING,مرساة البداية خاطئة أو مفقودة,True,True,الموضع المخزن أقرب إلى 27:26
27:28,27,النمل,28,379,249.5,904.25,379,405.0,786.0,MISASSIGNED_TO_OTHER_AYAH,منسوب إلى علامة آية أخرى,27:27,195.35,0.5,START_ANCHOR_WRONG_OR_MISSING,مرساة البداية خاطئة أو مفقودة,True,True,الموضع المخزن أقرب إلى 27:27
27:29,27,النمل,29,379,424.5,1021.5,379,249.0,904.0,MISASSIGNED_TO_OTHER_AYAH,منسوب إلى علامة آية أخرى,27:28,211.2,0.56,START_ANCHOR_WRONG_OR_MISSING,مرساة البداية خاطئة أو مفقودة,True,True,الموضع المخزن أقرب إلى 27:28
27:30,27,النمل,30,379,630.0,1139.5,379,424.5,1021.0,MISASSIGNED_TO_OTHER_AYAH,منسوب إلى علامة آية أخرى,27:29,237.22,0.5,START_ANCHOR_WRONG_OR_MISSING,مرساة البداية خاطئة أو مفقودة,True,True,الموضع المخزن أقرب إلى 27:29
27:31,27,النمل,31,379,40.5,1139.75,379,630.0,1139.0,MISASSIGNED_TO_OTHER_AYAH,منسوب إلى علامة آية أخرى,27:30,589.5,0.5,START_ANCHOR_WRONG_OR_MISSING,مرساة البداية خاطئة أو مفقودة,True,True,الموضع المخزن أقرب إلى 27:30
27:32,27,النمل,32,379,889.5,1375.25,379,40.5,1139.0,MISASSIGNED_TO_OTHER_AYAH,منسوب إلى علامة آية أخرى,27:31,881.26,0.75,START_ANCHOR_WRONG_OR_MISSING,مرساة البداية خاطئة أو مفقودة,True,True,الموضع المخزن أقرب إلى 27:31
27:33,27,النمل,33,379,577.5,1492.75,379,889.5,1375.0,MISASSIGNED_TO_OTHER_AYAH,منسوب إلى علامة آية أخرى,27:32,333.48,0.25,START_ANCHOR_WRONG_OR_MISSING,مرساة البداية خاطئة أو مفقودة,True,True,الموضع المخزن أقرب إلى 27:32
27:34,27,النمل,34,379,40.5,1610.75,379,577.5,1492.5,MISASSIGNED_TO_OTHER_AYAH,منسوب إلى علامة آية أخرى,27:33,549.87,0.25,START_ANCHOR_WRONG_OR_MISSING,مرساة البداية خاطئة أو مفقودة,True,True,الموضع المخزن أقرب إلى 27:33
27:35,27,النمل,35,379,40.5,1728.5,379,40.5,1610.0,MISASSIGNED_TO_OTHER_AYAH,منسوب إلى علامة آية أخرى,27:34,118.5,0.75,START_ANCHOR_WRONG_OR_MISSING,مرساة البداية خاطئة أو مفقودة,True,True,الموضع المخزن أقرب إلى 27:34
27:38,27,النمل,38,380,41.75,430.5,380,41.5,430.0,CORRECT,مطابق,27:38,0.56,0.56,START_ANCHOR_OK_EXTRA_BLANK_TAIL_RECT,المرساة صحيحة لكن يوجد مستطيل زائد فوق فراغ قبل السطر التالي,False,True,احذف أول مستطيل الفارغ وابدأ من يمين السطر التالي
27:39,27,النمل,39,380,685.0,666.25,380,685.0,666.0,CORRECT,مطابق,27:39,0.25,0.25,START_ANCHOR_OK_EXTRA_BLANK_TAIL_RECT,المرساة صحيحة لكن يوجد مستطيل زائد فوق فراغ قبل السطر التالي,False,True,احذف أول مستطيل الفارغ وابدأ من يمين السطر التالي
27:49,27,النمل,49,381,243.75,905.5,381,244.0,905.0,CORRECT,مطابق,27:49,0.56,0.56,START_ANCHOR_OK_EXTRA_BLANK_TAIL_RECT,المرساة صحيحة لكن يوجد مستطيل زائد فوق فراغ قبل السطر التالي,False,True,احذف أول مستطيل الفارغ وابدأ من يمين السطر التالي
27:60,27,النمل,60,382,47.0,903.25,382,47.0,903.0,CORRECT,مطابق,27:60,0.25,0.25,START_ANCHOR_OK_EXTRA_BLANK_TAIL_RECT,المرساة صحيحة لكن يوجد مستطيل زائد فوق فراغ قبل السطر التالي,False,True,احذف أول مستطيل الفارغ وابدأ من يمين السطر التالي
27:61,27,النمل,61,382,531.5,1256.0,382,531.0,1255.5,CORRECT,مطابق,27:61,0.71,0.71,START_ANCHOR_OK_EXTRA_BLANK_TAIL_RECT,المرساة صحيحة لكن يوجد مستطيل زائد فوق فراغ قبل السطر التالي,False,True,احذف أول مستطيل الفارغ وابدأ من يمين السطر التالي
27:69,27,النمل,69,383,43.5,898.0,383,43.5,897.5,CORRECT,مطابق,27:69,0.5,0.5,START_ANCHOR_OK_EXTRA_BLANK_TAIL_RECT,المرساة صحيحة لكن يوجد مستطيل زائد فوق فراغ قبل السطر التالي,False,True,احذف أول مستطيل الفارغ وابدأ من يمين السطر التالي
27:70,27,النمل,70,383,43.5,1016.0,383,43.5,1015.5,CORRECT,مطابق,27:70,0.5,0.5,START_ANCHOR_OK_EXTRA_BLANK_TAIL_RECT,المرساة صحيحة لكن يوجد مستطيل زائد فوق فراغ قبل السطر التالي,False,True,احذف أول مستطيل الفارغ وابدأ من يمين السطر التالي
27:71,27,النمل,71,383,216.5,1133.5,383,216.5,1133.0,CORRECT,مطابق,27:71,0.5,0.5,START_ANCHOR_OK_EXTRA_BLANK_TAIL_RECT,المرساة صحيحة لكن يوجد مستطيل زائد فوق فراغ قبل السطر التالي,False,True,احذف أول مستطيل الفارغ وابدأ من يمين السطر التالي
27:85,27,النمل,85,384,125.0,1131.0,384,125.0,1130.5,CORRECT,مطابق,27:85,0.5,0.5,START_ANCHOR_OK_EXTRA_BLANK_TAIL_RECT,المرساة صحيحة لكن يوجد مستطيل زائد فوق فراغ قبل السطر التالي,False,True,احذف أول مستطيل الفارغ وابدأ من يمين السطر التالي
27:90,27,النمل,90,385,795.0,313.0,385,795.0,312.5,CORRECT,مطابق,27:90,0.5,0.5,START_ANCHOR_OK_EXTRA_BLANK_TAIL_RECT,المرساة صحيحة لكن يوجد مستطيل زائد فوق فراغ قبل السطر التالي,False,True,احذف أول مستطيل الفارغ وابدأ من يمين السطر التالي
27:92,27,النمل,92,385,349.5,666.0,385,349.5,665.5,CORRECT,مطابق,27:92,0.5,0.5,START_ANCHOR_OK_EXTRA_BLANK_TAIL_RECT,المرساة صحيحة لكن يوجد مستطيل زائد فوق فراغ قبل السطر التالي,False,True,احذف أول مستطيل الفارغ وابدأ من يمين السطر التالي
28:1,28,القصص,1,385,932.5,1136.25,385,933.0,1136.0,CORRECT,مطابق,28:1,0.56,0.56,SURAH_HEADER_GAP_INCLUDED,بداية السورة تضم فاصل العنوان والبسملة ضمن منطقة الآية,False,True,يجب أن تبدأ المنطقة بعد عنوان السورة/البسملة
28:8,28,القصص,8,386,46.5,669.0,386,47.0,668.5,CORRECT,مطابق,28:8,0.71,0.71,START_ANCHOR_OK_EXTRA_BLANK_TAIL_RECT,المرساة صحيحة لكن يوجد مستطيل زائد فوق فراغ قبل السطر التالي,False,True,احذف أول مستطيل الفارغ وابدأ من يمين السطر التالي
28:9,28,القصص,9,386,46.5,905.25,386,47.0,905.0,CORRECT,مطابق,28:9,0.56,0.56,START_ANCHOR_OK_EXTRA_BLANK_TAIL_RECT,المرساة صحيحة لكن يوجد مستطيل زائد فوق فراغ قبل السطر التالي,False,True,احذف أول مستطيل الفارغ وابدأ من يمين السطر التالي
28:10,28,القصص,10,386,177.0,1140.5,386,177.0,1140.0,CORRECT,مطابق,28:10,0.5,0.5,START_ANCHOR_OK_EXTRA_BLANK_TAIL_RECT,المرساة صحيحة لكن يوجد مستطيل زائد فوق فراغ قبل السطر التالي,False,True,احذف أول مستطيل الفارغ وابدأ من يمين السطر التالي
28:12,28,القصص,12,386,47.0,1495.0,386,47.0,1494.5,CORRECT,مطابق,28:12,0.5,0.5,START_ANCHOR_OK_EXTRA_BLANK_TAIL_RECT,المرساة صحيحة لكن يوجد مستطيل زائد فوق فراغ قبل السطر التالي,False,True,احذف أول مستطيل الفارغ وابدأ من يمين السطر التالي
28:13,28,القصص,13,386,46.5,1728.0,386,46.5,1727.5,CORRECT,مطابق,28:13,0.5,0.5,START_ANCHOR_OK_EXTRA_BLANK_TAIL_RECT,المرساة صحيحة لكن يوجد مستطيل زائد فوق فراغ قبل السطر التالي,False,True,احذف أول مستطيل الفارغ وابدأ من يمين السطر التالي
28:21,28,القصص,21,387,40.0,1725.0,387,40.0,1724.5,CORRECT,مطابق,28:21,0.5,0.5,START_ANCHOR_OK_EXTRA_BLANK_TAIL_RECT,المرساة صحيحة لكن يوجد مستطيل زائد فوق فراغ قبل السطر التالي,False,True,احذف أول مستطيل الفارغ وابدأ من يمين السطر التالي
28:27,28,القصص,27,388,803.0,1614.5,388,803.0,1614.0,CORRECT,مطابق,28:27,0.5,0.5,START_ANCHOR_OK_EXTRA_BLANK_TAIL_RECT,المرساة صحيحة لكن يوجد مستطيل زائد فوق فراغ قبل السطر التالي,False,True,احذف أول مستطيل الفارغ وابدأ من يمين السطر التالي
28:30,28,القصص,30,389,836.0,668.75,389,836.0,668.5,CORRECT,مطابق,28:30,0.25,0.25,START_ANCHOR_OK_EXTRA_BLANK_TAIL_RECT,المرساة صحيحة لكن يوجد مستطيل زائد فوق فراغ قبل السطر التالي,False,True,احذف أول مستطيل الفارغ وابدأ من يمين السطر التالي
28:35,28,القصص,35,389,41.0,1729.0,389,41.0,1729.0,CORRECT,مطابق,28:35,0.0,0.0,START_ANCHOR_OK_EXTRA_BLANK_TAIL_RECT,المرساة صحيحة لكن يوجد مستطيل زائد فوق فراغ قبل السطر التالي,False,True,احذف أول مستطيل الفارغ وابدأ من يمين السطر التالي
28:37,28,القصص,37,390,42.5,437.25,390,43.0,437.0,CORRECT,مطابق,28:37,0.56,0.56,START_ANCHOR_OK_EXTRA_BLANK_TAIL_RECT,المرساة صحيحة لكن يوجد مستطيل زائد فوق فراغ قبل السطر التالي,False,True,احذف أول مستطيل الفارغ وابدأ من يمين السطر التالي
28:38,28,القصص,38,390,42.5,789.5,390,42.5,789.0,CORRECT,مطابق,28:38,0.5,0.5,START_ANCHOR_OK_EXTRA_BLANK_TAIL_RECT,المرساة صحيحة لكن يوجد مستطيل زائد فوق فراغ قبل السطر التالي,False,True,احذف أول مستطيل الفارغ وابدأ من يمين السطر التالي
28:39,28,القصص,39,390,582.0,1025.0,390,582.0,1024.5,CORRECT,مطابق,28:39,0.5,0.5,START_ANCHOR_OK_EXTRA_BLANK_TAIL_RECT,المرساة صحيحة لكن يوجد مستطيل زائد فوق فراغ قبل السطر التالي,False,True,احذف أول مستطيل الفارغ وابدأ من يمين السطر التالي
28:41,28,القصص,41,390,751.0,1377.0,390,751.0,1376.5,CORRECT,مطابق,28:41,0.5,0.5,START_ANCHOR_OK_EXTRA_BLANK_TAIL_RECT,المرساة صحيحة لكن يوجد مستطيل زائد فوق فراغ قبل السطر التالي,False,True,احذف أول مستطيل الفارغ وابدأ من يمين السطر التالي
28:47,28,القصص,47,391,741.5,1023.0,391,741.5,1022.5,CORRECT,مطابق,28:47,0.5,0.5,START_ANCHOR_OK_EXTRA_BLANK_TAIL_RECT,المرساة صحيحة لكن يوجد مستطيل زائد فوق فراغ قبل السطر التالي,False,True,احذف أول مستطيل الفارغ وابدأ من يمين السطر التالي
28:49,28,القصص,49,391,619.0,1493.75,391,619.0,1493.5,CORRECT,مطابق,28:49,0.25,0.25,START_ANCHOR_OK_EXTRA_BLANK_TAIL_RECT,المرساة صحيحة لكن يوجد مستطيل زائد فوق فراغ قبل السطر التالي,False,True,احذف أول مستطيل الفارغ وابدأ من يمين السطر التالي
28:57,28,القصص,57,392,379.0,1262.5,392,379.0,1262.0,CORRECT,مطابق,28:57,0.5,0.5,START_ANCHOR_OK_EXTRA_BLANK_TAIL_RECT,المرساة صحيحة لكن يوجد مستطيل زائد فوق فراغ قبل السطر التالي,False,True,احذف أول مستطيل الفارغ وابدأ من يمين السطر التالي
28:65,28,القصص,65,393,205.0,1028.5,393,205.0,1028.0,CORRECT,مطابق,28:65,0.5,0.5,START_ANCHOR_OK_EXTRA_BLANK_TAIL_RECT,المرساة صحيحة لكن يوجد مستطيل زائد فوق فراغ قبل السطر التالي,False,True,احذف أول مستطيل الفارغ وابدأ من يمين السطر التالي
28:68,28,القصص,68,393,513.5,1499.25,393,513.0,1499.0,CORRECT,مطابق,28:68,0.56,0.56,START_ANCHOR_OK_EXTRA_BLANK_TAIL_RECT,المرساة صحيحة لكن يوجد مستطيل زائد فوق فراغ قبل السطر التالي,False,True,احذف أول مستطيل الفارغ وابدأ من يمين السطر التالي
28:72,28,القصص,72,394,658.0,547.5,394,658.0,547.0,CORRECT,مطابق,28:72,0.5,0.5,START_ANCHOR_OK_EXTRA_BLANK_TAIL_RECT,المرساة صحيحة لكن يوجد مستطيل زائد فوق فراغ قبل السطر التالي,False,True,احذف أول مستطيل الفارغ وابدأ من يمين السطر التالي
28:84,28,القصص,84,395,41.5,1731.75,395,41.5,1731.5,CORRECT,مطابق,28:84,0.25,0.25,START_ANCHOR_OK_EXTRA_BLANK_TAIL_RECT,المرساة صحيحة لكن يوجد مستطيل زائد فوق فراغ قبل السطر التالي,False,True,احذف أول مستطيل الفارغ وابدأ من يمين السطر التالي
29:1,29,العنكبوت,1,396,977.0,1138.25,396,977.0,1138.0,CORRECT,مطابق,29:1,0.25,0.25,SURAH_HEADER_GAP_INCLUDED,بداية السورة تضم فاصل العنوان والبسملة ضمن منطقة الآية,False,True,يجب أن تبدأ المنطقة بعد عنوان السورة/البسملة
29:9,29,العنكبوت,9,397,40.25,553.5,397,40.0,553.0,CORRECT,مطابق,29:9,0.56,0.56,START_ANCHOR_OK_EXTRA_BLANK_TAIL_RECT,المرساة صحيحة لكن يوجد مستطيل زائد فوق فراغ قبل السطر التالي,False,True,احذف أول مستطيل الفارغ وابدأ من يمين السطر التالي
29:10,29,العنكبوت,10,397,40.25,907.5,397,40.0,907.0,CORRECT,مطابق,29:10,0.56,0.56,START_ANCHOR_OK_EXTRA_BLANK_TAIL_RECT,المرساة صحيحة لكن يوجد مستطيل زائد فوق فراغ قبل السطر التالي,False,True,احذف أول مستطيل الفارغ وابدأ من يمين السطر التالي
29:11,29,العنكبوت,11,397,40.25,1025.5,397,40.0,1025.0,CORRECT,مطابق,29:11,0.56,0.56,START_ANCHOR_OK_EXTRA_BLANK_TAIL_RECT,المرساة صحيحة لكن يوجد مستطيل زائد فوق فراغ قبل السطر التالي,False,True,احذف أول مستطيل الفارغ وابدأ من يمين السطر التالي
29:12,29,العنكبوت,12,397,617.5,1378.5,397,617.0,1378.0,CORRECT,مطابق,29:12,0.71,0.71,START_ANCHOR_OK_EXTRA_BLANK_TAIL_RECT,المرساة صحيحة لكن يوجد مستطيل زائد فوق فراغ قبل السطر التالي,False,True,احذف أول مستطيل الفارغ وابدأ من يمين السطر التالي
29:14,29,العنكبوت,14,397,40.25,1732.5,397,40.0,1732.0,CORRECT,مطابق,29:14,0.56,0.56,START_ANCHOR_OK_EXTRA_BLANK_TAIL_RECT,المرساة صحيحة لكن يوجد مستطيل زائد فوق فراغ قبل السطر التالي,False,True,احذف أول مستطيل الفارغ وابدأ من يمين السطر التالي
29:16,29,العنكبوت,16,398,422.0,313.75,398,422.0,313.0,CORRECT,مطابق,29:16,0.75,0.75,START_ANCHOR_OK_EXTRA_BLANK_TAIL_RECT,المرساة صحيحة لكن يوجد مستطيل زائد فوق فراغ قبل السطر التالي,False,True,احذف أول مستطيل الفارغ وابدأ من يمين السطر التالي
29:25,29,العنكبوت,25,399,548.0,668.75,399,548.0,668.0,CORRECT,مطابق,29:25,0.75,0.75,START_ANCHOR_OK_EXTRA_BLANK_TAIL_RECT,المرساة صحيحة لكن يوجد مستطيل زائد فوق فراغ قبل السطر التالي,False,True,احذف أول مستطيل الفارغ وابدأ من يمين السطر التالي
29:27,29,العنكبوت,27,399,470.25,1138.25,399,470.0,1138.0,CORRECT,مطابق,29:27,0.35,0.35,START_ANCHOR_OK_EXTRA_BLANK_TAIL_RECT,المرساة صحيحة لكن يوجد مستطيل زائد فوق فراغ قبل السطر التالي,False,True,احذف أول مستطيل الفارغ وابدأ من يمين السطر التالي
29:32,29,العنكبوت,32,400,154.0,427.5,400,154.0,427.0,CORRECT,مطابق,29:32,0.5,0.5,START_ANCHOR_OK_EXTRA_BLANK_TAIL_RECT,المرساة صحيحة لكن يوجد مستطيل زائد فوق فراغ قبل السطر التالي,False,True,احذف أول مستطيل الفارغ وابدأ من يمين السطر التالي
29:35,29,العنكبوت,35,400,45.0,1016.5,400,45.0,1016.0,CORRECT,مطابق,29:35,0.5,0.5,START_ANCHOR_OK_EXTRA_BLANK_TAIL_RECT,المرساة صحيحة لكن يوجد مستطيل زائد فوق فراغ قبل السطر التالي,False,True,احذف أول مستطيل الفارغ وابدأ من يمين السطر التالي
29:36,29,العنكبوت,36,400,45.0,1251.75,400,45.0,1251.5,CORRECT,مطابق,29:36,0.25,0.25,START_ANCHOR_OK_EXTRA_BLANK_TAIL_RECT,المرساة صحيحة لكن يوجد مستطيل زائد فوق فراغ قبل السطر التالي,False,True,احذف أول مستطيل الفارغ وابدأ من يمين السطر التالي
29:37,29,العنكبوت,37,400,834.25,1487.5,400,834.0,1487.0,CORRECT,مطابق,29:37,0.56,0.56,START_ANCHOR_OK_EXTRA_BLANK_TAIL_RECT,المرساة صحيحة لكن يوجد مستطيل زائد فوق فراغ قبل السطر التالي,False,True,احذف أول مستطيل الفارغ وابدأ من يمين السطر التالي
29:40,29,العنكبوت,40,401,327.0,668.5,401,327.0,668.0,CORRECT,مطابق,29:40,0.5,0.5,START_ANCHOR_OK_EXTRA_BLANK_TAIL_RECT,المرساة صحيحة لكن يوجد مستطيل زائد فوق فراغ قبل السطر التالي,False,True,احذف أول مستطيل الفارغ وابدأ من يمين السطر التالي
29:44,29,العنكبوت,44,401,679.0,1495.0,401,679.0,1494.5,CORRECT,مطابق,29:44,0.5,0.5,START_ANCHOR_OK_EXTRA_BLANK_TAIL_RECT,المرساة صحيحة لكن يوجد مستطيل زائد فوق فراغ قبل السطر التالي,False,True,احذف أول مستطيل الفارغ وابدأ من يمين السطر التالي
29:47,29,العنكبوت,47,402,468.5,664.75,402,468.5,664.0,CORRECT,مطابق,29:47,0.75,0.75,START_ANCHOR_OK_EXTRA_BLANK_TAIL_RECT,المرساة صحيحة لكن يوجد مستطيل زائد فوق فراغ قبل السطر التالي,False,True,احذف أول مستطيل الفارغ وابدأ من يمين السطر التالي
29:56,29,العنكبوت,56,403,46.0,547.0,403,46.0,546.5,CORRECT,مطابق,29:56,0.5,0.5,START_ANCHOR_OK_EXTRA_BLANK_TAIL_RECT,المرساة صحيحة لكن يوجد مستطيل زائد فوق فراغ قبل السطر التالي,False,True,احذف أول مستطيل الفارغ وابدأ من يمين السطر التالي
29:57,29,العنكبوت,57,403,180.75,664.5,403,181.0,664.0,CORRECT,مطابق,29:57,0.56,0.56,START_ANCHOR_OK_EXTRA_BLANK_TAIL_RECT,المرساة صحيحة لكن يوجد مستطيل زائد فوق فراغ قبل السطر التالي,False,True,احذف أول مستطيل الفارغ وابدأ من يمين السطر التالي
29:66,29,العنكبوت,66,404,44.0,435.5,404,44.0,435.0,CORRECT,مطابق,29:66,0.5,0.5,START_ANCHOR_OK_EXTRA_BLANK_TAIL_RECT,المرساة صحيحة لكن يوجد مستطيل زائد فوق فراغ قبل السطر التالي,False,True,احذف أول مستطيل الفارغ وابدأ من يمين السطر التالي
29:67,29,العنكبوت,67,404,44.0,670.5,404,44.0,670.0,CORRECT,مطابق,29:67,0.5,0.5,START_ANCHOR_OK_EXTRA_BLANK_TAIL_RECT,المرساة صحيحة لكن يوجد مستطيل زائد فوق فراغ قبل السطر التالي,False,True,احذف أول مستطيل الفارغ وابدأ من يمين السطر التالي
29:68,29,العنكبوت,68,404,387.5,906.0,404,387.0,905.5,CORRECT,مطابق,29:68,0.71,0.71,START_ANCHOR_OK_EXTRA_BLANK_TAIL_RECT,المرساة صحيحة لكن يوجد مستطيل زائد فوق فراغ قبل السطر التالي,False,True,احذف أول مستطيل الفارغ وابدأ من يمين السطر التالي
30:1,30,الروم,1,404,973.0,1377.0,404,973.0,1376.5,CORRECT,مطابق,30:1,0.5,0.5,SURAH_HEADER_GAP_INCLUDED,بداية السورة تضم فاصل العنوان والبسملة ضمن منطقة الآية,False,True,يجب أن تبدأ المنطقة بعد عنوان السورة/البسملة
30:5,30,الروم,5,404,44.0,1727.5,404,44.0,1727.0,CORRECT,مطابق,30:5,0.5,0.5,START_ANCHOR_OK_EXTRA_BLANK_TAIL_RECT,المرساة صحيحة لكن يوجد مستطيل زائد فوق فراغ قبل السطر التالي,False,True,احذف أول مستطيل الفارغ وابدأ من يمين السطر التالي
30:7,30,الروم,7,405,905.5,325.5,405,905.5,325.0,CORRECT,مطابق,30:7,0.5,0.5,START_ANCHOR_OK_EXTRA_BLANK_TAIL_RECT,المرساة صحيحة لكن يوجد مستطيل زائد فوق فراغ قبل السطر التالي,False,True,احذف أول مستطيل الفارغ وابدأ من يمين السطر التالي
30:12,30,الروم,12,405,368.0,1382.75,405,368.0,1382.5,CORRECT,مطابق,30:12,0.25,0.25,START_ANCHOR_OK_EXTRA_BLANK_TAIL_RECT,المرساة صحيحة لكن يوجد مستطيل زائد فوق فراغ قبل السطر التالي,False,True,احذف أول مستطيل الفارغ وابدأ من يمين السطر التالي
30:14,30,الروم,14,405,300.0,1616.75,405,300.0,1616.5,CORRECT,مطابق,30:14,0.25,0.25,START_ANCHOR_OK_EXTRA_BLANK_TAIL_RECT,المرساة صحيحة لكن يوجد مستطيل زائد فوق فراغ قبل السطر التالي,False,True,احذف أول مستطيل الفارغ وابدأ من يمين السطر التالي
30:20,30,الروم,20,406,821.75,789.25,406,822.0,789.0,CORRECT,مطابق,30:20,0.35,0.35,START_ANCHOR_OK_EXTRA_BLANK_TAIL_RECT,المرساة صحيحة لكن يوجد مستطيل زائد فوق فراغ قبل السطر التالي,False,True,احذف أول مستطيل الفارغ وابدأ من يمين السطر التالي
30:40,30,الروم,40,408,819.0,1612.0,408,819.0,1611.5,CORRECT,مطابق,30:40,0.5,0.5,START_ANCHOR_OK_EXTRA_BLANK_TAIL_RECT,المرساة صحيحة لكن يوجد مستطيل زائد فوق فراغ قبل السطر التالي,False,True,احذف أول مستطيل الفارغ وابدأ من يمين السطر التالي
30:45,30,الروم,45,409,888.5,669.0,409,888.5,668.5,CORRECT,مطابق,30:45,0.5,0.5,START_ANCHOR_OK_EXTRA_BLANK_TAIL_RECT,المرساة صحيحة لكن يوجد مستطيل زائد فوق فراغ قبل السطر التالي,False,True,احذف أول مستطيل الفارغ وابدأ من يمين السطر التالي
30:49,30,الروم,49,409,41.0,1495.0,409,41.0,1495.0,CORRECT,مطابق,30:49,0.0,0.0,START_ANCHOR_OK_EXTRA_BLANK_TAIL_RECT,المرساة صحيحة لكن يوجد مستطيل زائد فوق فراغ قبل السطر التالي,False,True,احذف أول مستطيل الفارغ وابدأ من يمين السطر التالي
30:50,30,الروم,50,409,41.0,1730.5,409,41.0,1730.0,CORRECT,مطابق,30:50,0.5,0.5,START_ANCHOR_OK_EXTRA_BLANK_TAIL_RECT,المرساة صحيحة لكن يوجد مستطيل زائد فوق فراغ قبل السطر التالي,False,True,احذف أول مستطيل الفارغ وابدأ من يمين السطر التالي
30:52,30,الروم,52,410,907.5,322.75,410,907.5,322.0,CORRECT,مطابق,30:52,0.75,0.75,START_ANCHOR_OK_EXTRA_BLANK_TAIL_RECT,المرساة صحيحة لكن يوجد مستطيل زائد فوق فراغ قبل السطر التالي,False,True,احذف أول مستطيل الفارغ وابدأ من يمين السطر التالي
30:55,30,الروم,55,410,397.5,911.5,410,397.5,911.0,CORRECT,مطابق,30:55,0.5,0.5,START_ANCHOR_OK_EXTRA_BLANK_TAIL_RECT,المرساة صحيحة لكن يوجد مستطيل زائد فوق فراغ قبل السطر التالي,False,True,احذف أول مستطيل الفارغ وابدأ من يمين السطر التالي
30:58,30,الروم,58,410,901.25,1619.25,410,901.0,1619.0,CORRECT,مطابق,30:58,0.35,0.35,START_ANCHOR_OK_EXTRA_BLANK_TAIL_RECT,المرساة صحيحة لكن يوجد مستطيل زائد فوق فراغ قبل السطر التالي,False,True,احذف أول مستطيل الفارغ وابدأ من يمين السطر التالي
30:60,30,الروم,60,410,43.5,1737.5,410,43.0,1737.0,CORRECT,مطابق,30:60,0.71,0.71,START_ANCHOR_OK_EXTRA_BLANK_TAIL_RECT,المرساة صحيحة لكن يوجد مستطيل زائد فوق فراغ قبل السطر التالي,False,True,احذف أول مستطيل الفارغ وابدأ من يمين السطر التالي
31:8,31,لقمان,8,411,45.25,1145.25,411,45.0,1145.0,CORRECT,مطابق,31:8,0.35,0.35,START_ANCHOR_OK_EXTRA_BLANK_TAIL_RECT,المرساة صحيحة لكن يوجد مستطيل زائد فوق فراغ قبل السطر التالي,False,True,احذف أول مستطيل الفارغ وابدأ من يمين السطر التالي
31:9,31,لقمان,9,411,141.0,1263.5,411,141.0,1263.0,CORRECT,مطابق,31:9,0.5,0.5,START_ANCHOR_OK_EXTRA_BLANK_TAIL_RECT,المرساة صحيحة لكن يوجد مستطيل زائد فوق فراغ قبل السطر التالي,False,True,احذف أول مستطيل الفارغ وابدأ من يمين السطر التالي
31:24,31,لقمان,24,413,48.0,1015.25,413,48.0,1015.0,CORRECT,مطابق,31:24,0.25,0.25,START_ANCHOR_OK_EXTRA_BLANK_TAIL_RECT,المرساة صحيحة لكن يوجد مستطيل زائد فوق فراغ قبل السطر التالي,False,True,احذف أول مستطيل الفارغ وابدأ من يمين السطر التالي
31:25,31,لقمان,25,413,380.25,1251.25,413,380.0,1251.0,CORRECT,مطابق,31:25,0.35,0.35,START_ANCHOR_OK_EXTRA_BLANK_TAIL_RECT,المرساة صحيحة لكن يوجد مستطيل زائد فوق فراغ قبل السطر التالي,False,True,احذف أول مستطيل الفارغ وابدأ من يمين السطر التالي
31:30,31,لقمان,30,414,336.5,545.5,414,336.0,545.0,CORRECT,مطابق,31:30,0.71,0.71,START_ANCHOR_OK_EXTRA_BLANK_TAIL_RECT,المرساة صحيحة لكن يوجد مستطيل زائد فوق فراغ قبل السطر التالي,False,True,احذف أول مستطيل الفارغ وابدأ من يمين السطر التالي
31:33,31,لقمان,33,414,884.25,1492.75,414,884.0,1492.5,CORRECT,مطابق,31:33,0.35,0.35,START_ANCHOR_OK_EXTRA_BLANK_TAIL_RECT,المرساة صحيحة لكن يوجد مستطيل زائد فوق فراغ قبل السطر التالي,False,True,احذف أول مستطيل الفارغ وابدأ من يمين السطر التالي
32:3,32,السجدة,3,415,337.5,558.5,415,337.5,558.0,CORRECT,مطابق,32:3,0.5,0.5,START_ANCHOR_OK_EXTRA_BLANK_TAIL_RECT,المرساة صحيحة لكن يوجد مستطيل زائد فوق فراغ قبل السطر التالي,False,True,احذف أول مستطيل الفارغ وابدأ من يمين السطر التالي
32:5,32,السجدة,5,415,511.25,1027.0,415,511.0,1026.5,CORRECT,مطابق,32:5,0.56,0.56,START_ANCHOR_OK_EXTRA_BLANK_TAIL_RECT,المرساة صحيحة لكن يوجد مستطيل زائد فوق فراغ قبل السطر التالي,False,True,احذف أول مستطيل الفارغ وابدأ من يمين السطر التالي
32:9,32,السجدة,9,415,543.0,1500.75,415,543.0,1500.5,CORRECT,مطابق,32:9,0.25,0.25,START_ANCHOR_OK_EXTRA_BLANK_TAIL_RECT,المرساة صحيحة لكن يوجد مستطيل زائد فوق فراغ قبل السطر التالي,False,True,احذف أول مستطيل الفارغ وابدأ من يمين السطر التالي
32:13,32,السجدة,13,416,44.5,423.0,416,45.0,423.0,CORRECT,مطابق,32:13,0.5,0.5,START_ANCHOR_OK_EXTRA_BLANK_TAIL_RECT,المرساة صحيحة لكن يوجد مستطيل زائد فوق فراغ قبل السطر التالي,False,True,احذف أول مستطيل الفارغ وابدأ من يمين السطر التالي
32:14,32,السجدة,14,416,234.5,659.5,416,234.5,659.0,CORRECT,مطابق,32:14,0.5,0.5,START_ANCHOR_OK_EXTRA_BLANK_TAIL_RECT,المرساة صحيحة لكن يوجد مستطيل زائد فوق فراغ قبل السطر التالي,False,True,احذف أول مستطيل الفارغ وابدأ من يمين السطر التالي
32:15,32,السجدة,15,416,411.0,895.25,416,457.5,888.0,NON_AYAH_SYMBOL_OR_BAD_CENTER,رمز غير علامة آية أو مركز غير صحيح,32:15,47.06,47.06,START_ANCHOR_OK,مرساة البداية مطابقة لعلامة الآية السابقة,True,False,مرجح: التقط رمز السجدة بدل دائرة رقم الآية
32:16,32,السجدة,16,416,844.5,1130.75,416,411.0,895.0,MISASSIGNED_TO_OTHER_AYAH,منسوب إلى علامة آية أخرى,32:15,493.46,0.25,START_ANCHOR_WRONG_OR_MISSING,مرساة البداية خاطئة أو مفقودة,True,True,الموضع المخزن أقرب إلى 32:15
32:17,32,السجدة,17,416,604.5,1248.5,416,844.5,1130.5,MISASSIGNED_TO_OTHER_AYAH,منسوب إلى علامة آية أخرى,32:16,267.44,0.25,START_ANCHOR_WRONG_OR_MISSING,مرساة البداية خاطئة أو مفقودة,True,True,الموضع المخزن أقرب إلى 32:16
32:18,32,السجدة,18,416,862.5,1367.0,416,604.5,1248.0,MISASSIGNED_TO_OTHER_AYAH,منسوب إلى علامة آية أخرى,32:17,284.12,0.5,START_ANCHOR_WRONG_OR_MISSING,مرساة البداية خاطئة أو مفقودة,True,True,الموضع المخزن أقرب إلى 32:17
32:19,32,السجدة,19,416,362.25,1484.5,416,862.5,1366.5,MISASSIGNED_TO_OTHER_AYAH,منسوب إلى علامة آية أخرى,32:18,513.98,0.5,START_ANCHOR_WRONG_OR_MISSING,مرساة البداية خاطئة أو مفقودة,True,True,الموضع المخزن أقرب إلى 32:18
32:20,32,السجدة,20,416,45.5,1720.75,416,362.0,1484.0,MISASSIGNED_TO_OTHER_AYAH,منسوب إلى علامة آية أخرى,32:19,395.25,0.56,START_ANCHOR_WRONG_OR_MISSING,مرساة البداية خاطئة أو مفقودة,True,True,الموضع المخزن أقرب إلى 32:19
32:23,32,السجدة,23,417,43.0,546.5,417,43.0,546.0,CORRECT,مطابق,32:23,0.5,0.5,START_ANCHOR_OK_EXTRA_BLANK_TAIL_RECT,المرساة صحيحة لكن يوجد مستطيل زائد فوق فراغ قبل السطر التالي,False,True,احذف أول مستطيل الفارغ وابدأ من يمين السطر التالي
32:24,32,السجدة,24,417,546.0,783.25,417,546.0,783.0,CORRECT,مطابق,32:24,0.25,0.25,START_ANCHOR_OK_EXTRA_BLANK_TAIL_RECT,المرساة صحيحة لكن يوجد مستطيل زائد فوق فراغ قبل السطر التالي,False,True,احذف أول مستطيل الفارغ وابدأ من يمين السطر التالي
32:27,32,السجدة,27,417,43.0,1376.0,417,43.0,1375.5,CORRECT,مطابق,32:27,0.5,0.5,START_ANCHOR_OK_EXTRA_BLANK_TAIL_RECT,المرساة صحيحة لكن يوجد مستطيل زائد فوق فراغ قبل السطر التالي,False,True,احذف أول مستطيل الفارغ وابدأ من يمين السطر التالي
32:28,32,السجدة,28,417,43.0,1494.5,417,43.0,1494.0,CORRECT,مطابق,32:28,0.5,0.5,START_ANCHOR_OK_EXTRA_BLANK_TAIL_RECT,المرساة صحيحة لكن يوجد مستطيل زائد فوق فراغ قبل السطر التالي,False,True,احذف أول مستطيل الفارغ وابدأ من يمين السطر التالي
32:29,32,السجدة,29,417,891.0,1732.0,417,891.0,1731.5,CORRECT,مطابق,32:29,0.5,0.5,START_ANCHOR_OK_EXTRA_BLANK_TAIL_RECT,المرساة صحيحة لكن يوجد مستطيل زائد فوق فراغ قبل السطر التالي,False,True,احذف أول مستطيل الفارغ وابدأ من يمين السطر التالي
33:1,33,الأحزاب,1,418,617.5,434.5,418,617.5,434.0,CORRECT,مطابق,33:1,0.5,0.5,MULTILINE_SURAH_START_TRUNCATED,بداية سورة متعددة الأسطر؛ الأسطر الأولى غير مشمولة,False,True,المولد الحالي يبدأ من سطر النهاية ويفقد الأسطر السابقة
33:8,33,الأحزاب,8,419,42.0,316.5,419,42.0,316.0,CORRECT,مطابق,33:8,0.5,0.5,START_ANCHOR_OK_EXTRA_BLANK_TAIL_RECT,المرساة صحيحة لكن يوجد مستطيل زائد فوق فراغ قبل السطر التالي,False,True,احذف أول مستطيل الفارغ وابدأ من يمين السطر التالي
33:9,33,الأحزاب,9,419,687.0,669.75,419,687.0,669.5,CORRECT,مطابق,33:9,0.25,0.25,START_ANCHOR_OK_EXTRA_BLANK_TAIL_RECT,المرساة صحيحة لكن يوجد مستطيل زائد فوق فراغ قبل السطر التالي,False,True,احذف أول مستطيل الفارغ وابدأ من يمين السطر التالي
33:22,33,الأحزاب,22,420,43.5,1723.0,420,44.0,1722.5,CORRECT,مطابق,33:22,0.71,0.71,START_ANCHOR_OK_EXTRA_BLANK_TAIL_RECT,المرساة صحيحة لكن يوجد مستطيل زائد فوق فراغ قبل السطر التالي,False,True,احذف أول مستطيل الفارغ وابدأ من يمين السطر التالي
33:30,33,الأحزاب,30,421,41.0,1731.25,421,41.0,1731.0,CORRECT,مطابق,33:30,0.25,0.25,START_ANCHOR_OK_EXTRA_BLANK_TAIL_RECT,المرساة صحيحة لكن يوجد مستطيل زائد فوق فراغ قبل السطر التالي,False,True,احذف أول مستطيل الفارغ وابدأ من يمين السطر التالي
33:35,33,الأحزاب,35,422,48.5,1732.5,422,48.5,1732.0,CORRECT,مطابق,33:35,0.5,0.5,START_ANCHOR_OK_EXTRA_BLANK_TAIL_RECT,المرساة صحيحة لكن يوجد مستطيل زائد فوق فراغ قبل السطر التالي,False,True,احذف أول مستطيل الفارغ وابدأ من يمين السطر التالي
33:38,33,الأحزاب,38,423,171.5,1021.25,423,171.5,1021.0,CORRECT,مطابق,33:38,0.25,0.25,START_ANCHOR_OK_EXTRA_BLANK_TAIL_RECT,المرساة صحيحة لكن يوجد مستطيل زائد فوق فراغ قبل السطر التالي,False,True,احذف أول مستطيل الفارغ وابدأ من يمين السطر التالي
33:41,33,الأحزاب,41,423,233.5,1491.75,423,233.5,1491.0,CORRECT,مطابق,33:41,0.75,0.75,START_ANCHOR_OK_EXTRA_BLANK_TAIL_RECT,المرساة صحيحة لكن يوجد مستطيل زائد فوق فراغ قبل السطر التالي,False,True,احذف أول مستطيل الفارغ وابدأ من يمين السطر التالي
33:49,33,الأحزاب,49,424,298.5,900.75,424,298.5,900.5,CORRECT,مطابق,33:49,0.25,0.25,START_ANCHOR_OK_EXTRA_BLANK_TAIL_RECT,المرساة صحيحة لكن يوجد مستطيل زائد فوق فراغ قبل السطر التالي,False,True,احذف أول مستطيل الفارغ وابدأ من يمين السطر التالي
33:54,33,الأحزاب,54,425,41.5,1733.5,425,42.0,1733.0,CORRECT,مطابق,33:54,0.71,0.71,START_ANCHOR_OK_EXTRA_BLANK_TAIL_RECT,المرساة صحيحة لكن يوجد مستطيل زائد فوق فراغ قبل السطر التالي,False,True,احذف أول مستطيل الفارغ وابدأ من يمين السطر التالي
33:56,33,الأحزاب,56,426,351.5,550.5,426,351.5,550.0,CORRECT,مطابق,33:56,0.5,0.5,START_ANCHOR_OK_EXTRA_BLANK_TAIL_RECT,المرساة صحيحة لكن يوجد مستطيل زائد فوق فراغ قبل السطر التالي,False,True,احذف أول مستطيل الفارغ وابدأ من يمين السطر التالي
33:59,33,الأحزاب,59,426,435.0,1257.5,426,435.0,1257.0,CORRECT,مطابق,33:59,0.5,0.5,START_ANCHOR_OK_EXTRA_BLANK_TAIL_RECT,المرساة صحيحة لكن يوجد مستطيل زائد فوق فراغ قبل السطر التالي,False,True,احذف أول مستطيل الفارغ وابدأ من يمين السطر التالي
33:66,33,الأحزاب,66,427,740.25,556.25,427,740.0,556.0,CORRECT,مطابق,33:66,0.35,0.35,START_ANCHOR_OK_EXTRA_BLANK_TAIL_RECT,المرساة صحيحة لكن يوجد مستطيل زائد فوق فراغ قبل السطر التالي,False,True,احذف أول مستطيل الفارغ وابدأ من يمين السطر التالي
33:70,33,الأحزاب,70,427,177.5,1028.25,427,177.0,1028.0,CORRECT,مطابق,33:70,0.56,0.56,START_ANCHOR_OK_EXTRA_BLANK_TAIL_RECT,المرساة صحيحة لكن يوجد مستطيل زائد فوق فراغ قبل السطر التالي,False,True,احذف أول مستطيل الفارغ وابدأ من يمين السطر التالي
34:1,34,سبإ,1,428,516.0,433.5,428,516.0,433.0,CORRECT,مطابق,34:1,0.5,0.5,MULTILINE_SURAH_START_TRUNCATED,بداية سورة متعددة الأسطر؛ الأسطر الأولى غير مشمولة,False,True,المولد الحالي يبدأ من سطر النهاية ويفقد الأسطر السابقة
34:13,34,سبإ,13,429,894.5,1503.5,429,895.0,1503.0,CORRECT,مطابق,34:13,0.71,0.71,START_ANCHOR_OK_EXTRA_BLANK_TAIL_RECT,المرساة صحيحة لكن يوجد مستطيل زائد فوق فراغ قبل السطر التالي,False,True,احذف أول مستطيل الفارغ وابدأ من يمين السطر التالي
34:16,34,سبإ,16,430,44.0,438.5,430,44.0,438.0,CORRECT,مطابق,34:16,0.5,0.5,START_ANCHOR_OK_EXTRA_BLANK_TAIL_RECT,المرساة صحيحة لكن يوجد مستطيل زائد فوق فراغ قبل السطر التالي,False,True,احذف أول مستطيل الفارغ وابدأ من يمين السطر التالي
34:17,34,سبإ,17,430,44.0,556.5,430,44.0,556.0,CORRECT,مطابق,34:17,0.5,0.5,START_ANCHOR_OK_EXTRA_BLANK_TAIL_RECT,المرساة صحيحة لكن يوجد مستطيل زائد فوق فراغ قبل السطر التالي,False,True,احذف أول مستطيل الفارغ وابدأ من يمين السطر التالي
34:18,34,سبإ,18,430,44.0,792.5,430,44.0,792.0,CORRECT,مطابق,34:18,0.5,0.5,START_ANCHOR_OK_EXTRA_BLANK_TAIL_RECT,المرساة صحيحة لكن يوجد مستطيل زائد فوق فراغ قبل السطر التالي,False,True,احذف أول مستطيل الفارغ وابدأ من يمين السطر التالي
34:19,34,سبإ,19,430,911.0,1145.5,430,911.0,1145.0,CORRECT,مطابق,34:19,0.5,0.5,START_ANCHOR_OK_EXTRA_BLANK_TAIL_RECT,المرساة صحيحة لكن يوجد مستطيل زائد فوق فراغ قبل السطر التالي,False,True,احذف أول مستطيل الفارغ وابدأ من يمين السطر التالي
34:24,34,سبإ,24,431,109.25,435.5,431,109.0,435.0,CORRECT,مطابق,34:24,0.56,0.56,START_ANCHOR_OK_EXTRA_BLANK_TAIL_RECT,المرساة صحيحة لكن يوجد مستطيل زائد فوق فراغ قبل السطر التالي,False,True,احذف أول مستطيل الفارغ وابدأ من يمين السطر التالي
34:27,34,سبإ,27,431,712.5,908.75,431,712.5,908.5,CORRECT,مطابق,34:27,0.25,0.25,START_ANCHOR_OK_EXTRA_BLANK_TAIL_RECT,المرساة صحيحة لكن يوجد مستطيل زائد فوق فراغ قبل السطر التالي,False,True,احذف أول مستطيل الفارغ وابدأ من يمين السطر التالي
34:29,34,سبإ,29,431,46.5,1145.5,431,46.5,1145.0,CORRECT,مطابق,34:29,0.5,0.5,START_ANCHOR_OK_EXTRA_BLANK_TAIL_RECT,المرساة صحيحة لكن يوجد مستطيل زائد فوق فراغ قبل السطر التالي,False,True,احذف أول مستطيل الفارغ وابدأ من يمين السطر التالي
34:30,34,سبإ,30,431,46.5,1263.5,431,46.5,1263.0,CORRECT,مطابق,34:30,0.5,0.5,START_ANCHOR_OK_EXTRA_BLANK_TAIL_RECT,المرساة صحيحة لكن يوجد مستطيل زائد فوق فراغ قبل السطر التالي,False,True,احذف أول مستطيل الفارغ وابدأ من يمين السطر التالي
34:31,34,سبإ,31,431,46.5,1735.75,431,46.5,1735.0,CORRECT,مطابق,34:31,0.75,0.75,START_ANCHOR_OK_EXTRA_BLANK_TAIL_RECT,المرساة صحيحة لكن يوجد مستطيل زائد فوق فراغ قبل السطر التالي,False,True,احذف أول مستطيل الفارغ وابدأ من يمين السطر التالي
34:35,34,سبإ,35,432,49.0,903.5,432,49.0,903.0,CORRECT,مطابق,34:35,0.5,0.5,START_ANCHOR_OK_EXTRA_BLANK_TAIL_RECT,المرساة صحيحة لكن يوجد مستطيل زائد فوق فراغ قبل السطر التالي,False,True,احذف أول مستطيل الفارغ وابدأ من يمين السطر التالي
34:36,34,سبإ,36,432,726.5,1139.5,432,727.0,1139.0,CORRECT,مطابق,34:36,0.71,0.71,START_ANCHOR_OK_EXTRA_BLANK_TAIL_RECT,المرساة صحيحة لكن يوجد مستطيل زائد فوق فراغ قبل السطر التالي,False,True,احذف أول مستطيل الفارغ وابدأ من يمين السطر التالي
34:39,34,سبإ,39,432,48.5,1728.75,432,48.5,1728.0,CORRECT,مطابق,34:39,0.75,0.75,START_ANCHOR_OK_EXTRA_BLANK_TAIL_RECT,المرساة صحيحة لكن يوجد مستطيل زائد فوق فراغ قبل السطر التالي,False,True,احذف أول مستطيل الفارغ وابدأ من يمين السطر التالي
35:1,35,فاطر,1,434,798.0,1372.25,434,798.0,1372.0,CORRECT,مطابق,35:1,0.25,0.25,SURAH_HEADER_GAP_INCLUDED,بداية السورة تضم فاصل العنوان والبسملة ضمن منطقة الآية,False,True,يجب أن تبدأ المنطقة بعد عنوان السورة/البسملة
35:3,35,فاطر,3,434,46.0,1726.25,434,46.0,1726.0,CORRECT,مطابق,35:3,0.25,0.25,START_ANCHOR_OK_EXTRA_BLANK_TAIL_RECT,المرساة صحيحة لكن يوجد مستطيل زائد فوق فراغ قبل السطر التالي,False,True,احذف أول مستطيل الفارغ وابدأ من يمين السطر التالي
35:11,35,فاطر,11,435,46.5,1727.0,435,47.0,1726.5,CORRECT,مطابق,35:11,0.71,0.71,START_ANCHOR_OK_EXTRA_BLANK_TAIL_RECT,المرساة صحيحة لكن يوجد مستطيل زائد فوق فراغ قبل السطر التالي,False,True,احذف أول مستطيل الفارغ وابدأ من يمين السطر التالي
35:15,35,فاطر,15,436,893.0,1254.5,436,893.0,1254.0,CORRECT,مطابق,35:15,0.5,0.5,START_ANCHOR_OK_EXTRA_BLANK_TAIL_RECT,المرساة صحيحة لكن يوجد مستطيل زائد فوق فراغ قبل السطر التالي,False,True,احذف أول مستطيل الفارغ وابدأ من يمين السطر التالي
35:17,35,فاطر,17,436,609.25,1372.5,436,609.0,1372.0,CORRECT,مطابق,35:17,0.56,0.56,START_ANCHOR_OK_EXTRA_BLANK_TAIL_RECT,المرساة صحيحة لكن يوجد مستطيل زائد فوق فراغ قبل السطر التالي,False,True,احذف أول مستطيل الفارغ وابدأ من يمين السطر التالي
35:21,35,فاطر,21,437,572.0,196.0,437,572.0,195.5,CORRECT,مطابق,35:21,0.5,0.5,START_ANCHOR_OK_EXTRA_BLANK_TAIL_RECT,المرساة صحيحة لكن يوجد مستطيل زائد فوق فراغ قبل السطر التالي,False,True,احذف أول مستطيل الفارغ وابدأ من يمين السطر التالي
35:28,35,فاطر,28,437,45.5,1371.5,437,45.0,1371.0,CORRECT,مطابق,35:28,0.71,0.71,START_ANCHOR_OK_EXTRA_BLANK_TAIL_RECT,المرساة صحيحة لكن يوجد مستطيل زائد فوق فراغ قبل السطر التالي,False,True,احذف أول مستطيل الفارغ وابدأ من يمين السطر التالي
35:29,35,فاطر,29,437,224.0,1606.5,437,224.0,1606.0,CORRECT,مطابق,35:29,0.5,0.5,START_ANCHOR_OK_EXTRA_BLANK_TAIL_RECT,المرساة صحيحة لكن يوجد مستطيل زائد فوق فراغ قبل السطر التالي,False,True,احذف أول مستطيل الفارغ وابدأ من يمين السطر التالي
35:34,35,فاطر,34,438,904.0,897.5,438,903.5,897.0,CORRECT,مطابق,35:34,0.71,0.71,START_ANCHOR_OK_EXTRA_BLANK_TAIL_RECT,المرساة صحيحة لكن يوجد مستطيل زائد فوق فراغ قبل السطر التالي,False,True,احذف أول مستطيل الفارغ وابدأ من يمين السطر التالي
35:44,35,فاطر,44,439,43.5,1732.5,439,43.5,1732.0,CORRECT,مطابق,35:44,0.5,0.5,START_ANCHOR_OK_EXTRA_BLANK_TAIL_RECT,المرساة صحيحة لكن يوجد مستطيل زائد فوق فراغ قبل السطر التالي,False,True,احذف أول مستطيل الفارغ وابدأ من يمين السطر التالي
36:1,36,يس,1,440,967.5,659.75,440,967.5,659.5,CORRECT,مطابق,36:1,0.25,0.25,SURAH_HEADER_GAP_INCLUDED,بداية السورة تضم فاصل العنوان والبسملة ضمن منطقة الآية,False,True,يجب أن تبدأ المنطقة بعد عنوان السورة/البسملة
36:14,36,يس,14,441,620.5,308.0,441,620.0,308.0,CORRECT,مطابق,36:14,0.5,0.5,START_ANCHOR_OK_EXTRA_BLANK_TAIL_RECT,المرساة صحيحة لكن يوجد مستطيل زائد فوق فراغ قبل السطر التالي,False,True,احذف أول مستطيل الفارغ وابدأ من يمين السطر التالي
36:30,36,يس,30,442,816.0,432.5,442,816.0,432.0,CORRECT,مطابق,36:30,0.5,0.5,START_ANCHOR_OK_EXTRA_BLANK_TAIL_RECT,المرساة صحيحة لكن يوجد مستطيل زائد فوق فراغ قبل السطر التالي,False,True,احذف أول مستطيل الفارغ وابدأ من يمين السطر التالي
36:33,36,يس,33,442,678.5,785.5,442,678.5,785.0,CORRECT,مطابق,36:33,0.5,0.5,START_ANCHOR_OK_EXTRA_BLANK_TAIL_RECT,المرساة صحيحة لكن يوجد مستطيل زائد فوق فراغ قبل السطر التالي,False,True,احذف أول مستطيل الفارغ وابدأ من يمين السطر التالي
36:46,36,يس,46,443,874.5,672.5,443,874.5,672.0,CORRECT,مطابق,36:46,0.5,0.5,START_ANCHOR_OK_EXTRA_BLANK_TAIL_RECT,المرساة صحيحة لكن يوجد مستطيل زائد فوق فراغ قبل السطر التالي,False,True,احذف أول مستطيل الفارغ وابدأ من يمين السطر التالي
36:65,36,يس,65,444,647.0,1137.75,444,647.0,1137.0,CORRECT,مطابق,36:65,0.75,0.75,START_ANCHOR_OK_EXTRA_BLANK_TAIL_RECT,المرساة صحيحة لكن يوجد مستطيل زائد فوق فراغ قبل السطر التالي,False,True,احذف أول مستطيل الفارغ وابدأ من يمين السطر التالي
36:68,36,يس,68,444,123.0,1491.75,444,123.0,1491.5,CORRECT,مطابق,36:68,0.25,0.25,START_ANCHOR_OK_EXTRA_BLANK_TAIL_RECT,المرساة صحيحة لكن يوجد مستطيل زائد فوق فراغ قبل السطر التالي,False,True,احذف أول مستطيل الفارغ وابدأ من يمين السطر التالي
36:70,36,يس,70,444,46.5,1727.25,444,47.0,1727.0,CORRECT,مطابق,36:70,0.56,0.56,START_ANCHOR_OK_EXTRA_BLANK_TAIL_RECT,المرساة صحيحة لكن يوجد مستطيل زائد فوق فراغ قبل السطر التالي,False,True,احذف أول مستطيل الفارغ وابدأ من يمين السطر التالي
36:79,36,يس,79,445,44.75,1141.5,445,44.5,1141.0,CORRECT,مطابق,36:79,0.56,0.56,START_ANCHOR_OK_EXTRA_BLANK_TAIL_RECT,المرساة صحيحة لكن يوجد مستطيل زائد فوق فراغ قبل السطر التالي,False,True,احذف أول مستطيل الفارغ وابدأ من يمين السطر التالي
36:80,36,يس,80,445,815.5,1377.0,445,816.0,1376.5,CORRECT,مطابق,36:80,0.71,0.71,START_ANCHOR_OK_EXTRA_BLANK_TAIL_RECT,المرساة صحيحة لكن يوجد مستطيل زائد فوق فراغ قبل السطر التالي,False,True,احذف أول مستطيل الفارغ وابدأ من يمين السطر التالي
36:82,36,يس,82,445,44.5,1612.0,445,45.0,1611.5,CORRECT,مطابق,36:82,0.71,0.71,START_ANCHOR_OK_EXTRA_BLANK_TAIL_RECT,المرساة صحيحة لكن يوجد مستطيل زائد فوق فراغ قبل السطر التالي,False,True,احذف أول مستطيل الفارغ وابدأ من يمين السطر التالي
36:83,36,يس,83,445,44.5,1729.25,445,44.5,1729.0,CORRECT,مطابق,36:83,0.25,0.25,START_ANCHOR_OK_EXTRA_BLANK_TAIL_RECT,المرساة صحيحة لكن يوجد مستطيل زائد فوق فراغ قبل السطر التالي,False,True,احذف أول مستطيل الفارغ وابدأ من يمين السطر التالي
37:8,37,الصافات,8,446,256.5,671.5,446,256.5,671.0,CORRECT,مطابق,37:8,0.5,0.5,START_ANCHOR_OK_EXTRA_BLANK_TAIL_RECT,المرساة صحيحة لكن يوجد مستطيل زائد فوق فراغ قبل السطر التالي,False,True,احذف أول مستطيل الفارغ وابدأ من يمين السطر التالي
37:11,37,الصافات,11,446,40.75,906.5,446,41.0,906.0,CORRECT,مطابق,37:11,0.56,0.56,START_ANCHOR_OK_EXTRA_BLANK_TAIL_RECT,المرساة صحيحة لكن يوجد مستطيل زائد فوق فراغ قبل السطر التالي,False,True,احذف أول مستطيل الفارغ وابدأ من يمين السطر التالي
37:12,37,الصافات,12,446,709.25,1024.25,446,709.0,1024.0,CORRECT,مطابق,37:12,0.35,0.35,START_ANCHOR_OK_EXTRA_BLANK_TAIL_RECT,المرساة صحيحة لكن يوجد مستطيل زائد فوق فراغ قبل السطر التالي,False,True,احذف أول مستطيل الفارغ وابدأ من يمين السطر التالي
37:22,37,الصافات,22,446,175.25,1613.5,446,175.0,1613.0,CORRECT,مطابق,37:22,0.56,0.56,START_ANCHOR_OK_EXTRA_BLANK_TAIL_RECT,المرساة صحيحة لكن يوجد مستطيل زائد فوق فراغ قبل السطر التالي,False,True,احذف أول مستطيل الفارغ وابدأ من يمين السطر التالي
37:29,37,الصافات,29,447,588.5,312.75,447,588.5,312.5,CORRECT,مطابق,37:29,0.25,0.25,START_ANCHOR_OK_EXTRA_BLANK_TAIL_RECT,المرساة صحيحة لكن يوجد مستطيل زائد فوق فراغ قبل السطر التالي,False,True,احذف أول مستطيل الفارغ وابدأ من يمين السطر التالي
37:32,37,الصافات,32,447,526.5,547.5,447,526.5,547.0,CORRECT,مطابق,37:32,0.5,0.5,START_ANCHOR_OK_EXTRA_BLANK_TAIL_RECT,المرساة صحيحة لكن يوجد مستطيل زائد فوق فراغ قبل السطر التالي,False,True,احذف أول مستطيل الفارغ وابدأ من يمين السطر التالي
37:40,37,الصافات,40,447,602.25,1137.25,447,602.0,1137.0,CORRECT,مطابق,37:40,0.35,0.35,START_ANCHOR_OK_EXTRA_BLANK_TAIL_RECT,المرساة صحيحة لكن يوجد مستطيل زائد فوق فراغ قبل السطر التالي,False,True,احذف أول مستطيل الفارغ وابدأ من يمين السطر التالي
37:45,37,الصافات,45,447,513.0,1372.75,447,513.0,1372.0,CORRECT,مطابق,37:45,0.75,0.75,START_ANCHOR_OK_EXTRA_BLANK_TAIL_RECT,المرساة صحيحة لكن يوجد مستطيل زائد فوق فراغ قبل السطر التالي,False,True,احذف أول مستطيل الفارغ وابدأ من يمين السطر التالي
37:47,37,الصافات,47,447,408.0,1490.25,447,408.0,1490.0,CORRECT,مطابق,37:47,0.25,0.25,START_ANCHOR_OK_EXTRA_BLANK_TAIL_RECT,المرساة صحيحة لكن يوجد مستطيل زائد فوق فراغ قبل السطر التالي,False,True,احذف أول مستطيل الفارغ وابدأ من يمين السطر التالي
37:61,37,الصافات,61,448,507.5,669.0,448,507.5,668.5,CORRECT,مطابق,37:61,0.5,0.5,START_ANCHOR_OK_EXTRA_BLANK_TAIL_RECT,المرساة صحيحة لكن يوجد مستطيل زائد فوق فراغ قبل السطر التالي,False,True,احذف أول مستطيل الفارغ وابدأ من يمين السطر التالي
37:66,37,الصافات,66,448,244.5,1021.5,448,244.5,1021.0,CORRECT,مطابق,37:66,0.5,0.5,START_ANCHOR_OK_EXTRA_BLANK_TAIL_RECT,المرساة صحيحة لكن يوجد مستطيل زائد فوق فراغ قبل السطر التالي,False,True,احذف أول مستطيل الفارغ وابدأ من يمين السطر التالي
37:69,37,الصافات,69,448,558.0,1256.5,448,558.0,1256.0,CORRECT,مطابق,37:69,0.5,0.5,START_ANCHOR_OK_EXTRA_BLANK_TAIL_RECT,المرساة صحيحة لكن يوجد مستطيل زائد فوق فراغ قبل السطر التالي,False,True,احذف أول مستطيل الفارغ وابدأ من يمين السطر التالي
37:71,37,الصافات,71,448,411.0,1374.0,448,411.0,1374.0,CORRECT,مطابق,37:71,0.0,0.0,START_ANCHOR_OK_EXTRA_BLANK_TAIL_RECT,المرساة صحيحة لكن يوجد مستطيل زائد فوق فراغ قبل السطر التالي,False,True,احذف أول مستطيل الفارغ وابدأ من يمين السطر التالي
37:74,37,الصافات,74,448,533.0,1609.75,448,533.0,1609.5,CORRECT,مطابق,37:74,0.25,0.25,START_ANCHOR_OK_EXTRA_BLANK_TAIL_RECT,المرساة صحيحة لكن يوجد مستطيل زائد فوق فراغ قبل السطر التالي,False,True,احذف أول مستطيل الفارغ وابدأ من يمين السطر التالي
37:87,37,الصافات,87,449,583.0,665.5,449,583.0,665.0,CORRECT,مطابق,37:87,0.5,0.5,START_ANCHOR_OK_EXTRA_BLANK_TAIL_RECT,المرساة صحيحة لكن يوجد مستطيل زائد فوق فراغ قبل السطر التالي,False,True,احذف أول مستطيل الفارغ وابدأ من يمين السطر التالي
37:89,37,الصافات,89,449,767.5,782.75,449,767.5,782.0,CORRECT,مطابق,37:89,0.75,0.75,START_ANCHOR_OK_EXTRA_BLANK_TAIL_RECT,المرساة صحيحة لكن يوجد مستطيل زائد فوق فراغ قبل السطر التالي,False,True,احذف أول مستطيل الفارغ وابدأ من يمين السطر التالي
37:96,37,الصافات,96,449,537.5,1135.5,449,537.0,1135.0,CORRECT,مطابق,37:96,0.71,0.71,START_ANCHOR_OK_EXTRA_BLANK_TAIL_RECT,المرساة صحيحة لكن يوجد مستطيل زائد فوق فراغ قبل السطر التالي,False,True,احذف أول مستطيل الفارغ وابدأ من يمين السطر التالي
37:99,37,الصافات,99,449,513.0,1371.5,449,513.0,1371.0,CORRECT,مطابق,37:99,0.5,0.5,START_ANCHOR_OK_EXTRA_BLANK_TAIL_RECT,المرساة صحيحة لكن يوجد مستطيل زائد فوق فراغ قبل السطر التالي,False,True,احذف أول مستطيل الفارغ وابدأ من يمين السطر التالي
37:101,37,الصافات,101,449,644.0,1489.5,449,644.0,1489.0,CORRECT,مطابق,37:101,0.5,0.5,START_ANCHOR_OK_EXTRA_BLANK_TAIL_RECT,المرساة صحيحة لكن يوجد مستطيل زائد فوق فراغ قبل السطر التالي,False,True,احذف أول مستطيل الفارغ وابدأ من يمين السطر التالي
37:105,37,الصافات,105,450,108.5,198.5,450,108.0,198.0,CORRECT,مطابق,37:105,0.71,0.71,START_ANCHOR_OK_EXTRA_BLANK_TAIL_RECT,المرساة صحيحة لكن يوجد مستطيل زائد فوق فراغ قبل السطر التالي,False,True,احذف أول مستطيل الفارغ وابدأ من يمين السطر التالي
37:119,37,الصافات,119,450,394.75,1260.5,450,394.5,1260.0,CORRECT,مطابق,37:119,0.56,0.56,START_ANCHOR_OK_EXTRA_BLANK_TAIL_RECT,المرساة صحيحة لكن يوجد مستطيل زائد فوق فراغ قبل السطر التالي,False,True,احذف أول مستطيل الفارغ وابدأ من يمين السطر التالي
37:124,37,الصافات,124,450,604.0,1614.25,450,604.0,1614.0,CORRECT,مطابق,37:124,0.25,0.25,START_ANCHOR_OK_EXTRA_BLANK_TAIL_RECT,المرساة صحيحة لكن يوجد مستطيل زائد فوق فراغ قبل السطر التالي,False,True,احذف أول مستطيل الفارغ وابدأ من يمين السطر التالي
37:129,37,الصافات,129,451,578.5,200.25,451,578.0,200.0,CORRECT,مطابق,37:129,0.56,0.56,START_ANCHOR_OK_EXTRA_BLANK_TAIL_RECT,المرساة صحيحة لكن يوجد مستطيل زائد فوق فراغ قبل السطر التالي,False,True,احذف أول مستطيل الفارغ وابدأ من يمين السطر التالي
37:133,37,الصافات,133,451,606.0,434.5,451,606.0,434.0,CORRECT,مطابق,37:133,0.5,0.5,START_ANCHOR_OK_EXTRA_BLANK_TAIL_RECT,المرساة صحيحة لكن يوجد مستطيل زائد فوق فراغ قبل السطر التالي,False,True,احذف أول مستطيل الفارغ وابدأ من يمين السطر التالي
37:135,37,الصافات,135,451,617.5,552.5,451,617.0,552.0,CORRECT,مطابق,37:135,0.71,0.71,START_ANCHOR_OK_EXTRA_BLANK_TAIL_RECT,المرساة صحيحة لكن يوجد مستطيل زائد فوق فراغ قبل السطر التالي,False,True,احذف أول مستطيل الفارغ وابدأ من يمين السطر التالي
37:141,37,الصافات,141,451,541.0,904.5,451,541.0,904.0,CORRECT,مطابق,37:141,0.5,0.5,START_ANCHOR_OK_EXTRA_BLANK_TAIL_RECT,المرساة صحيحة لكن يوجد مستطيل زائد فوق فراغ قبل السطر التالي,False,True,احذف أول مستطيل الفارغ وابدأ من يمين السطر التالي
37:143,37,الصافات,143,451,443.5,1022.25,451,444.0,1022.0,CORRECT,مطابق,37:143,0.56,0.56,START_ANCHOR_OK_EXTRA_BLANK_TAIL_RECT,المرساة صحيحة لكن يوجد مستطيل زائد فوق فراغ قبل السطر التالي,False,True,احذف أول مستطيل الفارغ وابدأ من يمين السطر التالي
37:144,37,الصافات,144,451,908.5,1139.75,451,886.0,1139.0,CENTER_OFFSET,انحراف في مركز العلامة,37:144,22.51,22.51,START_ANCHOR_OK,مرساة البداية مطابقة لعلامة الآية السابقة,True,False,الموضع قريب من العلامة الصحيحة لكنه منحرف أكثر من 8 بكسل
37:145,37,الصافات,145,451,221.0,1139.0,451,220.5,1139.0,CORRECT,مطابق,37:145,0.5,0.5,START_ANCHOR_WRONG_OR_MISSING,مرساة البداية خاطئة أو مفقودة,False,True,
37:159,37,الصافات,159,452,581.0,437.25,452,581.0,437.0,CORRECT,مطابق,37:159,0.25,0.25,START_ANCHOR_OK_EXTRA_BLANK_TAIL_RECT,المرساة صحيحة لكن يوجد مستطيل زائد فوق فراغ قبل السطر التالي,False,True,احذف أول مستطيل الفارغ وابدأ من يمين السطر التالي
37:161,37,الصافات,161,452,580.5,554.5,452,580.5,554.0,CORRECT,مطابق,37:161,0.5,0.5,START_ANCHOR_OK_EXTRA_BLANK_TAIL_RECT,المرساة صحيحة لكن يوجد مستطيل زائد فوق فراغ قبل السطر التالي,False,True,احذف أول مستطيل الفارغ وابدأ من يمين السطر التالي
37:163,37,الصافات,163,452,578.5,672.0,452,578.5,671.5,CORRECT,مطابق,37:163,0.5,0.5,START_ANCHOR_OK_EXTRA_BLANK_TAIL_RECT,المرساة صحيحة لكن يوجد مستطيل زائد فوق فراغ قبل السطر التالي,False,True,احذف أول مستطيل الفارغ وابدأ من يمين السطر التالي
37:165,37,الصافات,165,452,580.0,789.5,452,580.0,789.0,CORRECT,مطابق,37:165,0.5,0.5,START_ANCHOR_OK_EXTRA_BLANK_TAIL_RECT,المرساة صحيحة لكن يوجد مستطيل زائد فوق فراغ قبل السطر التالي,False,True,احذف أول مستطيل الفارغ وابدأ من يمين السطر التالي
37:167,37,الصافات,167,452,625.5,907.0,452,625.5,906.5,CORRECT,مطابق,37:167,0.5,0.5,START_ANCHOR_OK_EXTRA_BLANK_TAIL_RECT,المرساة صحيحة لكن يوجد مستطيل زائد فوق فراغ قبل السطر التالي,False,True,احذف أول مستطيل الفارغ وابدأ من يمين السطر التالي
37:169,37,الصافات,169,452,627.0,1025.0,452,627.0,1024.5,CORRECT,مطابق,37:169,0.5,0.5,START_ANCHOR_OK_EXTRA_BLANK_TAIL_RECT,المرساة صحيحة لكن يوجد مستطيل زائد فوق فراغ قبل السطر التالي,False,True,احذف أول مستطيل الفارغ وابدأ من يمين السطر التالي
37:173,37,الصافات,173,452,640.25,1260.25,452,640.5,1260.0,CORRECT,مطابق,37:173,0.35,0.35,START_ANCHOR_OK_EXTRA_BLANK_TAIL_RECT,المرساة صحيحة لكن يوجد مستطيل زائد فوق فراغ قبل السطر التالي,False,True,احذف أول مستطيل الفارغ وابدأ من يمين السطر التالي
37:181,37,الصافات,181,452,645.0,1730.5,452,645.0,1730.0,CORRECT,مطابق,37:181,0.5,0.5,START_ANCHOR_OK_EXTRA_BLANK_TAIL_RECT,المرساة صحيحة لكن يوجد مستطيل زائد فوق فراغ قبل السطر التالي,False,True,احذف أول مستطيل الفارغ وابدأ من يمين السطر التالي
38:3,38,ص,3,453,167.5,433.75,453,167.5,433.0,CORRECT,مطابق,38:3,0.75,0.75,START_ANCHOR_OK_EXTRA_BLANK_TAIL_RECT,المرساة صحيحة لكن يوجد مستطيل زائد فوق فراغ قبل السطر التالي,False,True,احذف أول مستطيل الفارغ وابدأ من يمين السطر التالي
38:13,38,ص,13,453,212.25,1495.0,453,212.0,1494.5,CORRECT,مطابق,38:13,0.56,0.56,START_ANCHOR_OK_EXTRA_BLANK_TAIL_RECT,المرساة صحيحة لكن يوجد مستطيل زائد فوق فراغ قبل السطر التالي,False,True,احذف أول مستطيل الفارغ وابدأ من يمين السطر التالي
38:24,38,ص,24,454,48.5,1256.5,454,95.5,1253.0,NON_AYAH_SYMBOL_OR_BAD_CENTER,رمز غير علامة آية أو مركز غير صحيح,38:24,47.13,47.13,START_ANCHOR_OK,مرساة البداية مطابقة لعلامة الآية السابقة,True,False,مرجح: التقط رمز السجدة بدل دائرة رقم الآية
38:25,38,ص,25,454,48.5,1374.25,454,48.5,1256.0,MISASSIGNED_TO_OTHER_AYAH,منسوب إلى علامة آية أخرى,38:24,118.25,0.5,START_ANCHOR_WRONG_OR_MISSING,مرساة البداية خاطئة أو مفقودة,True,True,الموضع المخزن أقرب إلى 38:24
38:26,38,ص,26,454,48.5,1727.75,454,49.0,1374.0,MISASSIGNED_TO_OTHER_AYAH,منسوب إلى علامة آية أخرى,38:25,353.75,0.56,START_ANCHOR_WRONG_OR_MISSING,مرساة البداية خاطئة أو مفقودة,True,True,الموضع المخزن أقرب إلى 38:25
38:29,38,ص,29,455,906.0,549.75,455,906.0,549.5,CORRECT,مطابق,38:29,0.25,0.25,START_ANCHOR_OK_EXTRA_BLANK_TAIL_RECT,المرساة صحيحة لكن يوجد مستطيل زائد فوق فراغ قبل السطر التالي,False,True,احذف أول مستطيل الفارغ وابدأ من يمين السطر التالي
38:31,38,ص,31,455,336.0,665.0,455,336.0,664.5,CORRECT,مطابق,38:31,0.5,0.5,START_ANCHOR_OK_EXTRA_BLANK_TAIL_RECT,المرساة صحيحة لكن يوجد مستطيل زائد فوق فراغ قبل السطر التالي,False,True,احذف أول مستطيل الفارغ وابدأ من يمين السطر التالي
38:36,38,ص,36,455,228.0,1255.5,455,228.0,1255.0,CORRECT,مطابق,38:36,0.5,0.5,START_ANCHOR_OK_EXTRA_BLANK_TAIL_RECT,المرساة صحيحة لكن يوجد مستطيل زائد فوق فراغ قبل السطر التالي,False,True,احذف أول مستطيل الفارغ وابدأ من يمين السطر التالي
38:44,38,ص,44,456,768.0,312.5,456,768.0,312.0,CORRECT,مطابق,38:44,0.5,0.5,START_ANCHOR_OK_EXTRA_BLANK_TAIL_RECT,المرساة صحيحة لكن يوجد مستطيل زائد فوق فراغ قبل السطر التالي,False,True,احذف أول مستطيل الفارغ وابدأ من يمين السطر التالي
38:47,38,ص,47,456,365.0,548.0,456,365.0,547.5,CORRECT,مطابق,38:47,0.5,0.5,START_ANCHOR_OK_EXTRA_BLANK_TAIL_RECT,المرساة صحيحة لكن يوجد مستطيل زائد فوق فراغ قبل السطر التالي,False,True,احذف أول مستطيل الفارغ وابدأ من يمين السطر التالي
38:56,38,ص,56,456,478.0,1255.0,456,478.0,1255.0,CORRECT,مطابق,38:56,0.0,0.0,START_ANCHOR_OK_EXTRA_BLANK_TAIL_RECT,المرساة صحيحة لكن يوجد مستطيل زائد فوق فراغ قبل السطر التالي,False,True,احذف أول مستطيل الفارغ وابدأ من يمين السطر التالي
38:61,38,ص,61,456,40.75,1726.75,456,41.0,1726.5,CORRECT,مطابق,38:61,0.35,0.35,START_ANCHOR_OK_EXTRA_BLANK_TAIL_RECT,المرساة صحيحة لكن يوجد مستطيل زائد فوق فراغ قبل السطر التالي,False,True,احذف أول مستطيل الفارغ وابدأ من يمين السطر التالي
38:66,38,ص,66,457,216.5,433.5,457,217.0,433.0,CORRECT,مطابق,38:66,0.71,0.71,START_ANCHOR_OK_EXTRA_BLANK_TAIL_RECT,المرساة صحيحة لكن يوجد مستطيل زائد فوق فراغ قبل السطر التالي,False,True,احذف أول مستطيل الفارغ وابدأ من يمين السطر التالي
38:87,38,ص,87,458,568.5,307.75,458,568.5,307.5,CORRECT,مطابق,38:87,0.25,0.25,START_ANCHOR_OK_EXTRA_BLANK_TAIL_RECT,المرساة صحيحة لكن يوجد مستطيل زائد فوق فراغ قبل السطر التالي,False,True,احذف أول مستطيل الفارغ وابدأ من يمين السطر التالي
39:1,39,الزمر,1,458,307.5,666.0,458,308.0,666.0,CORRECT,مطابق,39:1,0.5,0.5,SURAH_HEADER_GAP_INCLUDED,بداية السورة تضم فاصل العنوان والبسملة ضمن منطقة الآية,False,True,يجب أن تبدأ المنطقة بعد عنوان السورة/البسملة
39:5,39,الزمر,5,458,40.0,1722.5,458,40.0,1722.0,CORRECT,مطابق,39:5,0.5,0.5,START_ANCHOR_OK_EXTRA_BLANK_TAIL_RECT,المرساة صحيحة لكن يوجد مستطيل زائد فوق فراغ قبل السطر التالي,False,True,احذف أول مستطيل الفارغ وابدأ من يمين السطر التالي
39:8,39,الزمر,8,459,42.5,1137.75,459,42.5,1137.0,CORRECT,مطابق,39:8,0.75,0.75,START_ANCHOR_OK_EXTRA_BLANK_TAIL_RECT,المرساة صحيحة لكن يوجد مستطيل زائد فوق فراغ قبل السطر التالي,False,True,احذف أول مستطيل الفارغ وابدأ من يمين السطر التالي
39:9,39,الزمر,9,459,399.0,1491.75,459,399.0,1491.5,CORRECT,مطابق,39:9,0.25,0.25,START_ANCHOR_OK_EXTRA_BLANK_TAIL_RECT,المرساة صحيحة لكن يوجد مستطيل زائد فوق فراغ قبل السطر التالي,False,True,احذف أول مستطيل الفارغ وابدأ من يمين السطر التالي
39:17,39,الزمر,17,460,859.0,908.25,460,859.0,908.0,CORRECT,مطابق,39:17,0.25,0.25,START_ANCHOR_OK_EXTRA_BLANK_TAIL_RECT,المرساة صحيحة لكن يوجد مستطيل زائد فوق فراغ قبل السطر التالي,False,True,احذف أول مستطيل الفارغ وابدأ من يمين السطر التالي
39:19,39,الزمر,19,460,40.5,1143.0,460,40.5,1142.5,CORRECT,مطابق,39:19,0.5,0.5,START_ANCHOR_OK_EXTRA_BLANK_TAIL_RECT,المرساة صحيحة لكن يوجد مستطيل زائد فوق فراغ قبل السطر التالي,False,True,احذف أول مستطيل الفارغ وابدأ من يمين السطر التالي
39:20,39,الزمر,20,460,162.0,1378.75,460,162.0,1378.0,CORRECT,مطابق,39:20,0.75,0.75,START_ANCHOR_OK_EXTRA_BLANK_TAIL_RECT,المرساة صحيحة لكن يوجد مستطيل زائد فوق فراغ قبل السطر التالي,False,True,احذف أول مستطيل الفارغ وابدأ من يمين السطر التالي
39:23,39,الزمر,23,461,543.5,659.75,461,543.5,659.0,CORRECT,مطابق,39:23,0.75,0.75,START_ANCHOR_OK_EXTRA_BLANK_TAIL_RECT,المرساة صحيحة لكن يوجد مستطيل زائد فوق فراغ قبل السطر التالي,False,True,احذف أول مستطيل الفارغ وابدأ من يمين السطر التالي
39:25,39,الزمر,25,461,832.5,1013.25,461,833.0,1013.0,CORRECT,مطابق,39:25,0.56,0.56,START_ANCHOR_OK_EXTRA_BLANK_TAIL_RECT,المرساة صحيحة لكن يوجد مستطيل زائد فوق فراغ قبل السطر التالي,False,True,احذف أول مستطيل الفارغ وابدأ من يمين السطر التالي
39:34,39,الزمر,34,462,46.0,429.25,462,45.5,429.0,CORRECT,مطابق,39:34,0.56,0.56,START_ANCHOR_OK_EXTRA_BLANK_TAIL_RECT,المرساة صحيحة لكن يوجد مستطيل زائد فوق فراغ قبل السطر التالي,False,True,احذف أول مستطيل الفارغ وابدأ من يمين السطر التالي
39:35,39,الزمر,35,462,391.5,665.0,462,391.5,664.5,CORRECT,مطابق,39:35,0.5,0.5,START_ANCHOR_OK_EXTRA_BLANK_TAIL_RECT,المرساة صحيحة لكن يوجد مستطيل زائد فوق فراغ قبل السطر التالي,False,True,احذف أول مستطيل الفارغ وابدأ من يمين السطر التالي
39:40,39,الزمر,40,462,46.5,1726.5,462,46.0,1726.0,CORRECT,مطابق,39:40,0.71,0.71,START_ANCHOR_OK_EXTRA_BLANK_TAIL_RECT,المرساة صحيحة لكن يوجد مستطيل زائد فوق فراغ قبل السطر التالي,False,True,احذف أول مستطيل الفارغ وابدأ من يمين السطر التالي
39:53,39,الزمر,53,464,741.0,1252.25,464,741.0,1252.0,CORRECT,مطابق,39:53,0.25,0.25,START_ANCHOR_OK_EXTRA_BLANK_TAIL_RECT,المرساة صحيحة لكن يوجد مستطيل زائد فوق فراغ قبل السطر التالي,False,True,احذف أول مستطيل الفارغ وابدأ من يمين السطر التالي
39:59,39,الزمر,59,465,756.5,431.25,465,757.0,431.0,CORRECT,مطابق,39:59,0.56,0.56,START_ANCHOR_OK_EXTRA_BLANK_TAIL_RECT,المرساة صحيحة لكن يوجد مستطيل زائد فوق فراغ قبل السطر التالي,False,True,احذف أول مستطيل الفارغ وابدأ من يمين السطر التالي
39:61,39,الزمر,61,465,713.5,785.0,465,713.5,784.5,CORRECT,مطابق,39:61,0.5,0.5,START_ANCHOR_OK_EXTRA_BLANK_TAIL_RECT,المرساة صحيحة لكن يوجد مستطيل زائد فوق فراغ قبل السطر التالي,False,True,احذف أول مستطيل الفارغ وابدأ من يمين السطر التالي
39:69,39,الزمر,69,466,47.0,431.5,466,47.0,431.0,CORRECT,مطابق,39:69,0.5,0.5,START_ANCHOR_OK_EXTRA_BLANK_TAIL_RECT,المرساة صحيحة لكن يوجد مستطيل زائد فوق فراغ قبل السطر التالي,False,True,احذف أول مستطيل الفارغ وابدأ من يمين السطر التالي
39:70,39,الزمر,70,466,47.0,549.0,466,47.0,548.5,CORRECT,مطابق,39:70,0.5,0.5,START_ANCHOR_OK_EXTRA_BLANK_TAIL_RECT,المرساة صحيحة لكن يوجد مستطيل زائد فوق فراغ قبل السطر التالي,False,True,احذف أول مستطيل الفارغ وابدأ من يمين السطر التالي
39:71,39,الزمر,71,466,47.0,1021.0,466,47.0,1020.5,CORRECT,مطابق,39:71,0.5,0.5,START_ANCHOR_OK_EXTRA_BLANK_TAIL_RECT,المرساة صحيحة لكن يوجد مستطيل زائد فوق فراغ قبل السطر التالي,False,True,احذف أول مستطيل الفارغ وابدأ من يمين السطر التالي
39:72,39,الزمر,72,466,765.0,1256.75,466,765.0,1256.5,CORRECT,مطابق,39:72,0.25,0.25,START_ANCHOR_OK_EXTRA_BLANK_TAIL_RECT,المرساة صحيحة لكن يوجد مستطيل زائد فوق فراغ قبل السطر التالي,False,True,احذف أول مستطيل الفارغ وابدأ من يمين السطر التالي
40:1,40,غافر,1,467,974.0,548.5,467,974.0,548.0,CORRECT,مطابق,40:1,0.5,0.5,SURAH_HEADER_GAP_INCLUDED,بداية السورة تضم فاصل العنوان والبسملة ضمن منطقة الآية,False,True,يجب أن تبدأ المنطقة بعد عنوان السورة/البسملة
40:27,40,غافر,27,470,767.0,433.5,470,767.0,433.0,CORRECT,مطابق,40:27,0.5,0.5,START_ANCHOR_OK_EXTRA_BLANK_TAIL_RECT,المرساة صحيحة لكن يوجد مستطيل زائد فوق فراغ قبل السطر التالي,False,True,احذف أول مستطيل الفارغ وابدأ من يمين السطر التالي
40:32,40,غافر,32,470,384.0,1612.5,470,384.0,1612.0,CORRECT,مطابق,40:32,0.5,0.5,START_ANCHOR_OK_EXTRA_BLANK_TAIL_RECT,المرساة صحيحة لكن يوجد مستطيل زائد فوق فراغ قبل السطر التالي,False,True,احذف أول مستطيل الفارغ وابدأ من يمين السطر التالي
40:42,40,غافر,42,472,276.0,316.75,472,276.0,316.5,CORRECT,مطابق,40:42,0.25,0.25,START_ANCHOR_OK_EXTRA_BLANK_TAIL_RECT,المرساة صحيحة لكن يوجد مستطيل زائد فوق فراغ قبل السطر التالي,False,True,احذف أول مستطيل الفارغ وابدأ من يمين السطر التالي
40:44,40,غافر,44,472,578.5,788.5,472,578.5,788.0,CORRECT,مطابق,40:44,0.5,0.5,START_ANCHOR_OK_EXTRA_BLANK_TAIL_RECT,المرساة صحيحة لكن يوجد مستطيل زائد فوق فراغ قبل السطر التالي,False,True,احذف أول مستطيل الفارغ وابدأ من يمين السطر التالي
40:51,40,غافر,51,473,643.0,433.25,473,643.0,433.0,CORRECT,مطابق,40:51,0.25,0.25,START_ANCHOR_OK_EXTRA_BLANK_TAIL_RECT,المرساة صحيحة لكن يوجد مستطيل زائد فوق فراغ قبل السطر التالي,False,True,احذف أول مستطيل الفارغ وابدأ من يمين السطر التالي
40:58,40,غافر,58,473,47.0,1730.0,473,47.0,1729.5,CORRECT,مطابق,40:58,0.5,0.5,START_ANCHOR_OK_EXTRA_BLANK_TAIL_RECT,المرساة صحيحة لكن يوجد مستطيل زائد فوق فراغ قبل السطر التالي,False,True,احذف أول مستطيل الفارغ وابدأ من يمين السطر التالي
40:63,40,غافر,63,474,48.5,901.5,474,48.5,901.0,CORRECT,مطابق,40:63,0.5,0.5,START_ANCHOR_OK_EXTRA_BLANK_TAIL_RECT,المرساة صحيحة لكن يوجد مستطيل زائد فوق فراغ قبل السطر التالي,False,True,احذف أول مستطيل الفارغ وابدأ من يمين السطر التالي
40:64,40,غافر,64,474,805.0,1372.75,474,805.0,1372.0,CORRECT,مطابق,40:64,0.75,0.75,START_ANCHOR_OK_EXTRA_BLANK_TAIL_RECT,المرساة صحيحة لكن يوجد مستطيل زائد فوق فراغ قبل السطر التالي,False,True,احذف أول مستطيل الفارغ وابدأ من يمين السطر التالي
40:75,40,غافر,75,475,883.5,1493.75,475,883.5,1493.5,CORRECT,مطابق,40:75,0.25,0.25,START_ANCHOR_OK_EXTRA_BLANK_TAIL_RECT,المرساة صحيحة لكن يوجد مستطيل زائد فوق فراغ قبل السطر التالي,False,True,احذف أول مستطيل الفارغ وابدأ من يمين السطر التالي
40:83,40,غافر,83,476,199.0,1374.5,476,198.5,1374.0,CORRECT,مطابق,40:83,0.71,0.71,START_ANCHOR_OK_EXTRA_BLANK_TAIL_RECT,المرساة صحيحة لكن يوجد مستطيل زائد فوق فراغ قبل السطر التالي,False,True,احذف أول مستطيل الفارغ وابدأ من يمين السطر التالي
41:6,41,فصلت,6,477,153.0,905.25,477,153.0,905.0,CORRECT,مطابق,41:6,0.25,0.25,START_ANCHOR_OK_EXTRA_BLANK_TAIL_RECT,المرساة صحيحة لكن يوجد مستطيل زائد فوق فراغ قبل السطر التالي,False,True,احذف أول مستطيل الفارغ وابدأ من يمين السطر التالي
41:16,41,فصلت,16,478,850.5,1252.0,478,850.5,1251.5,CORRECT,مطابق,41:16,0.5,0.5,START_ANCHOR_OK_EXTRA_BLANK_TAIL_RECT,المرساة صحيحة لكن يوجد مستطيل زائد فوق فراغ قبل السطر التالي,False,True,احذف أول مستطيل الفارغ وابدأ من يمين السطر التالي
41:18,41,فصلت,18,478,421.0,1487.0,478,421.0,1487.0,CORRECT,مطابق,41:18,0.0,0.0,START_ANCHOR_OK_EXTRA_BLANK_TAIL_RECT,المرساة صحيحة لكن يوجد مستطيل زائد فوق فراغ قبل السطر التالي,False,True,احذف أول مستطيل الفارغ وابدأ من يمين السطر التالي
41:22,41,فصلت,22,479,45.5,438.5,479,46.0,438.0,CORRECT,مطابق,41:22,0.71,0.71,START_ANCHOR_OK_EXTRA_BLANK_TAIL_RECT,المرساة صحيحة لكن يوجد مستطيل زائد فوق فراغ قبل السطر التالي,False,True,احذف أول مستطيل الفارغ وابدأ من يمين السطر التالي
41:23,41,فصلت,23,479,807.5,674.0,479,807.0,674.0,CORRECT,مطابق,41:23,0.5,0.5,START_ANCHOR_OK_EXTRA_BLANK_TAIL_RECT,المرساة صحيحة لكن يوجد مستطيل زائد فوق فراغ قبل السطر التالي,False,True,احذف أول مستطيل الفارغ وابدأ من يمين السطر التالي
41:26,41,فصلت,26,479,799.5,1264.0,479,799.5,1263.5,CORRECT,مطابق,41:26,0.5,0.5,START_ANCHOR_OK_EXTRA_BLANK_TAIL_RECT,المرساة صحيحة لكن يوجد مستطيل زائد فوق فراغ قبل السطر التالي,False,True,احذف أول مستطيل الفارغ وابدأ من يمين السطر التالي
41:29,41,فصلت,29,479,45.75,1735.0,479,46.0,1735.0,CORRECT,مطابق,41:29,0.25,0.25,START_ANCHOR_OK_EXTRA_BLANK_TAIL_RECT,المرساة صحيحة لكن يوجد مستطيل زائد فوق فراغ قبل السطر التالي,False,True,احذف أول مستطيل الفارغ وابدأ من يمين السطر التالي
41:38,41,فصلت,38,480,46.5,1727.25,480,100.0,1729.0,NON_AYAH_SYMBOL_OR_BAD_CENTER,رمز غير علامة آية أو مركز غير صحيح,41:38,53.53,53.53,START_ANCHOR_OK,مرساة البداية مطابقة لعلامة الآية السابقة,True,False,مرجح: التقط رمز السجدة بدل دائرة رقم الآية
41:44,41,فصلت,44,481,547.5,1375.0,481,547.0,1375.0,CORRECT,مطابق,41:44,0.5,0.5,START_ANCHOR_OK_EXTRA_BLANK_TAIL_RECT,المرساة صحيحة لكن يوجد مستطيل زائد فوق فراغ قبل السطر التالي,False,True,احذف أول مستطيل الفارغ وابدأ من يمين السطر التالي
41:49,41,فصلت,49,482,936.25,666.5,482,936.0,666.0,CORRECT,مطابق,41:49,0.56,0.56,START_ANCHOR_OK_EXTRA_BLANK_TAIL_RECT,المرساة صحيحة لكن يوجد مستطيل زائد فوق فراغ قبل السطر التالي,False,True,احذف أول مستطيل الفارغ وابدأ من يمين السطر التالي
42:7,42,الشورى,7,483,907.0,1258.5,483,907.0,1258.0,CORRECT,مطابق,42:7,0.5,0.5,START_ANCHOR_OK_EXTRA_BLANK_TAIL_RECT,المرساة صحيحة لكن يوجد مستطيل زائد فوق فراغ قبل السطر التالي,False,True,احذف أول مستطيل الفارغ وابدأ من يمين السطر التالي
42:17,42,الشورى,17,485,698.25,433.5,485,698.0,433.0,CORRECT,مطابق,42:17,0.56,0.56,START_ANCHOR_OK_EXTRA_BLANK_TAIL_RECT,المرساة صحيحة لكن يوجد مستطيل زائد فوق فراغ قبل السطر التالي,False,True,احذف أول مستطيل الفارغ وابدأ من يمين السطر التالي
42:19,42,الشورى,19,485,49.0,785.75,485,49.0,785.5,CORRECT,مطابق,42:19,0.25,0.25,START_ANCHOR_OK_EXTRA_BLANK_TAIL_RECT,المرساة صحيحة لكن يوجد مستطيل زائد فوق فراغ قبل السطر التالي,False,True,احذف أول مستطيل الفارغ وابدأ من يمين السطر التالي
42:20,42,الشورى,20,485,829.5,1139.5,485,829.5,1139.0,CORRECT,مطابق,42:20,0.5,0.5,START_ANCHOR_OK_EXTRA_BLANK_TAIL_RECT,المرساة صحيحة لكن يوجد مستطيل زائد فوق فراغ قبل السطر التالي,False,True,احذف أول مستطيل الفارغ وابدأ من يمين السطر التالي
42:25,42,الشورى,25,486,735.0,786.25,486,735.0,786.0,CORRECT,مطابق,42:25,0.25,0.25,START_ANCHOR_OK_EXTRA_BLANK_TAIL_RECT,المرساة صحيحة لكن يوجد مستطيل زائد فوق فراغ قبل السطر التالي,False,True,احذف أول مستطيل الفارغ وابدأ من يمين السطر التالي
42:29,42,الشورى,29,486,539.5,1493.5,486,539.0,1493.0,CORRECT,مطابق,42:29,0.71,0.71,START_ANCHOR_OK_EXTRA_BLANK_TAIL_RECT,المرساة صحيحة لكن يوجد مستطيل زائد فوق فراغ قبل السطر التالي,False,True,احذف أول مستطيل الفارغ وابدأ من يمين السطر التالي
42:34,42,الشورى,34,487,329.5,308.75,487,329.5,308.5,CORRECT,مطابق,42:34,0.25,0.25,START_ANCHOR_OK_EXTRA_BLANK_TAIL_RECT,المرساة صحيحة لكن يوجد مستطيل زائد فوق فراغ قبل السطر التالي,False,True,احذف أول مستطيل الفارغ وابدأ من يمين السطر التالي
43:1,43,الزخرف,1,489,975.0,794.75,489,975.0,794.5,CORRECT,مطابق,43:1,0.25,0.25,SURAH_HEADER_GAP_INCLUDED,بداية السورة تضم فاصل العنوان والبسملة ضمن منطقة الآية,False,True,يجب أن تبدأ المنطقة بعد عنوان السورة/البسملة
43:8,43,الزخرف,8,489,46.5,1385.25,489,46.0,1385.0,CORRECT,مطابق,43:8,0.56,0.56,START_ANCHOR_OK_EXTRA_BLANK_TAIL_RECT,المرساة صحيحة لكن يوجد مستطيل زائد فوق فراغ قبل السطر التالي,False,True,احذف أول مستطيل الفارغ وابدأ من يمين السطر التالي
43:9,43,الزخرف,9,489,602.0,1620.5,489,602.0,1620.0,CORRECT,مطابق,43:9,0.5,0.5,START_ANCHOR_OK_EXTRA_BLANK_TAIL_RECT,المرساة صحيحة لكن يوجد مستطيل زائد فوق فراغ قبل السطر التالي,False,True,احذف أول مستطيل الفارغ وابدأ من يمين السطر التالي
43:24,43,الزخرف,24,491,549.0,431.0,491,549.0,430.5,CORRECT,مطابق,43:24,0.5,0.5,START_ANCHOR_OK_EXTRA_BLANK_TAIL_RECT,المرساة صحيحة لكن يوجد مستطيل زائد فوق فراغ قبل السطر التالي,False,True,احذف أول مستطيل الفارغ وابدأ من يمين السطر التالي
43:28,43,الزخرف,28,491,113.0,783.5,491,113.0,783.0,CORRECT,مطابق,43:28,0.5,0.5,START_ANCHOR_OK_EXTRA_BLANK_TAIL_RECT,المرساة صحيحة لكن يوجد مستطيل زائد فوق فراغ قبل السطر التالي,False,True,احذف أول مستطيل الفارغ وابدأ من يمين السطر التالي
43:30,43,الزخرف,30,491,159.0,1019.25,491,159.0,1019.0,CORRECT,مطابق,43:30,0.25,0.25,START_ANCHOR_OK_EXTRA_BLANK_TAIL_RECT,المرساة صحيحة لكن يوجد مستطيل زائد فوق فراغ قبل السطر التالي,False,True,احذف أول مستطيل الفارغ وابدأ من يمين السطر التالي
43:60,43,الزخرف,60,493,44.5,1732.75,493,44.5,1732.5,CORRECT,مطابق,43:60,0.25,0.25,START_ANCHOR_OK_EXTRA_BLANK_TAIL_RECT,المرساة صحيحة لكن يوجد مستطيل زائد فوق فراغ قبل السطر التالي,False,True,احذف أول مستطيل الفارغ وابدأ من يمين السطر التالي
43:63,43,الزخرف,63,494,49.5,431.5,494,49.5,431.0,CORRECT,مطابق,43:63,0.5,0.5,START_ANCHOR_OK_EXTRA_BLANK_TAIL_RECT,المرساة صحيحة لكن يوجد مستطيل زائد فوق فراغ قبل السطر التالي,False,True,احذف أول مستطيل الفارغ وابدأ من يمين السطر التالي
43:64,43,الزخرف,64,494,50.5,548.5,494,50.0,548.0,CORRECT,مطابق,43:64,0.71,0.71,START_ANCHOR_OK_EXTRA_BLANK_TAIL_RECT,المرساة صحيحة لكن يوجد مستطيل زائد فوق فراغ قبل السطر التالي,False,True,احذف أول مستطيل الفارغ وابدأ من يمين السطر التالي
43:65,43,الزخرف,65,494,635.5,784.5,494,635.5,784.0,CORRECT,مطابق,43:65,0.5,0.5,START_ANCHOR_OK_EXTRA_BLANK_TAIL_RECT,المرساة صحيحة لكن يوجد مستطيل زائد فوق فراغ قبل السطر التالي,False,True,احذف أول مستطيل الفارغ وابدأ من يمين السطر التالي
43:77,43,الزخرف,77,495,138.5,305.25,495,138.5,305.0,CORRECT,مطابق,43:77,0.25,0.25,START_ANCHOR_OK_EXTRA_BLANK_TAIL_RECT,المرساة صحيحة لكن يوجد مستطيل زائد فوق فراغ قبل السطر التالي,False,True,احذف أول مستطيل الفارغ وابدأ من يمين السطر التالي
43:86,43,الزخرف,86,495,522.5,1484.25,495,523.0,1484.0,CORRECT,مطابق,43:86,0.56,0.56,START_ANCHOR_OK_EXTRA_BLANK_TAIL_RECT,المرساة صحيحة لكن يوجد مستطيل زائد فوق فراغ قبل السطر التالي,False,True,احذف أول مستطيل الفارغ وابدأ من يمين السطر التالي
44:10,44,الدخان,10,496,296.0,1022.5,496,296.0,1022.0,CORRECT,مطابق,44:10,0.5,0.5,START_ANCHOR_OK_EXTRA_BLANK_TAIL_RECT,المرساة صحيحة لكن يوجد مستطيل زائد فوق فراغ قبل السطر التالي,False,True,احذف أول مستطيل الفارغ وابدأ من يمين السطر التالي
44:13,44,الدخان,13,496,193.75,1257.75,496,194.0,1257.5,CORRECT,مطابق,44:13,0.35,0.35,START_ANCHOR_OK_EXTRA_BLANK_TAIL_RECT,المرساة صحيحة لكن يوجد مستطيل زائد فوق فراغ قبل السطر التالي,False,True,احذف أول مستطيل الفارغ وابدأ من يمين السطر التالي
44:17,44,الدخان,17,496,44.5,1611.5,496,44.5,1611.0,CORRECT,مطابق,44:17,0.5,0.5,START_ANCHOR_OK_EXTRA_BLANK_TAIL_RECT,المرساة صحيحة لكن يوجد مستطيل زائد فوق فراغ قبل السطر التالي,False,True,احذف أول مستطيل الفارغ وابدأ من يمين السطر التالي
44:18,44,الدخان,18,496,44.5,1729.25,496,44.0,1729.0,CORRECT,مطابق,44:18,0.56,0.56,START_ANCHOR_OK_EXTRA_BLANK_TAIL_RECT,المرساة صحيحة لكن يوجد مستطيل زائد فوق فراغ قبل السطر التالي,False,True,احذف أول مستطيل الفارغ وابدأ من يمين السطر التالي
44:22,44,الدخان,22,497,468.5,311.75,497,468.5,311.5,CORRECT,مطابق,44:22,0.25,0.25,START_ANCHOR_OK_EXTRA_BLANK_TAIL_RECT,المرساة صحيحة لكن يوجد مستطيل زائد فوق فراغ قبل السطر التالي,False,True,احذف أول مستطيل الفارغ وابدأ من يمين السطر التالي
44:34,44,الدخان,34,497,648.5,1255.5,497,648.5,1255.0,CORRECT,مطابق,44:34,0.5,0.5,START_ANCHOR_OK_EXTRA_BLANK_TAIL_RECT,المرساة صحيحة لكن يوجد مستطيل زائد فوق فراغ قبل السطر التالي,False,True,احذف أول مستطيل الفارغ وابدأ من يمين السطر التالي
44:39,44,الدخان,39,497,42.0,1727.0,497,42.0,1727.0,CORRECT,مطابق,44:39,0.0,0.0,START_ANCHOR_OK_EXTRA_BLANK_TAIL_RECT,المرساة صحيحة لكن يوجد مستطيل زائد فوق فراغ قبل السطر التالي,False,True,احذف أول مستطيل الفارغ وابدأ من يمين السطر التالي
44:44,44,الدخان,44,498,762.0,434.0,498,762.0,433.5,CORRECT,مطابق,44:44,0.5,0.5,START_ANCHOR_OK_EXTRA_BLANK_TAIL_RECT,المرساة صحيحة لكن يوجد مستطيل زائد فوق فراغ قبل السطر التالي,False,True,احذف أول مستطيل الفارغ وابدأ من يمين السطر التالي
44:46,44,الدخان,46,498,682.5,552.0,498,682.5,551.5,CORRECT,مطابق,44:46,0.5,0.5,START_ANCHOR_OK_EXTRA_BLANK_TAIL_RECT,المرساة صحيحة لكن يوجد مستطيل زائد فوق فراغ قبل السطر التالي,False,True,احذف أول مستطيل الفارغ وابدأ من يمين السطر التالي
44:50,44,الدخان,50,498,299.5,904.0,498,299.5,903.5,CORRECT,مطابق,44:50,0.5,0.5,START_ANCHOR_OK_EXTRA_BLANK_TAIL_RECT,المرساة صحيحة لكن يوجد مستطيل زائد فوق فراغ قبل السطر التالي,False,True,احذف أول مستطيل الفارغ وابدأ من يمين السطر التالي
45:6,45,الجاثية,6,499,928.0,906.5,499,928.0,906.0,CORRECT,مطابق,45:6,0.5,0.5,START_ANCHOR_OK_EXTRA_BLANK_TAIL_RECT,المرساة صحيحة لكن يوجد مستطيل زائد فوق فراغ قبل السطر التالي,False,True,احذف أول مستطيل الفارغ وابدأ من يمين السطر التالي
45:18,45,الجاثية,18,500,611.5,1012.5,500,611.5,1012.0,CORRECT,مطابق,45:18,0.5,0.5,START_ANCHOR_OK_EXTRA_BLANK_TAIL_RECT,المرساة صحيحة لكن يوجد مستطيل زائد فوق فراغ قبل السطر التالي,False,True,احذف أول مستطيل الفارغ وابدأ من يمين السطر التالي
45:20,45,الجاثية,20,500,49.5,1247.0,500,49.5,1246.5,CORRECT,مطابق,45:20,0.5,0.5,START_ANCHOR_OK_EXTRA_BLANK_TAIL_RECT,المرساة صحيحة لكن يوجد مستطيل زائد فوق فراغ قبل السطر التالي,False,True,احذف أول مستطيل الفارغ وابدأ من يمين السطر التالي
45:21,45,الجاثية,21,500,771.75,1600.75,500,772.0,1600.5,CORRECT,مطابق,45:21,0.35,0.35,START_ANCHOR_OK_EXTRA_BLANK_TAIL_RECT,المرساة صحيحة لكن يوجد مستطيل زائد فوق فراغ قبل السطر التالي,False,True,احذف أول مستطيل الفارغ وابدأ من يمين السطر التالي
45:28,45,الجاثية,28,501,908.75,1133.5,501,909.0,1133.0,CORRECT,مطابق,45:28,0.56,0.56,START_ANCHOR_OK_EXTRA_BLANK_TAIL_RECT,المرساة صحيحة لكن يوجد مستطيل زائد فوق فراغ قبل السطر التالي,False,True,احذف أول مستطيل الفارغ وابدأ من يمين السطر التالي
45:34,45,الجاثية,34,502,705.5,311.5,502,705.5,311.0,CORRECT,مطابق,45:34,0.5,0.5,START_ANCHOR_OK_EXTRA_BLANK_TAIL_RECT,المرساة صحيحة لكن يوجد مستطيل زائد فوق فراغ قبل السطر التالي,False,True,احذف أول مستطيل الفارغ وابدأ من يمين السطر التالي
45:36,45,الجاثية,36,502,43.5,546.75,502,43.5,546.0,CORRECT,مطابق,45:36,0.75,0.75,START_ANCHOR_OK_EXTRA_BLANK_TAIL_RECT,المرساة صحيحة لكن يوجد مستطيل زائد فوق فراغ قبل السطر التالي,False,True,احذف أول مستطيل الفارغ وابدأ من يمين السطر التالي
45:37,45,الجاثية,37,502,43.5,665.5,502,43.0,665.0,CORRECT,مطابق,45:37,0.71,0.71,START_ANCHOR_OK_EXTRA_BLANK_TAIL_RECT,المرساة صحيحة لكن يوجد مستطيل زائد فوق فراغ قبل السطر التالي,False,True,احذف أول مستطيل الفارغ وابدأ من يمين السطر التالي
46:1,46,الأحقاف,1,502,969.0,1019.0,502,969.0,1018.5,CORRECT,مطابق,46:1,0.5,0.5,SURAH_HEADER_GAP_INCLUDED,بداية السورة تضم فاصل العنوان والبسملة ضمن منطقة الآية,False,True,يجب أن تبدأ المنطقة بعد عنوان السورة/البسملة
46:14,46,الأحقاف,14,503,45.5,1726.5,503,46.0,1726.0,CORRECT,مطابق,46:14,0.71,0.71,START_ANCHOR_OK_EXTRA_BLANK_TAIL_RECT,المرساة صحيحة لكن يوجد مستطيل زائد فوق فراغ قبل السطر التالي,False,True,احذف أول مستطيل الفارغ وابدأ من يمين السطر التالي
46:28,46,الأحقاف,28,505,46.0,1732.75,505,46.0,1732.5,CORRECT,مطابق,46:28,0.25,0.25,START_ANCHOR_OK_EXTRA_BLANK_TAIL_RECT,المرساة صحيحة لكن يوجد مستطيل زائد فوق فراغ قبل السطر التالي,False,True,احذف أول مستطيل الفارغ وابدأ من يمين السطر التالي
46:32,46,الأحقاف,32,506,234.5,883.75,506,234.5,883.5,CORRECT,مطابق,46:32,0.25,0.25,START_ANCHOR_OK_EXTRA_BLANK_TAIL_RECT,المرساة صحيحة لكن يوجد مستطيل زائد فوق فراغ قبل السطر التالي,False,True,احذف أول مستطيل الفارغ وابدأ من يمين السطر التالي
46:34,46,الأحقاف,34,506,48.0,1355.75,506,47.5,1355.5,CORRECT,مطابق,46:34,0.56,0.56,START_ANCHOR_OK_EXTRA_BLANK_TAIL_RECT,المرساة صحيحة لكن يوجد مستطيل زائد فوق فراغ قبل السطر التالي,False,True,احذف أول مستطيل الفارغ وابدأ من يمين السطر التالي
46:35,46,الأحقاف,35,506,47.5,1707.75,506,48.0,1707.5,CORRECT,مطابق,46:35,0.56,0.56,START_ANCHOR_OK_EXTRA_BLANK_TAIL_RECT,المرساة صحيحة لكن يوجد مستطيل زائد فوق فراغ قبل السطر التالي,False,True,احذف أول مستطيل الفارغ وابدأ من يمين السطر التالي
47:4,47,محمد,4,507,953.5,1140.75,507,953.5,1140.5,CORRECT,مطابق,47:4,0.25,0.25,START_ANCHOR_OK_EXTRA_BLANK_TAIL_RECT,المرساة صحيحة لكن يوجد مستطيل زائد فوق فراغ قبل السطر التالي,False,True,احذف أول مستطيل الفارغ وابدأ من يمين السطر التالي
47:7,47,محمد,7,507,37.5,1258.5,507,38.0,1258.0,CORRECT,مطابق,47:7,0.71,0.71,START_ANCHOR_OK_EXTRA_BLANK_TAIL_RECT,المرساة صحيحة لكن يوجد مستطيل زائد فوق فراغ قبل السطر التالي,False,True,احذف أول مستطيل الفارغ وابدأ من يمين السطر التالي
47:8,47,محمد,8,507,417.5,1376.5,507,418.0,1376.0,CORRECT,مطابق,47:8,0.71,0.71,START_ANCHOR_OK_EXTRA_BLANK_TAIL_RECT,المرساة صحيحة لكن يوجد مستطيل زائد فوق فراغ قبل السطر التالي,False,True,احذف أول مستطيل الفارغ وابدأ من يمين السطر التالي
47:11,47,محمد,11,507,37.5,1730.5,507,38.0,1730.0,CORRECT,مطابق,47:11,0.71,0.71,START_ANCHOR_OK_EXTRA_BLANK_TAIL_RECT,المرساة صحيحة لكن يوجد مستطيل زائد فوق فراغ قبل السطر التالي,False,True,احذف أول مستطيل الفارغ وابدأ من يمين السطر التالي
47:21,47,محمد,21,509,692.5,554.25,509,693.0,554.0,CORRECT,مطابق,47:21,0.56,0.56,START_ANCHOR_OK_EXTRA_BLANK_TAIL_RECT,المرساة صحيحة لكن يوجد مستطيل زائد فوق فراغ قبل السطر التالي,False,True,احذف أول مستطيل الفارغ وابدأ من يمين السطر التالي
47:27,47,محمد,27,509,827.5,1495.5,509,827.0,1495.0,CORRECT,مطابق,47:27,0.71,0.71,START_ANCHOR_OK_EXTRA_BLANK_TAIL_RECT,المرساة صحيحة لكن يوجد مستطيل زائد فوق فراغ قبل السطر التالي,False,True,احذف أول مستطيل الفارغ وابدأ من يمين السطر التالي
48:3,48,الفتح,3,511,622.5,550.0,511,622.5,549.5,CORRECT,مطابق,48:3,0.5,0.5,START_ANCHOR_OK_EXTRA_BLANK_TAIL_RECT,المرساة صحيحة لكن يوجد مستطيل زائد فوق فراغ قبل السطر التالي,False,True,احذف أول مستطيل الفارغ وابدأ من يمين السطر التالي
48:25,48,الفتح,25,514,481.0,786.25,514,481.0,786.0,CORRECT,مطابق,48:25,0.25,0.25,START_ANCHOR_OK_EXTRA_BLANK_TAIL_RECT,المرساة صحيحة لكن يوجد مستطيل زائد فوق فراغ قبل السطر التالي,False,True,احذف أول مستطيل الفارغ وابدأ من يمين السطر التالي
48:27,48,الفتح,27,514,833.0,1609.5,514,833.0,1609.0,CORRECT,مطابق,48:27,0.5,0.5,START_ANCHOR_OK_EXTRA_BLANK_TAIL_RECT,المرساة صحيحة لكن يوجد مستطيل زائد فوق فراغ قبل السطر التالي,False,True,احذف أول مستطيل الفارغ وابدأ من يمين السطر التالي
49:1,49,الحجرات,1,515,619.0,1151.75,515,619.0,1151.5,CORRECT,مطابق,49:1,0.25,0.25,SURAH_HEADER_GAP_INCLUDED,بداية السورة تضم فاصل العنوان والبسملة ضمن منطقة الآية,False,True,يجب أن تبدأ المنطقة بعد عنوان السورة/البسملة
49:7,49,الحجرات,7,516,42.0,669.25,516,42.0,669.0,CORRECT,مطابق,49:7,0.25,0.25,START_ANCHOR_OK_EXTRA_BLANK_TAIL_RECT,المرساة صحيحة لكن يوجد مستطيل زائد فوق فراغ قبل السطر التالي,False,True,احذف أول مستطيل الفارغ وابدأ من يمين السطر التالي
49:8,49,الحجرات,8,516,325.25,787.5,516,325.0,787.0,CORRECT,مطابق,49:8,0.56,0.56,START_ANCHOR_OK_EXTRA_BLANK_TAIL_RECT,المرساة صحيحة لكن يوجد مستطيل زائد فوق فراغ قبل السطر التالي,False,True,احذف أول مستطيل الفارغ وابدأ من يمين السطر التالي
49:10,49,الحجرات,10,516,794.0,1377.5,516,794.0,1377.0,CORRECT,مطابق,49:10,0.5,0.5,START_ANCHOR_OK_EXTRA_BLANK_TAIL_RECT,المرساة صحيحة لكن يوجد مستطيل زائد فوق فراغ قبل السطر التالي,False,True,احذف أول مستطيل الفارغ وابدأ من يمين السطر التالي
49:15,49,الحجرات,15,517,860.5,1260.25,517,861.0,1260.0,CORRECT,مطابق,49:15,0.56,0.56,START_ANCHOR_OK_EXTRA_BLANK_TAIL_RECT,المرساة صحيحة لكن يوجد مستطيل زائد فوق فراغ قبل السطر التالي,False,True,احذف أول مستطيل الفارغ وابدأ من يمين السطر التالي
50:6,50,ق,6,518,728.0,904.25,518,728.0,904.0,CORRECT,مطابق,50:6,0.25,0.25,START_ANCHOR_OK_EXTRA_BLANK_TAIL_RECT,المرساة صحيحة لكن يوجد مستطيل زائد فوق فراغ قبل السطر التالي,False,True,احذف أول مستطيل الفارغ وابدأ من يمين السطر التالي
50:14,50,ق,14,518,43.0,1608.5,518,43.0,1608.0,CORRECT,مطابق,50:14,0.5,0.5,START_ANCHOR_OK_EXTRA_BLANK_TAIL_RECT,المرساة صحيحة لكن يوجد مستطيل زائد فوق فراغ قبل السطر التالي,False,True,احذف أول مستطيل الفارغ وابدأ من يمين السطر التالي
50:15,50,ق,15,518,42.5,1726.0,518,42.5,1726.0,CORRECT,مطابق,50:15,0.0,0.0,START_ANCHOR_OK_EXTRA_BLANK_TAIL_RECT,المرساة صحيحة لكن يوجد مستطيل زائد فوق فراغ قبل السطر التالي,False,True,احذف أول مستطيل الفارغ وابدأ من يمين السطر التالي
50:23,50,ق,23,519,567.0,785.75,519,567.0,785.5,CORRECT,مطابق,50:23,0.25,0.25,START_ANCHOR_OK_EXTRA_BLANK_TAIL_RECT,المرساة صحيحة لكن يوجد مستطيل زائد فوق فراغ قبل السطر التالي,False,True,احذف أول مستطيل الفارغ وابدأ من يمين السطر التالي
50:25,50,ق,25,519,620.25,903.5,519,620.0,903.0,CORRECT,مطابق,50:25,0.56,0.56,START_ANCHOR_OK_EXTRA_BLANK_TAIL_RECT,المرساة صحيحة لكن يوجد مستطيل زائد فوق فراغ قبل السطر التالي,False,True,احذف أول مستطيل الفارغ وابدأ من يمين السطر التالي
50:33,50,ق,33,519,232.5,1610.0,519,232.5,1609.5,CORRECT,مطابق,50:33,0.5,0.5,START_ANCHOR_OK_EXTRA_BLANK_TAIL_RECT,المرساة صحيحة لكن يوجد مستطيل زائد فوق فراغ قبل السطر التالي,False,True,احذف أول مستطيل الفارغ وابدأ من يمين السطر التالي
50:42,50,ق,42,520,99.25,899.25,520,99.0,899.0,CORRECT,مطابق,50:42,0.35,0.35,START_ANCHOR_OK_EXTRA_BLANK_TAIL_RECT,المرساة صحيحة لكن يوجد مستطيل زائد فوق فراغ قبل السطر التالي,False,True,احذف أول مستطيل الفارغ وابدأ من يمين السطر التالي
51:1,51,الذاريات,1,520,764.0,1613.25,520,764.0,1613.0,CORRECT,مطابق,51:1,0.25,0.25,SURAH_HEADER_GAP_INCLUDED,بداية السورة تضم فاصل العنوان والبسملة ضمن منطقة الآية,False,True,يجب أن تبدأ المنطقة بعد عنوان السورة/البسملة
51:4,51,الذاريات,4,520,758.75,1727.5,520,759.0,1727.0,CORRECT,مطابق,51:4,0.56,0.56,START_ANCHOR_OK_EXTRA_BLANK_TAIL_RECT,المرساة صحيحة لكن يوجد مستطيل زائد فوق فراغ قبل السطر التالي,False,True,احذف أول مستطيل الفارغ وابدأ من يمين السطر التالي
51:16,51,الذاريات,16,521,45.5,551.25,521,46.0,551.0,CORRECT,مطابق,51:16,0.56,0.56,START_ANCHOR_OK_EXTRA_BLANK_TAIL_RECT,المرساة صحيحة لكن يوجد مستطيل زائد فوق فراغ قبل السطر التالي,False,True,احذف أول مستطيل الفارغ وابدأ من يمين السطر التالي
51:17,51,الذاريات,17,521,536.0,668.5,521,536.0,668.0,CORRECT,مطابق,51:17,0.5,0.5,START_ANCHOR_OK_EXTRA_BLANK_TAIL_RECT,المرساة صحيحة لكن يوجد مستطيل زائد فوق فراغ قبل السطر التالي,False,True,احذف أول مستطيل الفارغ وابدأ من يمين السطر التالي
51:19,51,الذاريات,19,521,370.0,786.5,521,370.0,786.0,CORRECT,مطابق,51:19,0.5,0.5,START_ANCHOR_OK_EXTRA_BLANK_TAIL_RECT,المرساة صحيحة لكن يوجد مستطيل زائد فوق فراغ قبل السطر التالي,False,True,احذف أول مستطيل الفارغ وابدأ من يمين السطر التالي
51:28,51,الذاريات,28,521,45.5,1492.0,521,45.5,1491.5,CORRECT,مطابق,51:28,0.5,0.5,START_ANCHOR_OK_EXTRA_BLANK_TAIL_RECT,المرساة صحيحة لكن يوجد مستطيل زائد فوق فراغ قبل السطر التالي,False,True,احذف أول مستطيل الفارغ وابدأ من يمين السطر التالي
51:29,51,الذاريات,29,521,45.5,1610.0,521,45.5,1609.5,CORRECT,مطابق,51:29,0.5,0.5,START_ANCHOR_OK_EXTRA_BLANK_TAIL_RECT,المرساة صحيحة لكن يوجد مستطيل زائد فوق فراغ قبل السطر التالي,False,True,احذف أول مستطيل الفارغ وابدأ من يمين السطر التالي
51:30,51,الذاريات,30,521,45.5,1728.0,521,45.5,1727.5,CORRECT,مطابق,51:30,0.5,0.5,START_ANCHOR_OK_EXTRA_BLANK_TAIL_RECT,المرساة صحيحة لكن يوجد مستطيل زائد فوق فراغ قبل السطر التالي,False,True,احذف أول مستطيل الفارغ وابدأ من يمين السطر التالي
51:43,51,الذاريات,43,522,385.5,1020.75,522,385.5,1020.5,CORRECT,مطابق,51:43,0.25,0.25,START_ANCHOR_OK_EXTRA_BLANK_TAIL_RECT,المرساة صحيحة لكن يوجد مستطيل زائد فوق فراغ قبل السطر التالي,False,True,احذف أول مستطيل الفارغ وابدأ من يمين السطر التالي
51:51,51,الذاريات,51,522,45.5,1730.0,522,45.5,1729.5,CORRECT,مطابق,51:51,0.5,0.5,START_ANCHOR_OK_EXTRA_BLANK_TAIL_RECT,المرساة صحيحة لكن يوجد مستطيل زائد فوق فراغ قبل السطر التالي,False,True,احذف أول مستطيل الفارغ وابدأ من يمين السطر التالي
51:59,51,الذاريات,59,523,856.5,779.5,523,856.5,779.0,CORRECT,مطابق,51:59,0.5,0.5,START_ANCHOR_OK_EXTRA_BLANK_TAIL_RECT,المرساة صحيحة لكن يوجد مستطيل زائد فوق فراغ قبل السطر التالي,False,True,احذف أول مستطيل الفارغ وابدأ من يمين السطر التالي
52:1,52,الطور,1,523,899.5,1133.5,523,900.0,1133.0,CORRECT,مطابق,52:1,0.71,0.71,SURAH_HEADER_GAP_INCLUDED,بداية السورة تضم فاصل العنوان والبسملة ضمن منطقة الآية,False,True,يجب أن تبدأ المنطقة بعد عنوان السورة/البسملة
52:12,52,الطور,12,523,454.5,1604.75,523,454.5,1604.0,CORRECT,مطابق,52:12,0.75,0.75,START_ANCHOR_OK_EXTRA_BLANK_TAIL_RECT,المرساة صحيحة لكن يوجد مستطيل زائد فوق فراغ قبل السطر التالي,False,True,احذف أول مستطيل الفارغ وابدأ من يمين السطر التالي
52:17,52,الطور,17,524,532.75,315.0,524,533.0,315.0,CORRECT,مطابق,52:17,0.25,0.25,START_ANCHOR_OK_EXTRA_BLANK_TAIL_RECT,المرساة صحيحة لكن يوجد مستطيل زائد فوق فراغ قبل السطر التالي,False,True,احذف أول مستطيل الفارغ وابدأ من يمين السطر التالي
52:23,52,الطور,23,524,342.0,1025.0,524,320.0,1024.5,CENTER_OFFSET,انحراف في مركز العلامة,52:23,22.01,22.01,START_ANCHOR_OK_EXTRA_BLANK_TAIL_RECT,المرساة صحيحة لكن يوجد مستطيل زائد فوق فراغ قبل السطر التالي,True,True,الموضع قريب من العلامة الصحيحة لكنه منحرف أكثر من 8 بكسل؛ احذف أول مستطيل الفارغ وابدأ من يمين السطر التالي
52:24,52,الطور,24,524,361.0,1142.5,524,361.0,1142.0,CORRECT,مطابق,52:24,0.5,0.5,START_ANCHOR_WRONG_OR_MISSING,مرساة البداية خاطئة أو مفقودة,False,True,
52:27,52,الطور,27,524,227.5,1379.75,524,227.5,1379.0,CORRECT,مطابق,52:27,0.75,0.75,START_ANCHOR_OK_EXTRA_BLANK_TAIL_RECT,المرساة صحيحة لكن يوجد مستطيل زائد فوق فراغ قبل السطر التالي,False,True,احذف أول مستطيل الفارغ وابدأ من يمين السطر التالي
52:36,52,الطور,36,525,239.5,436.75,525,239.5,436.0,CORRECT,مطابق,52:36,0.75,0.75,START_ANCHOR_OK_EXTRA_BLANK_TAIL_RECT,المرساة صحيحة لكن يوجد مستطيل زائد فوق فراغ قبل السطر التالي,False,True,احذف أول مستطيل الفارغ وابدأ من يمين السطر التالي
52:39,52,الطور,39,525,599.5,788.5,525,599.0,788.0,CORRECT,مطابق,52:39,0.71,0.71,START_ANCHOR_OK_EXTRA_BLANK_TAIL_RECT,المرساة صحيحة لكن يوجد مستطيل زائد فوق فراغ قبل السطر التالي,False,True,احذف أول مستطيل الفارغ وابدأ من يمين السطر التالي
52:47,52,الطور,47,525,877.0,1609.5,525,877.0,1609.0,CORRECT,مطابق,52:47,0.5,0.5,START_ANCHOR_OK_EXTRA_BLANK_TAIL_RECT,المرساة صحيحة لكن يوجد مستطيل زائد فوق فراغ قبل السطر التالي,False,True,احذف أول مستطيل الفارغ وابدأ من يمين السطر التالي
53:14,53,النجم,14,526,705.5,903.5,526,705.0,903.0,CORRECT,مطابق,53:14,0.71,0.71,START_ANCHOR_OK_EXTRA_BLANK_TAIL_RECT,المرساة صحيحة لكن يوجد مستطيل زائد فوق فراغ قبل السطر التالي,False,True,احذف أول مستطيل الفارغ وابدأ من يمين السطر التالي
53:21,53,النجم,21,526,735.5,1256.5,526,735.0,1256.0,CORRECT,مطابق,53:21,0.71,0.71,START_ANCHOR_OK_EXTRA_BLANK_TAIL_RECT,المرساة صحيحة لكن يوجد مستطيل زائد فوق فراغ قبل السطر التالي,False,True,احذف أول مستطيل الفارغ وابدأ من يمين السطر التالي
53:28,53,النجم,28,527,886.0,318.5,527,886.0,318.0,CORRECT,مطابق,53:28,0.5,0.5,START_ANCHOR_OK_EXTRA_BLANK_TAIL_RECT,المرساة صحيحة لكن يوجد مستطيل زائد فوق فراغ قبل السطر التالي,False,True,احذف أول مستطيل الفارغ وابدأ من يمين السطر التالي
53:35,53,النجم,35,527,530.0,1262.75,527,530.0,1262.0,CORRECT,مطابق,53:35,0.75,0.75,START_ANCHOR_OK_EXTRA_BLANK_TAIL_RECT,المرساة صحيحة لكن يوجد مستطيل زائد فوق فراغ قبل السطر التالي,False,True,احذف أول مستطيل الفارغ وابدأ من يمين السطر التالي
53:39,53,النجم,39,527,513.5,1498.25,527,513.5,1498.0,CORRECT,مطابق,53:39,0.25,0.25,START_ANCHOR_OK_EXTRA_BLANK_TAIL_RECT,المرساة صحيحة لكن يوجد مستطيل زائد فوق فراغ قبل السطر التالي,False,True,احذف أول مستطيل الفارغ وابدأ من يمين السطر التالي
53:41,53,النجم,41,527,530.5,1616.5,527,530.5,1616.0,CORRECT,مطابق,53:41,0.5,0.5,START_ANCHOR_OK_EXTRA_BLANK_TAIL_RECT,المرساة صحيحة لكن يوجد مستطيل زائد فوق فراغ قبل السطر التالي,False,True,احذف أول مستطيل الفارغ وابدأ من يمين السطر التالي
53:43,53,النجم,43,527,542.0,1734.5,527,542.0,1734.0,CORRECT,مطابق,53:43,0.5,0.5,START_ANCHOR_OK_EXTRA_BLANK_TAIL_RECT,المرساة صحيحة لكن يوجد مستطيل زائد فوق فراغ قبل السطر التالي,False,True,احذف أول مستطيل الفارغ وابدأ من يمين السطر التالي
53:47,53,النجم,47,528,610.0,193.25,528,610.0,193.0,CORRECT,مطابق,53:47,0.25,0.25,START_ANCHOR_OK_EXTRA_BLANK_TAIL_RECT,المرساة صحيحة لكن يوجد مستطيل زائد فوق فراغ قبل السطر التالي,False,True,احذف أول مستطيل الفارغ وابدأ من يمين السطر التالي
53:53,53,النجم,53,528,729.5,547.5,528,729.5,547.0,CORRECT,مطابق,53:53,0.5,0.5,START_ANCHOR_OK_EXTRA_BLANK_TAIL_RECT,المرساة صحيحة لكن يوجد مستطيل زائد فوق فراغ قبل السطر التالي,False,True,احذف أول مستطيل الفارغ وابدأ من يمين السطر التالي
53:58,53,النجم,58,528,438.0,783.75,528,437.5,783.5,CORRECT,مطابق,53:58,0.56,0.56,START_ANCHOR_OK_EXTRA_BLANK_TAIL_RECT,المرساة صحيحة لكن يوجد مستطيل زائد فوق فراغ قبل السطر التالي,False,True,احذف أول مستطيل الفارغ وابدأ من يمين السطر التالي
53:62,53,النجم,62,528,304.0,1019.75,528,353.5,1016.0,NON_AYAH_SYMBOL_OR_BAD_CENTER,رمز غير علامة آية أو مركز غير صحيح,53:62,49.64,49.64,START_ANCHOR_OK_EXTRA_BLANK_TAIL_RECT,المرساة صحيحة لكن يوجد مستطيل زائد فوق فراغ قبل السطر التالي,True,True,مرجح: التقط رمز السجدة بدل دائرة رقم الآية؛ احذف أول مستطيل الفارغ وابدأ من يمين السطر التالي
54:1,54,القمر,1,528,566.5,1373.5,528,566.0,1373.0,CORRECT,مطابق,54:1,0.71,0.71,SURAH_HEADER_GAP_INCLUDED,بداية السورة تضم فاصل العنوان والبسملة ضمن منطقة الآية,False,True,يجب أن تبدأ المنطقة بعد عنوان السورة/البسملة
54:4,54,القمر,4,528,419.5,1610.5,528,419.5,1610.0,CORRECT,مطابق,54:4,0.5,0.5,START_ANCHOR_OK_EXTRA_BLANK_TAIL_RECT,المرساة صحيحة لكن يوجد مستطيل زائد فوق فراغ قبل السطر التالي,False,True,احذف أول مستطيل الفارغ وابدأ من يمين السطر التالي
54:8,54,القمر,8,529,194.0,196.0,529,194.0,196.0,CORRECT,مطابق,54:8,0.0,0.0,START_ANCHOR_OK_EXTRA_BLANK_TAIL_RECT,المرساة صحيحة لكن يوجد مستطيل زائد فوق فراغ قبل السطر التالي,False,True,احذف أول مستطيل الفارغ وابدأ من يمين السطر التالي
54:12,54,القمر,12,529,41.5,550.5,529,41.5,550.0,CORRECT,مطابق,54:12,0.5,0.5,START_ANCHOR_OK_EXTRA_BLANK_TAIL_RECT,المرساة صحيحة لكن يوجد مستطيل زائد فوق فراغ قبل السطر التالي,False,True,احذف أول مستطيل الفارغ وابدأ من يمين السطر التالي
54:13,54,القمر,13,529,542.25,668.25,529,542.0,668.0,CORRECT,مطابق,54:13,0.35,0.35,START_ANCHOR_OK_EXTRA_BLANK_TAIL_RECT,المرساة صحيحة لكن يوجد مستطيل زائد فوق فراغ قبل السطر التالي,False,True,احذف أول مستطيل الفارغ وابدأ من يمين السطر التالي
54:18,54,القمر,18,529,420.25,1022.0,529,420.0,1021.5,CORRECT,مطابق,54:18,0.56,0.56,START_ANCHOR_OK_EXTRA_BLANK_TAIL_RECT,المرساة صحيحة لكن يوجد مستطيل زائد فوق فراغ قبل السطر التالي,False,True,احذف أول مستطيل الفارغ وابدأ من يمين السطر التالي
54:27,54,القمر,27,529,41.5,1731.25,529,41.0,1731.0,CORRECT,مطابق,54:27,0.56,0.56,START_ANCHOR_OK_EXTRA_BLANK_TAIL_RECT,المرساة صحيحة لكن يوجد مستطيل زائد فوق فراغ قبل السطر التالي,False,True,احذف أول مستطيل الفارغ وابدأ من يمين السطر التالي
54:41,54,القمر,41,530,567.5,1145.5,530,568.0,1145.0,CORRECT,مطابق,54:41,0.71,0.71,START_ANCHOR_OK_EXTRA_BLANK_TAIL_RECT,المرساة صحيحة لكن يوجد مستطيل زائد فوق فراغ قبل السطر التالي,False,True,احذف أول مستطيل الفارغ وابدأ من يمين السطر التالي
54:47,54,القمر,47,530,487.5,1618.5,530,487.5,1618.0,CORRECT,مطابق,54:47,0.5,0.5,START_ANCHOR_OK_EXTRA_BLANK_TAIL_RECT,المرساة صحيحة لكن يوجد مستطيل زائد فوق فراغ قبل السطر التالي,False,True,احذف أول مستطيل الفارغ وابدأ من يمين السطر التالي
54:53,54,القمر,53,531,399.0,313.25,531,399.0,313.0,CORRECT,مطابق,54:53,0.25,0.25,START_ANCHOR_OK_EXTRA_BLANK_TAIL_RECT,المرساة صحيحة لكن يوجد مستطيل زائد فوق فراغ قبل السطر التالي,False,True,احذف أول مستطيل الفارغ وابدأ من يمين السطر التالي
55:1,55,الرحمن,1,531,929.0,786.25,531,929.0,786.0,CORRECT,مطابق,55:1,0.25,0.25,SURAH_HEADER_GAP_INCLUDED,بداية السورة تضم فاصل العنوان والبسملة ضمن منطقة الآية,False,True,يجب أن تبدأ المنطقة بعد عنوان السورة/البسملة
55:5,55,الرحمن,5,531,580.5,900.5,531,580.5,900.0,CORRECT,مطابق,55:5,0.5,0.5,START_ANCHOR_OK_EXTRA_BLANK_TAIL_RECT,المرساة صحيحة لكن يوجد مستطيل زائد فوق فراغ قبل السطر التالي,False,True,احذف أول مستطيل الفارغ وابدأ من يمين السطر التالي
55:7,55,الرحمن,7,531,486.5,1021.25,531,486.0,1021.0,CORRECT,مطابق,55:7,0.56,0.56,START_ANCHOR_OK_EXTRA_BLANK_TAIL_RECT,المرساة صحيحة لكن يوجد مستطيل زائد فوق فراغ قبل السطر التالي,False,True,احذف أول مستطيل الفارغ وابدأ من يمين السطر التالي
55:9,55,الرحمن,9,531,205.5,1139.5,531,206.0,1139.0,CORRECT,مطابق,55:9,0.71,0.71,START_ANCHOR_OK_EXTRA_BLANK_TAIL_RECT,المرساة صحيحة لكن يوجد مستطيل زائد فوق فراغ قبل السطر التالي,False,True,احذف أول مستطيل الفارغ وابدأ من يمين السطر التالي
55:12,55,الرحمن,12,531,572.5,1374.75,531,572.5,1374.5,CORRECT,مطابق,55:12,0.25,0.25,START_ANCHOR_OK_EXTRA_BLANK_TAIL_RECT,المرساة صحيحة لكن يوجد مستطيل زائد فوق فراغ قبل السطر التالي,False,True,احذف أول مستطيل الفارغ وابدأ من يمين السطر التالي
55:14,55,الرحمن,14,531,349.5,1493.0,531,349.5,1492.0,CORRECT,مطابق,55:14,1.0,1.0,START_ANCHOR_OK_EXTRA_BLANK_TAIL_RECT,المرساة صحيحة لكن يوجد مستطيل زائد فوق فراغ قبل السطر التالي,False,True,احذف أول مستطيل الفارغ وابدأ من يمين السطر التالي
55:17,55,الرحمن,17,531,584.5,1728.5,532,692.0,81.0,WRONG_PAGE_MISASSIGNED,صفحة خاطئة ومنسوب إلى علامة آية أخرى,55:19,,0.35,START_ANCHOR_WRONG_OR_MISSING,مرساة البداية خاطئة أو مفقودة,True,True,الموضع المخزن أقرب إلى 55:19
55:18,55,الرحمن,18,531,46.5,1729.0,532,244.0,81.0,WRONG_PAGE_MISASSIGNED,صفحة خاطئة ومنسوب إلى علامة آية أخرى,55:20,,0.25,START_ANCHOR_WRONG_OR_MISSING,مرساة البداية خاطئة أو مفقودة,True,True,الموضع المخزن أقرب إلى 55:20
55:19,55,الرحمن,19,532,691.75,80.75,532,799.0,197.5,MISASSIGNED_TO_OTHER_AYAH,منسوب إلى علامة آية أخرى,55:21,158.53,0.25,START_ANCHOR_WRONG_OR_MISSING,مرساة البداية خاطئة أو مفقودة,True,True,الموضع المخزن أقرب إلى 55:21
55:20,55,الرحمن,20,532,244.0,81.25,532,237.5,198.0,MISASSIGNED_TO_OTHER_AYAH,منسوب إلى علامة آية أخرى,55:22,116.93,0.5,START_ANCHOR_WRONG_OR_MISSING,مرساة البداية خاطئة أو مفقودة,True,True,الموضع المخزن أقرب إلى 55:22
55:21,55,الرحمن,21,532,799.0,197.75,532,786.0,316.5,MISASSIGNED_TO_OTHER_AYAH,منسوب إلى علامة آية أخرى,55:23,119.46,0.5,START_ANCHOR_WRONG_OR_MISSING,مرساة البداية خاطئة أو مفقودة,True,True,الموضع المخزن أقرب إلى 55:23
55:22,55,الرحمن,22,532,237.5,198.5,532,47.0,315.0,MISASSIGNED_TO_OTHER_AYAH,منسوب إلى علامة آية أخرى,55:24,223.3,0.71,START_ANCHOR_WRONG_OR_MISSING,مرساة البداية خاطئة أو مفقودة,True,True,الموضع المخزن أقرب إلى 55:24
55:23,55,الرحمن,23,532,786.0,317.0,532,605.0,433.0,MISASSIGNED_TO_OTHER_AYAH,منسوب إلى علامة آية أخرى,55:25,214.98,0.0,START_ANCHOR_WRONG_OR_MISSING,مرساة البداية خاطئة أو مفقودة,True,True,الموضع المخزن أقرب إلى 55:25
55:24,55,الرحمن,24,532,47.5,315.5,532,259.5,433.0,MISASSIGNED_TO_OTHER_AYAH,منسوب إلى علامة آية أخرى,55:26,242.38,0.5,START_ANCHOR_WRONG_OR_MISSING,مرساة البداية خاطئة أو مفقودة,True,True,الموضع المخزن أقرب إلى 55:26
55:25,55,الرحمن,25,532,605.0,433.0,532,608.5,551.0,MISASSIGNED_TO_OTHER_AYAH,منسوب إلى علامة آية أخرى,55:27,118.05,0.5,START_ANCHOR_WRONG_OR_MISSING,مرساة البداية خاطئة أو مفقودة,True,True,الموضع المخزن أقرب إلى 55:27
55:26,55,الرحمن,26,532,259.5,433.5,532,47.0,551.0,MISASSIGNED_TO_OTHER_AYAH,منسوب إلى علامة آية أخرى,55:28,242.82,0.71,START_ANCHOR_WRONG_OR_MISSING,مرساة البداية خاطئة أو مفقودة,True,True,الموضع المخزن أقرب إلى 55:28
55:27,55,الرحمن,27,532,608.5,551.5,532,157.0,669.0,MISASSIGNED_TO_OTHER_AYAH,منسوب إلى علامة آية أخرى,55:29,466.54,0.56,START_ANCHOR_WRONG_OR_MISSING,مرساة البداية خاطئة أو مفقودة,True,True,الموضع المخزن أقرب إلى 55:29
55:28,55,الرحمن,28,532,47.5,551.5,532,683.0,786.0,MISASSIGNED_TO_OTHER_AYAH,منسوب إلى علامة آية أخرى,55:30,677.39,0.71,START_ANCHOR_WRONG_OR_MISSING,مرساة البداية خاطئة أو مفقودة,True,True,الموضع المخزن أقرب إلى 55:30
55:29,55,الرحمن,29,532,157.5,669.25,532,165.0,786.5,MISASSIGNED_TO_OTHER_AYAH,منسوب إلى علامة آية أخرى,55:31,117.49,0.56,START_ANCHOR_WRONG_OR_MISSING,مرساة البداية خاطئة أو مفقودة,True,True,الموضع المخزن أقرب إلى 55:31
55:30,55,الرحمن,30,532,683.5,786.5,532,701.5,904.5,MISASSIGNED_TO_OTHER_AYAH,منسوب إلى علامة آية أخرى,55:32,119.36,0.5,START_ANCHOR_WRONG_OR_MISSING,مرساة البداية خاطئة أو مفقودة,True,True,الموضع المخزن أقرب إلى 55:32
55:31,55,الرحمن,31,532,165.25,787.0,532,842.5,1140.0,MISASSIGNED_TO_OTHER_AYAH,منسوب إلى علامة آية أخرى,55:33,763.73,0.5,START_ANCHOR_WRONG_OR_MISSING,مرساة البداية خاطئة أو مفقودة,True,True,الموضع المخزن أقرب إلى 55:33
55:32,55,الرحمن,32,532,701.5,905.0,532,320.0,1139.5,MISASSIGNED_TO_OTHER_AYAH,منسوب إلى علامة آية أخرى,55:34,447.81,0.5,START_ANCHOR_WRONG_OR_MISSING,مرساة البداية خاطئة أو مفقودة,True,True,الموضع المخزن أقرب إلى 55:34
55:33,55,الرحمن,33,532,842.5,1140.5,532,380.0,1257.5,MISASSIGNED_TO_OTHER_AYAH,منسوب إلى علامة آية أخرى,55:35,477.07,0.71,START_ANCHOR_WRONG_OR_MISSING,مرساة البداية خاطئة أو مفقودة,True,True,الموضع المخزن أقرب إلى 55:35
55:34,55,الرحمن,34,532,320.0,1140.0,532,914.0,1375.0,MISASSIGNED_TO_OTHER_AYAH,منسوب إلى علامة آية أخرى,55:36,638.8,0.56,START_ANCHOR_WRONG_OR_MISSING,مرساة البداية خاطئة أو مفقودة,True,True,الموضع المخزن أقرب إلى 55:36
55:35,55,الرحمن,35,532,380.5,1258.0,532,47.0,1375.0,MISASSIGNED_TO_OTHER_AYAH,منسوب إلى علامة آية أخرى,55:37,353.43,0.71,START_ANCHOR_WRONG_OR_MISSING,مرساة البداية خاطئة أو مفقودة,True,True,الموضع المخزن أقرب إلى 55:37
55:36,55,الرحمن,36,532,913.75,1375.5,532,456.5,1492.0,MISASSIGNED_TO_OTHER_AYAH,منسوب إلى علامة آية أخرى,55:38,471.86,0.5,START_ANCHOR_WRONG_OR_MISSING,مرساة البداية خاطئة أو مفقودة,True,True,الموضع المخزن أقرب إلى 55:38
55:37,55,الرحمن,37,532,47.5,1375.5,532,659.5,1611.0,MISASSIGNED_TO_OTHER_AYAH,منسوب إلى علامة آية أخرى,55:39,655.75,0.5,START_ANCHOR_WRONG_OR_MISSING,مرساة البداية خاطئة أو مفقودة,True,True,الموضع المخزن أقرب إلى 55:39
55:38,55,الرحمن,38,532,456.5,1492.5,532,47.0,1610.5,MISASSIGNED_TO_OTHER_AYAH,منسوب إلى علامة آية أخرى,55:40,426.16,0.56,START_ANCHOR_WRONG_OR_MISSING,مرساة البداية خاطئة أو مفقودة,True,True,الموضع المخزن أقرب إلى 55:40
55:39,55,الرحمن,39,532,659.5,1611.5,532,47.5,1727.5,MISASSIGNED_TO_OTHER_AYAH,منسوب إلى علامة آية أخرى,55:41,622.9,0.25,START_ANCHOR_WRONG_OR_MISSING,مرساة البداية خاطئة أو مفقودة,True,True,الموضع المخزن أقرب إلى 55:41
55:40,55,الرحمن,40,532,47.5,1610.75,,,,MISSING_REGION,سجل مفقود,,,,START_ANCHOR_WRONG_OR_MISSING,مرساة البداية خاطئة أو مفقودة,True,True,
55:41,55,الرحمن,41,532,47.5,1727.75,533,599.0,78.0,WRONG_PAGE_MISASSIGNED,صفحة خاطئة ومنسوب إلى علامة آية أخرى,55:42,,3.29,START_ANCHOR_WRONG_OR_MISSING,مرساة البداية خاطئة أو مفقودة,True,True,الموضع المخزن أقرب إلى 55:42
55:42,55,الرحمن,42,533,598.5,74.75,533,859.5,192.0,MISASSIGNED_TO_OTHER_AYAH,منسوب إلى علامة آية أخرى,55:43,286.13,0.5,START_ANCHOR_WRONG_OR_MISSING,مرساة البداية خاطئة أو مفقودة,True,True,الموضع المخزن أقرب إلى 55:43
55:43,55,الرحمن,43,533,859.5,192.5,533,270.0,192.0,MISASSIGNED_TO_OTHER_AYAH,منسوب إلى علامة آية أخرى,55:44,589.5,0.71,START_ANCHOR_WRONG_OR_MISSING,مرساة البداية خاطئة أو مفقودة,True,True,الموضع المخزن أقرب إلى 55:44
55:44,55,الرحمن,44,533,269.5,192.5,533,816.0,310.0,MISASSIGNED_TO_OTHER_AYAH,منسوب إلى علامة آية أخرى,55:45,558.99,0.56,START_ANCHOR_WRONG_OR_MISSING,مرساة البداية خاطئة أو مفقودة,True,True,الموضع المخزن أقرب إلى 55:45
55:45,55,الرحمن,45,533,815.5,310.25,533,231.0,310.0,MISASSIGNED_TO_OTHER_AYAH,منسوب إلى علامة آية أخرى,55:46,584.5,0.56,START_ANCHOR_WRONG_OR_MISSING,مرساة البداية خاطئة أو مفقودة,True,True,الموضع المخزن أقرب إلى 55:46
55:46,55,الرحمن,46,533,231.5,310.25,533,810.0,428.5,MISASSIGNED_TO_OTHER_AYAH,منسوب إلى علامة آية أخرى,55:47,590.46,0.56,START_ANCHOR_WRONG_OR_MISSING,مرساة البداية خاطئة أو مفقودة,True,True,الموضع المخزن أقرب إلى 55:47
55:47,55,الرحمن,47,533,810.5,428.75,533,530.0,428.0,MISASSIGNED_TO_OTHER_AYAH,منسوب إلى علامة آية أخرى,55:48,280.5,0.5,START_ANCHOR_WRONG_OR_MISSING,مرساة البداية خاطئة أو مفقودة,True,True,الموضع المخزن أقرب إلى 55:48
55:48,55,الرحمن,48,533,530.0,428.5,533,45.5,428.0,MISASSIGNED_TO_OTHER_AYAH,منسوب إلى علامة آية أخرى,55:49,484.5,0.5,START_ANCHOR_WRONG_OR_MISSING,مرساة البداية خاطئة أو مفقودة,True,True,الموضع المخزن أقرب إلى 55:49
55:49,55,الرحمن,49,533,45.5,428.5,533,685.0,544.0,MISASSIGNED_TO_OTHER_AYAH,منسوب إلى علامة آية أخرى,55:50,649.85,0.35,START_ANCHOR_WRONG_OR_MISSING,مرساة البداية خاطئة أو مفقودة,True,True,الموضع المخزن أقرب إلى 55:50
55:50,55,الرحمن,50,533,684.75,544.25,533,158.0,546.0,MISASSIGNED_TO_OTHER_AYAH,منسوب إلى علامة آية أخرى,55:51,526.75,0.5,START_ANCHOR_WRONG_OR_MISSING,مرساة البداية خاطئة أو مفقودة,True,True,الموضع المخزن أقرب إلى 55:51
55:51,55,الرحمن,51,533,158.0,546.5,533,684.0,664.0,MISASSIGNED_TO_OTHER_AYAH,منسوب إلى علامة آية أخرى,55:52,538.96,0.56,START_ANCHOR_WRONG_OR_MISSING,مرساة البداية خاطئة أو مفقودة,True,True,الموضع المخزن أقرب إلى 55:52
55:52,55,الرحمن,52,533,683.75,664.5,533,190.0,664.0,MISASSIGNED_TO_OTHER_AYAH,منسوب إلى علامة آية أخرى,55:53,493.75,0.75,START_ANCHOR_WRONG_OR_MISSING,مرساة البداية خاطئة أو مفقودة,True,True,الموضع المخزن أقرب إلى 55:53
55:53,55,الرحمن,53,533,190.0,664.75,533,166.0,782.0,MISASSIGNED_TO_OTHER_AYAH,منسوب إلى علامة آية أخرى,55:54,119.68,0.5,START_ANCHOR_WRONG_OR_MISSING,مرساة البداية خاطئة أو مفقودة,True,True,الموضع المخزن أقرب إلى 55:54
55:54,55,الرحمن,54,533,166.0,782.5,533,697.0,897.0,MISASSIGNED_TO_OTHER_AYAH,منسوب إلى علامة آية أخرى,55:55,543.2,0.71,START_ANCHOR_WRONG_OR_MISSING,مرساة البداية خاطئة أو مفقودة,True,True,الموضع المخزن أقرب إلى 55:55
55:55,55,الرحمن,55,533,696.5,897.5,533,698.0,1018.0,MISASSIGNED_TO_OTHER_AYAH,منسوب إلى علامة آية أخرى,55:56,120.51,0.5,START_ANCHOR_WRONG_OR_MISSING,مرساة البداية خاطئة أو مفقودة,True,True,الموضع المخزن أقرب إلى 55:56
55:56,55,الرحمن,56,533,698.5,1018.0,533,169.0,1018.0,MISASSIGNED_TO_OTHER_AYAH,منسوب إلى علامة آية أخرى,55:57,529.5,0.5,START_ANCHOR_WRONG_OR_MISSING,مرساة البداية خاطئة أو مفقودة,True,True,الموضع المخزن أقرب إلى 55:57
55:57,55,الرحمن,57,533,169.0,1018.5,533,699.5,1136.0,MISASSIGNED_TO_OTHER_AYAH,منسوب إلى علامة آية أخرى,55:58,543.36,0.25,START_ANCHOR_WRONG_OR_MISSING,مرساة البداية خاطئة أو مفقودة,True,True,الموضع المخزن أقرب إلى 55:58
55:58,55,الرحمن,58,533,699.5,1136.25,533,45.5,1136.0,MISASSIGNED_TO_OTHER_AYAH,منسوب إلى علامة آية أخرى,55:59,654.0,0.75,START_ANCHOR_WRONG_OR_MISSING,مرساة البداية خاطئة أو مفقودة,True,True,الموضع المخزن أقرب إلى 55:59
55:59,55,الرحمن,59,533,45.5,1136.75,533,403.0,1253.5,MISASSIGNED_TO_OTHER_AYAH,منسوب إلى علامة آية أخرى,55:60,376.08,0.5,START_ANCHOR_WRONG_OR_MISSING,مرساة البداية خاطئة أو مفقودة,True,True,الموضع المخزن أقرب إلى 55:60
55:60,55,الرحمن,60,533,403.0,1254.0,533,840.0,1372.0,MISASSIGNED_TO_OTHER_AYAH,منسوب إلى علامة آية أخرى,55:61,452.65,0.71,START_ANCHOR_WRONG_OR_MISSING,مرساة البداية خاطئة أو مفقودة,True,True,الموضع المخزن أقرب إلى 55:61
55:61,55,الرحمن,61,533,839.5,1372.5,533,370.0,1372.0,MISASSIGNED_TO_OTHER_AYAH,منسوب إلى علامة آية أخرى,55:62,469.5,0.35,START_ANCHOR_WRONG_OR_MISSING,مرساة البداية خاطئة أو مفقودة,True,True,الموضع المخزن أقرب إلى 55:62
55:62,55,الرحمن,62,533,370.25,1372.25,533,909.5,1490.0,MISASSIGNED_TO_OTHER_AYAH,منسوب إلى علامة آية أخرى,55:63,551.96,0.75,START_ANCHOR_WRONG_OR_MISSING,مرساة البداية خاطئة أو مفقودة,True,True,الموضع المخزن أقرب إلى 55:63
55:63,55,الرحمن,63,533,909.5,1490.75,533,615.0,1490.0,MISASSIGNED_TO_OTHER_AYAH,منسوب إلى علامة آية أخرى,55:64,294.5,0.75,START_ANCHOR_WRONG_OR_MISSING,مرساة البداية خاطئة أو مفقودة,True,True,الموضع المخزن أقرب إلى 55:64
55:64,55,الرحمن,64,533,615.0,1490.75,533,45.5,1490.0,MISASSIGNED_TO_OTHER_AYAH,منسوب إلى علامة آية أخرى,55:65,569.5,0.5,START_ANCHOR_WRONG_OR_MISSING,مرساة البداية خاطئة أو مفقودة,True,True,الموضع المخزن أقرب إلى 55:65
55:65,55,الرحمن,65,533,45.5,1490.5,533,605.0,1608.0,MISASSIGNED_TO_OTHER_AYAH,منسوب إلى علامة آية أخرى,55:66,571.7,0.5,START_ANCHOR_WRONG_OR_MISSING,مرساة البداية خاطئة أو مفقودة,True,True,الموضع المخزن أقرب إلى 55:66
55:66,55,الرحمن,66,533,605.0,1608.5,533,45.5,1607.0,MISASSIGNED_TO_OTHER_AYAH,منسوب إلى علامة آية أخرى,55:67,559.5,0.5,START_ANCHOR_WRONG_OR_MISSING,مرساة البداية خاطئة أو مفقودة,True,True,الموضع المخزن أقرب إلى 55:67
55:67,55,الرحمن,67,533,45.5,1607.5,533,574.0,1726.0,MISASSIGNED_TO_OTHER_AYAH,منسوب إلى علامة آية أخرى,55:68,541.62,0.5,START_ANCHOR_WRONG_OR_MISSING,مرساة البداية خاطئة أو مفقودة,True,True,الموضع المخزن أقرب إلى 55:68
55:68,55,الرحمن,68,533,574.5,1726.0,534,637.0,77.0,WRONG_PAGE_MISASSIGNED,صفحة خاطئة ومنسوب إلى علامة آية أخرى,55:70,,3.5,START_ANCHOR_WRONG_OR_MISSING,مرساة البداية خاطئة أو مفقودة,True,True,الموضع المخزن أقرب إلى 55:70
55:69,55,الرحمن,69,533,45.5,1725.75,534,40.0,77.0,WRONG_PAGE_MISASSIGNED,صفحة خاطئة ومنسوب إلى علامة آية أخرى,55:71,,3.54,START_ANCHOR_WRONG_OR_MISSING,مرساة البداية خاطئة أو مفقودة,True,True,الموضع المخزن أقرب إلى 55:71
55:70,55,الرحمن,70,534,637.0,73.5,534,428.5,190.5,MISASSIGNED_TO_OTHER_AYAH,منسوب إلى علامة آية أخرى,55:72,239.08,0.25,START_ANCHOR_WRONG_OR_MISSING,مرساة البداية خاطئة أو مفقودة,True,True,الموضع المخزن أقرب إلى 55:72
55:71,55,الرحمن,71,534,40.5,73.5,534,837.0,308.5,MISASSIGNED_TO_OTHER_AYAH,منسوب إلى علامة آية أخرى,55:73,830.44,0.56,START_ANCHOR_WRONG_OR_MISSING,مرساة البداية خاطئة أو مفقودة,True,True,الموضع المخزن أقرب إلى 55:73
55:72,55,الرحمن,72,534,428.5,190.75,534,143.5,308.0,MISASSIGNED_TO_OTHER_AYAH,منسوب إلى علامة آية أخرى,55:74,308.18,0.5,START_ANCHOR_WRONG_OR_MISSING,مرساة البداية خاطئة أو مفقودة,True,True,الموضع المخزن أقرب إلى 55:74
55:73,55,الرحمن,73,534,836.5,308.75,534,577.5,425.0,MISASSIGNED_TO_OTHER_AYAH,منسوب إلى علامة آية أخرى,55:75,283.89,0.75,START_ANCHOR_WRONG_OR_MISSING,مرساة البداية خاطئة أو مفقودة,True,True,الموضع المخزن أقرب إلى 55:75
55:74,55,الرحمن,74,534,143.5,308.5,534,683.5,543.5,MISASSIGNED_TO_OTHER_AYAH,منسوب إلى علامة آية أخرى,55:76,588.92,0.5,START_ANCHOR_WRONG_OR_MISSING,مرساة البداية خاطئة أو مفقودة,True,True,الموضع المخزن أقرب إلى 55:76
55:75,55,الرحمن,75,534,577.5,425.75,534,40.5,543.0,MISASSIGNED_TO_OTHER_AYAH,منسوب إلى علامة آية أخرى,55:77,549.65,0.75,START_ANCHOR_WRONG_OR_MISSING,مرساة البداية خاطئة أو مفقودة,True,True,الموضع المخزن أقرب إلى 55:77
55:76,55,الرحمن,76,534,683.5,544.0,534,169.5,659.0,MISASSIGNED_TO_OTHER_AYAH,منسوب إلى علامة آية أخرى,55:78,526.71,0.75,START_ANCHOR_WRONG_OR_MISSING,مرساة البداية خاطئة أو مفقودة,True,True,الموضع المخزن أقرب إلى 55:78
55:77,55,الرحمن,77,534,40.5,543.75,534,755.0,1014.0,MISASSIGNED_TO_OTHER_AYAH,منسوب إلى علامة آية أخرى,56:1,855.36,0.75,START_ANCHOR_WRONG_OR_MISSING,مرساة البداية خاطئة أو مفقودة,True,True,الموضع المخزن أقرب إلى 56:1
55:78,55,الرحمن,78,534,169.5,659.75,534,357.0,1015.0,MISASSIGNED_TO_OTHER_AYAH,منسوب إلى علامة آية أخرى,56:2,401.69,0.5,START_ANCHOR_WRONG_OR_MISSING,مرساة البداية خاطئة أو مفقودة,True,True,الموضع المخزن أقرب إلى 56:2
56:1,56,الواقعة,1,534,755.0,1014.75,534,40.0,1014.0,MISASSIGNED_TO_OTHER_AYAH,منسوب إلى علامة آية أخرى,56:3,715.0,0.71,SURAH_HEADER_GAP_INCLUDED,بداية السورة تضم فاصل العنوان والبسملة ضمن منطقة الآية,True,True,الموضع المخزن أقرب إلى 56:3؛ يجب أن تبدأ المنطقة بعد عنوان السورة/البسملة
56:2,56,الواقعة,2,534,356.5,1015.0,534,647.0,1132.5,MISASSIGNED_TO_OTHER_AYAH,منسوب إلى علامة آية أخرى,56:4,313.36,0.5,START_ANCHOR_WRONG_OR_MISSING,مرساة البداية خاطئة أو مفقودة,True,True,الموضع المخزن أقرب إلى 56:4
56:3,56,الواقعة,3,534,39.5,1014.5,534,189.0,1131.0,MISASSIGNED_TO_OTHER_AYAH,منسوب إلى علامة آية أخرى,56:5,189.53,0.71,START_ANCHOR_WRONG_OR_MISSING,مرساة البداية خاطئة أو مفقودة,True,True,الموضع المخزن أقرب إلى 56:5
56:4,56,الواقعة,4,534,647.0,1133.0,534,844.0,1250.0,MISASSIGNED_TO_OTHER_AYAH,منسوب إلى علامة آية أخرى,56:6,229.12,0.0,START_ANCHOR_WRONG_OR_MISSING,مرساة البداية خاطئة أو مفقودة,True,True,الموضع المخزن أقرب إلى 56:6
56:5,56,الواقعة,5,534,189.5,1131.5,534,429.0,1250.0,MISASSIGNED_TO_OTHER_AYAH,منسوب إلى علامة آية أخرى,56:7,267.21,0.71,START_ANCHOR_WRONG_OR_MISSING,مرساة البداية خاطئة أو مفقودة,True,True,الموضع المخزن أقرب إلى 56:7
56:6,56,الواقعة,6,534,844.0,1250.0,534,665.0,1368.0,MISASSIGNED_TO_OTHER_AYAH,منسوب إلى علامة آية أخرى,56:8,214.39,0.25,START_ANCHOR_WRONG_OR_MISSING,مرساة البداية خاطئة أو مفقودة,True,True,الموضع المخزن أقرب إلى 56:8
56:7,56,الواقعة,7,534,428.5,1250.5,534,894.0,1486.0,MISASSIGNED_TO_OTHER_AYAH,منسوب إلى علامة آية أخرى,56:9,521.68,0.35,START_ANCHOR_WRONG_OR_MISSING,مرساة البداية خاطئة أو مفقودة,True,True,الموضع المخزن أقرب إلى 56:9
56:8,56,الواقعة,8,534,665.0,1368.25,534,446.5,1485.0,MISASSIGNED_TO_OTHER_AYAH,منسوب إلى علامة آية أخرى,56:10,247.74,0.5,START_ANCHOR_WRONG_OR_MISSING,مرساة البداية خاطئة أو مفقودة,True,True,الموضع المخزن أقرب إلى 56:10
56:9,56,الواقعة,9,534,893.75,1486.25,534,40.5,1485.0,MISASSIGNED_TO_OTHER_AYAH,منسوب إلى علامة آية أخرى,56:11,853.25,0.5,START_ANCHOR_WRONG_OR_MISSING,مرساة البداية خاطئة أو مفقودة,True,True,الموضع المخزن أقرب إلى 56:11
56:10,56,الواقعة,10,534,446.5,1485.5,534,787.0,1603.5,MISASSIGNED_TO_OTHER_AYAH,منسوب إلى علامة آية أخرى,56:12,360.37,0.25,START_ANCHOR_WRONG_OR_MISSING,مرساة البداية خاطئة أو مفقودة,True,True,الموضع المخزن أقرب إلى 56:12
56:11,56,الواقعة,11,534,40.5,1485.5,534,443.0,1603.0,MISASSIGNED_TO_OTHER_AYAH,منسوب إلى علامة آية أخرى,56:13,419.3,0.71,START_ANCHOR_WRONG_OR_MISSING,مرساة البداية خاطئة أو مفقودة,True,True,الموضع المخزن أقرب إلى 56:13
56:12,56,الواقعة,12,534,787.0,1603.75,534,41.0,1603.0,MISASSIGNED_TO_OTHER_AYAH,منسوب إلى علامة آية أخرى,56:14,746.0,0.5,START_ANCHOR_WRONG_OR_MISSING,مرساة البداية خاطئة أو مفقودة,True,True,الموضع المخزن أقرب إلى 56:14
56:13,56,الواقعة,13,534,442.5,1603.5,534,674.0,1721.0,MISASSIGNED_TO_OTHER_AYAH,منسوب إلى علامة آية أخرى,56:15,259.61,0.5,START_ANCHOR_WRONG_OR_MISSING,مرساة البداية خاطئة أو مفقودة,True,True,الموضع المخزن أقرب إلى 56:15
56:14,56,الواقعة,14,534,41.0,1603.5,534,40.5,1721.0,MISASSIGNED_TO_OTHER_AYAH,منسوب إلى علامة آية أخرى,56:16,117.5,0.5,START_ANCHOR_WRONG_OR_MISSING,مرساة البداية خاطئة أو مفقودة,True,True,الموضع المخزن أقرب إلى 56:16
56:15,56,الواقعة,15,534,674.5,1721.0,,,,MISSING_REGION,سجل مفقود,,,,START_ANCHOR_WRONG_OR_MISSING,مرساة البداية خاطئة أو مفقودة,True,True,
56:16,56,الواقعة,16,534,40.5,1721.5,,,,MISSING_REGION,سجل مفقود,,,,START_ANCHOR_WRONG_OR_MISSING,مرساة البداية خاطئة أو مفقودة,True,True,
56:36,56,الواقعة,36,535,772.5,1018.5,535,772.0,1018.0,CORRECT,مطابق,56:36,0.71,0.71,START_ANCHOR_OK_EXTRA_BLANK_TAIL_RECT,المرساة صحيحة لكن يوجد مستطيل زائد فوق فراغ قبل السطر التالي,False,True,احذف أول مستطيل الفارغ وابدأ من يمين السطر التالي
56:44,56,الواقعة,44,535,765.0,1371.0,535,765.0,1370.5,CORRECT,مطابق,56:44,0.5,0.5,START_ANCHOR_OK_EXTRA_BLANK_TAIL_RECT,المرساة صحيحة لكن يوجد مستطيل زائد فوق فراغ قبل السطر التالي,False,True,احذف أول مستطيل الفارغ وابدأ من يمين السطر التالي
56:53,56,الواقعة,53,536,711.0,194.5,536,711.0,194.0,CORRECT,مطابق,56:53,0.5,0.5,START_ANCHOR_OK_EXTRA_BLANK_TAIL_RECT,المرساة صحيحة لكن يوجد مستطيل زائد فوق فراغ قبل السطر التالي,False,True,احذف أول مستطيل الفارغ وابدأ من يمين السطر التالي
56:61,56,الواقعة,61,536,162.75,665.5,536,163.0,665.0,CORRECT,مطابق,56:61,0.56,0.56,START_ANCHOR_OK_EXTRA_BLANK_TAIL_RECT,المرساة صحيحة لكن يوجد مستطيل زائد فوق فراغ قبل السطر التالي,False,True,احذف أول مستطيل الفارغ وابدأ من يمين السطر التالي
56:87,56,الواقعة,87,537,566.0,667.5,537,566.0,667.0,CORRECT,مطابق,56:87,0.5,0.5,START_ANCHOR_OK_EXTRA_BLANK_TAIL_RECT,المرساة صحيحة لكن يوجد مستطيل زائد فوق فراغ قبل السطر التالي,False,True,احذف أول مستطيل الفارغ وابدأ من يمين السطر التالي
56:89,56,الواقعة,89,537,563.0,783.5,537,563.0,783.0,CORRECT,مطابق,56:89,0.5,0.5,START_ANCHOR_OK_EXTRA_BLANK_TAIL_RECT,المرساة صحيحة لكن يوجد مستطيل زائد فوق فراغ قبل السطر التالي,False,True,احذف أول مستطيل الفارغ وابدأ من يمين السطر التالي
56:95,56,الواقعة,95,537,613.5,1137.0,537,614.0,1136.5,CORRECT,مطابق,56:95,0.71,0.71,START_ANCHOR_OK_EXTRA_BLANK_TAIL_RECT,المرساة صحيحة لكن يوجد مستطيل زائد فوق فراغ قبل السطر التالي,False,True,احذف أول مستطيل الفارغ وابدأ من يمين السطر التالي
57:1,57,الحديد,1,537,188.5,1493.75,537,188.5,1493.0,CORRECT,مطابق,57:1,0.75,0.75,SURAH_HEADER_GAP_INCLUDED,بداية السورة تضم فاصل العنوان والبسملة ضمن منطقة الآية,False,True,يجب أن تبدأ المنطقة بعد عنوان السورة/البسملة
57:6,57,الحديد,6,538,867.0,666.75,538,867.0,666.0,CORRECT,مطابق,57:6,0.75,0.75,START_ANCHOR_OK_EXTRA_BLANK_TAIL_RECT,المرساة صحيحة لكن يوجد مستطيل زائد فوق فراغ قبل السطر التالي,False,True,احذف أول مستطيل الفارغ وابدأ من يمين السطر التالي
57:8,57,الحديد,8,538,466.5,1019.0,538,467.0,1018.5,CORRECT,مطابق,57:8,0.71,0.71,START_ANCHOR_OK_EXTRA_BLANK_TAIL_RECT,المرساة صحيحة لكن يوجد مستطيل زائد فوق فراغ قبل السطر التالي,False,True,احذف أول مستطيل الفارغ وابدأ من يمين السطر التالي
57:21,57,الحديد,21,540,237.0,1140.0,540,237.0,1140.0,CORRECT,مطابق,57:21,0.0,0.0,START_ANCHOR_OK_EXTRA_BLANK_TAIL_RECT,المرساة صحيحة لكن يوجد مستطيل زائد فوق فراغ قبل السطر التالي,False,True,احذف أول مستطيل الفارغ وابدأ من يمين السطر التالي
58:1,58,المجادلة,1,542,297.75,434.5,542,298.0,434.0,CORRECT,مطابق,58:1,0.56,0.56,MULTILINE_SURAH_START_TRUNCATED,بداية سورة متعددة الأسطر؛ الأسطر الأولى غير مشمولة,False,True,المولد الحالي يبدأ من سطر النهاية ويفقد الأسطر السابقة
59:1,59,الحشر,1,545,924.5,1138.5,545,924.0,1138.0,CORRECT,مطابق,59:1,0.71,0.71,SURAH_HEADER_GAP_INCLUDED,بداية السورة تضم فاصل العنوان والبسملة ضمن منطقة الآية,False,True,يجب أن تبدأ المنطقة بعد عنوان السورة/البسملة
59:8,59,الحشر,8,546,670.0,1373.75,546,670.0,1373.5,CORRECT,مطابق,59:8,0.25,0.25,START_ANCHOR_OK_EXTRA_BLANK_TAIL_RECT,المرساة صحيحة لكن يوجد مستطيل زائد فوق فراغ قبل السطر التالي,False,True,احذف أول مستطيل الفارغ وابدأ من يمين السطر التالي
59:12,59,الحشر,12,547,168.0,904.5,547,168.0,904.0,CORRECT,مطابق,59:12,0.5,0.5,START_ANCHOR_OK_EXTRA_BLANK_TAIL_RECT,المرساة صحيحة لكن يوجد مستطيل زائد فوق فراغ قبل السطر التالي,False,True,احذف أول مستطيل الفارغ وابدأ من يمين السطر التالي
59:20,59,الحشر,20,548,548.0,787.5,548,548.0,787.0,CORRECT,مطابق,59:20,0.5,0.5,START_ANCHOR_OK_EXTRA_BLANK_TAIL_RECT,المرساة صحيحة لكن يوجد مستطيل زائد فوق فراغ قبل السطر التالي,False,True,احذف أول مستطيل الفارغ وابدأ من يمين السطر التالي
59:22,59,الحشر,22,548,695.0,1260.0,548,695.0,1259.5,CORRECT,مطابق,59:22,0.5,0.5,START_ANCHOR_OK_EXTRA_BLANK_TAIL_RECT,المرساة صحيحة لكن يوجد مستطيل زائد فوق فراغ قبل السطر التالي,False,True,احذف أول مستطيل الفارغ وابدأ من يمين السطر التالي
60:1,60,الممتحنة,1,549,487.0,786.25,549,487.0,786.0,CORRECT,مطابق,60:1,0.25,0.25,MULTILINE_SURAH_START_TRUNCATED,بداية سورة متعددة الأسطر؛ الأسطر الأولى غير مشمولة,False,True,المولد الحالي يبدأ من سطر النهاية ويفقد الأسطر السابقة
60:3,60,الممتحنة,3,549,755.0,1139.25,549,755.0,1139.0,CORRECT,مطابق,60:3,0.25,0.25,START_ANCHOR_OK_EXTRA_BLANK_TAIL_RECT,المرساة صحيحة لكن يوجد مستطيل زائد فوق فراغ قبل السطر التالي,False,True,احذف أول مستطيل الفارغ وابدأ من يمين السطر التالي
60:8,60,الممتحنة,8,550,40.5,547.25,550,40.0,547.0,CORRECT,مطابق,60:8,0.56,0.56,START_ANCHOR_OK_EXTRA_BLANK_TAIL_RECT,المرساة صحيحة لكن يوجد مستطيل زائد فوق فراغ قبل السطر التالي,False,True,احذف أول مستطيل الفارغ وابدأ من يمين السطر التالي
60:9,60,الممتحنة,9,550,842.0,900.5,550,842.0,900.0,CORRECT,مطابق,60:9,0.5,0.5,START_ANCHOR_OK_EXTRA_BLANK_TAIL_RECT,المرساة صحيحة لكن يوجد مستطيل زائد فوق فراغ قبل السطر التالي,False,True,احذف أول مستطيل الفارغ وابدأ من يمين السطر التالي
60:13,60,الممتحنة,13,551,39.0,661.0,551,39.0,660.5,CORRECT,مطابق,60:13,0.5,0.5,START_ANCHOR_OK_EXTRA_BLANK_TAIL_RECT,المرساة صحيحة لكن يوجد مستطيل زائد فوق فراغ قبل السطر التالي,False,True,احذف أول مستطيل الفارغ وابدأ من يمين السطر التالي
61:1,61,الصف,1,551,39.0,1012.75,551,39.0,1012.0,CORRECT,مطابق,61:1,0.75,0.75,SURAH_HEADER_GAP_INCLUDED,بداية السورة تضم فاصل العنوان والبسملة ضمن منطقة الآية,False,True,يجب أن تبدأ المنطقة بعد عنوان السورة/البسملة
61:2,61,الصف,2,551,39.0,1130.5,551,39.0,1130.0,CORRECT,مطابق,61:2,0.5,0.5,START_ANCHOR_OK_EXTRA_BLANK_TAIL_RECT,المرساة صحيحة لكن يوجد مستطيل زائد فوق فراغ قبل السطر التالي,False,True,احذف أول مستطيل الفارغ وابدأ من يمين السطر التالي
61:3,61,الصف,3,551,96.5,1248.0,551,96.0,1248.0,CORRECT,مطابق,61:3,0.5,0.5,START_ANCHOR_OK_EXTRA_BLANK_TAIL_RECT,المرساة صحيحة لكن يوجد مستطيل زائد فوق فراغ قبل السطر التالي,False,True,احذف أول مستطيل الفارغ وابدأ من يمين السطر التالي
61:8,61,الصف,8,552,894.5,665.0,552,894.5,664.5,CORRECT,مطابق,61:8,0.5,0.5,START_ANCHOR_OK_EXTRA_BLANK_TAIL_RECT,المرساة صحيحة لكن يوجد مستطيل زائد فوق فراغ قبل السطر التالي,False,True,احذف أول مستطيل الفارغ وابدأ من يمين السطر التالي
61:12,61,الصف,12,552,414.5,1252.0,552,414.0,1252.0,CORRECT,مطابق,61:12,0.5,0.5,START_ANCHOR_OK_EXTRA_BLANK_TAIL_RECT,المرساة صحيحة لكن يوجد مستطيل زائد فوق فراغ قبل السطر التالي,False,True,احذف أول مستطيل الفارغ وابدأ من يمين السطر التالي
62:1,62,الجمعة,1,553,916.0,433.5,553,916.0,433.0,CORRECT,مطابق,62:1,0.5,0.5,MULTILINE_SURAH_START_TRUNCATED,بداية سورة متعددة الأسطر؛ الأسطر الأولى غير مشمولة,False,True,المولد الحالي يبدأ من سطر النهاية ويفقد الأسطر السابقة
62:6,62,الجمعة,6,553,261.5,1372.5,553,261.5,1372.0,CORRECT,مطابق,62:6,0.5,0.5,START_ANCHOR_OK_EXTRA_BLANK_TAIL_RECT,المرساة صحيحة لكن يوجد مستطيل زائد فوق فراغ قبل السطر التالي,False,True,احذف أول مستطيل الفارغ وابدأ من يمين السطر التالي
62:10,62,الجمعة,10,554,44.0,431.5,554,44.0,431.0,CORRECT,مطابق,62:10,0.5,0.5,START_ANCHOR_OK_EXTRA_BLANK_TAIL_RECT,المرساة صحيحة لكن يوجد مستطيل زائد فوق فراغ قبل السطر التالي,False,True,احذف أول مستطيل الفارغ وابدأ من يمين السطر التالي
62:11,62,الجمعة,11,554,44.0,667.0,554,44.0,666.5,CORRECT,مطابق,62:11,0.5,0.5,START_ANCHOR_OK_EXTRA_BLANK_TAIL_RECT,المرساة صحيحة لكن يوجد مستطيل زائد فوق فراغ قبل السطر التالي,False,True,احذف أول مستطيل الفارغ وابدأ من يمين السطر التالي
63:1,63,المنافقون,1,554,206.0,1137.5,554,206.0,1137.0,CORRECT,مطابق,63:1,0.5,0.5,SURAH_HEADER_GAP_INCLUDED,بداية السورة تضم فاصل العنوان والبسملة ضمن منطقة الآية,False,True,يجب أن تبدأ المنطقة بعد عنوان السورة/البسملة
63:6,63,المنافقون,6,555,47.0,432.5,555,47.0,432.0,CORRECT,مطابق,63:6,0.5,0.5,START_ANCHOR_OK_EXTRA_BLANK_TAIL_RECT,المرساة صحيحة لكن يوجد مستطيل زائد فوق فراغ قبل السطر التالي,False,True,احذف أول مستطيل الفارغ وابدأ من يمين السطر التالي
63:7,63,المنافقون,7,555,552.5,786.0,555,552.0,786.0,CORRECT,مطابق,63:7,0.5,0.5,START_ANCHOR_OK_EXTRA_BLANK_TAIL_RECT,المرساة صحيحة لكن يوجد مستطيل زائد فوق فراغ قبل السطر التالي,False,True,احذف أول مستطيل الفارغ وابدأ من يمين السطر التالي
63:9,63,المنافقون,9,555,776.0,1377.0,555,776.0,1376.5,CORRECT,مطابق,63:9,0.5,0.5,START_ANCHOR_OK_EXTRA_BLANK_TAIL_RECT,المرساة صحيحة لكن يوجد مستطيل زائد فوق فراغ قبل السطر التالي,False,True,احذف أول مستطيل الفارغ وابدأ من يمين السطر التالي
64:1,64,التغابن,1,556,747.5,434.25,556,747.0,434.0,CORRECT,مطابق,64:1,0.56,0.56,MULTILINE_SURAH_START_TRUNCATED,بداية سورة متعددة الأسطر؛ الأسطر الأولى غير مشمولة,False,True,المولد الحالي يبدأ من سطر النهاية ويفقد الأسطر السابقة
64:5,64,التغابن,5,556,990.5,1022.75,556,990.5,1022.5,CORRECT,مطابق,64:5,0.25,0.25,START_ANCHOR_OK_EXTRA_BLANK_TAIL_RECT,المرساة صحيحة لكن يوجد مستطيل زائد فوق فراغ قبل السطر التالي,False,True,احذف أول مستطيل الفارغ وابدأ من يمين السطر التالي
64:11,64,التغابن,11,557,335.5,434.5,557,335.5,434.0,CORRECT,مطابق,64:11,0.5,0.5,START_ANCHOR_OK_EXTRA_BLANK_TAIL_RECT,المرساة صحيحة لكن يوجد مستطيل زائد فوق فراغ قبل السطر التالي,False,True,احذف أول مستطيل الفارغ وابدأ من يمين السطر التالي
65:1,65,الطلاق,1,558,42.0,670.0,558,42.0,669.5,CORRECT,مطابق,65:1,0.5,0.5,MULTILINE_SURAH_START_TRUNCATED,بداية سورة متعددة الأسطر؛ الأسطر الأولى غير مشمولة,False,True,المولد الحالي يبدأ من سطر النهاية ويفقد الأسطر السابقة
65:2,65,الطلاق,2,558,42.0,1023.25,558,42.0,1023.0,CORRECT,مطابق,65:2,0.25,0.25,START_ANCHOR_OK_EXTRA_BLANK_TAIL_RECT,المرساة صحيحة لكن يوجد مستطيل زائد فوق فراغ قبل السطر التالي,False,True,احذف أول مستطيل الفارغ وابدأ من يمين السطر التالي
65:3,65,الطلاق,3,558,291.0,1256.5,558,291.0,1256.0,CORRECT,مطابق,65:3,0.5,0.5,START_ANCHOR_OK_EXTRA_BLANK_TAIL_RECT,المرساة صحيحة لكن يوجد مستطيل زائد فوق فراغ قبل السطر التالي,False,True,احذف أول مستطيل الفارغ وابدأ من يمين السطر التالي
66:1,66,التحريم,1,560,839.25,433.5,560,839.0,433.0,CORRECT,مطابق,66:1,0.56,0.56,MULTILINE_SURAH_START_TRUNCATED,بداية سورة متعددة الأسطر؛ الأسطر الأولى غير مشمولة,False,True,المولد الحالي يبدأ من سطر النهاية ويفقد الأسطر السابقة
66:9,66,التحريم,9,561,350.0,790.0,561,350.0,789.5,CORRECT,مطابق,66:9,0.5,0.5,START_ANCHOR_OK_EXTRA_BLANK_TAIL_RECT,المرساة صحيحة لكن يوجد مستطيل زائد فوق فراغ قبل السطر التالي,False,True,احذف أول مستطيل الفارغ وابدأ من يمين السطر التالي
66:11,66,التحريم,11,561,306.5,1497.5,561,306.0,1497.0,CORRECT,مطابق,66:11,0.71,0.71,START_ANCHOR_OK_EXTRA_BLANK_TAIL_RECT,المرساة صحيحة لكن يوجد مستطيل زائد فوق فراغ قبل السطر التالي,False,True,احذف أول مستطيل الفارغ وابدأ من يمين السطر التالي
67:3,67,الملك,3,562,394.5,671.5,562,394.0,671.0,CORRECT,مطابق,67:3,0.71,0.71,START_ANCHOR_OK_EXTRA_BLANK_TAIL_RECT,المرساة صحيحة لكن يوجد مستطيل زائد فوق فراغ قبل السطر التالي,False,True,احذف أول مستطيل الفارغ وابدأ من يمين السطر التالي
67:7,67,الملك,7,562,238.5,1144.5,562,238.5,1144.0,CORRECT,مطابق,67:7,0.5,0.5,START_ANCHOR_OK_EXTRA_BLANK_TAIL_RECT,المرساة صحيحة لكن يوجد مستطيل زائد فوق فراغ قبل السطر التالي,False,True,احذف أول مستطيل الفارغ وابدأ من يمين السطر التالي
67:9,67,الملك,9,562,749.5,1499.75,562,749.5,1499.0,CORRECT,مطابق,67:9,0.75,0.75,START_ANCHOR_OK_EXTRA_BLANK_TAIL_RECT,المرساة صحيحة لكن يوجد مستطيل زائد فوق فراغ قبل السطر التالي,False,True,احذف أول مستطيل الفارغ وابدأ من يمين السطر التالي
67:16,67,الملك,16,563,39.5,432.5,563,39.0,432.0,CORRECT,مطابق,67:16,0.71,0.71,START_ANCHOR_OK_EXTRA_BLANK_TAIL_RECT,المرساة صحيحة لكن يوجد مستطيل زائد فوق فراغ قبل السطر التالي,False,True,احذف أول مستطيل الفارغ وابدأ من يمين السطر التالي
67:17,67,الملك,17,563,849.0,669.0,563,849.0,668.5,CORRECT,مطابق,67:17,0.5,0.5,START_ANCHOR_OK_EXTRA_BLANK_TAIL_RECT,المرساة صحيحة لكن يوجد مستطيل زائد فوق فراغ قبل السطر التالي,False,True,احذف أول مستطيل الفارغ وابدأ من يمين السطر التالي
67:19,67,الملك,19,563,541.5,905.75,563,541.5,905.5,CORRECT,مطابق,67:19,0.25,0.25,START_ANCHOR_OK_EXTRA_BLANK_TAIL_RECT,المرساة صحيحة لكن يوجد مستطيل زائد فوق فراغ قبل السطر التالي,False,True,احذف أول مستطيل الفارغ وابدأ من يمين السطر التالي
67:30,67,الملك,30,564,45.0,549.0,564,45.0,548.5,CORRECT,مطابق,67:30,0.5,0.5,START_ANCHOR_OK_EXTRA_BLANK_TAIL_RECT,المرساة صحيحة لكن يوجد مستطيل زائد فوق فراغ قبل السطر التالي,False,True,احذف أول مستطيل الفارغ وابدأ من يمين السطر التالي
68:1,68,القلم,1,564,658.5,902.25,564,658.5,902.0,CORRECT,مطابق,68:1,0.25,0.25,SURAH_HEADER_GAP_INCLUDED,بداية السورة تضم فاصل العنوان والبسملة ضمن منطقة الآية,False,True,يجب أن تبدأ المنطقة بعد عنوان السورة/البسملة
68:9,68,القلم,9,564,611.5,1373.5,564,611.5,1373.0,CORRECT,مطابق,68:9,0.5,0.5,START_ANCHOR_OK_EXTRA_BLANK_TAIL_RECT,المرساة صحيحة لكن يوجد مستطيل زائد فوق فراغ قبل السطر التالي,False,True,احذف أول مستطيل الفارغ وابدأ من يمين السطر التالي
68:11,68,القلم,11,564,628.5,1490.75,564,628.0,1490.5,CORRECT,مطابق,68:11,0.56,0.56,START_ANCHOR_OK_EXTRA_BLANK_TAIL_RECT,المرساة صحيحة لكن يوجد مستطيل زائد فوق فراغ قبل السطر التالي,False,True,احذف أول مستطيل الفارغ وابدأ من يمين السطر التالي
68:13,68,القلم,13,564,732.0,1609.5,564,732.0,1609.0,CORRECT,مطابق,68:13,0.5,0.5,START_ANCHOR_OK_EXTRA_BLANK_TAIL_RECT,المرساة صحيحة لكن يوجد مستطيل زائد فوق فراغ قبل السطر التالي,False,True,احذف أول مستطيل الفارغ وابدأ من يمين السطر التالي
68:16,68,القلم,16,564,45.0,1726.75,565,101.0,77.5,WRONG_PAGE_MISASSIGNED,صفحة خاطئة ومنسوب إلى علامة آية أخرى,68:17,,3.5,START_ANCHOR_WRONG_OR_MISSING,مرساة البداية خاطئة أو مفقودة,True,True,الموضع المخزن أقرب إلى 68:17
68:17,68,القلم,17,565,101.0,74.0,565,916.0,192.0,MISASSIGNED_TO_OTHER_AYAH,منسوب إلى علامة آية أخرى,68:18,823.5,0.35,START_ANCHOR_WRONG_OR_MISSING,مرساة البداية خاطئة أو مفقودة,True,True,الموضع المخزن أقرب إلى 68:18
68:18,68,القلم,18,565,915.75,192.25,565,213.0,192.0,MISASSIGNED_TO_OTHER_AYAH,منسوب إلى علامة آية أخرى,68:19,702.75,0.0,START_ANCHOR_WRONG_OR_MISSING,مرساة البداية خاطئة أو مفقودة,True,True,الموضع المخزن أقرب إلى 68:19
68:19,68,القلم,19,565,213.0,192.0,565,913.5,310.5,MISASSIGNED_TO_OTHER_AYAH,منسوب إلى علامة آية أخرى,68:20,710.45,0.5,START_ANCHOR_WRONG_OR_MISSING,مرساة البداية خاطئة أو مفقودة,True,True,الموضع المخزن أقرب إلى 68:20
68:20,68,القلم,20,565,913.5,311.0,565,569.0,310.5,MISASSIGNED_TO_OTHER_AYAH,منسوب إلى علامة آية أخرى,68:21,344.5,0.56,START_ANCHOR_WRONG_OR_MISSING,مرساة البداية خاطئة أو مفقودة,True,True,الموضع المخزن أقرب إلى 68:21
68:21,68,القلم,21,565,569.5,310.75,565,917.0,429.0,MISASSIGNED_TO_OTHER_AYAH,منسوب إلى علامة آية أخرى,68:22,367.07,0.56,START_ANCHOR_WRONG_OR_MISSING,مرساة البداية خاطئة أو مفقودة,True,True,الموضع المخزن أقرب إلى 68:22
68:22,68,القلم,22,565,916.5,429.25,565,461.0,429.0,MISASSIGNED_TO_OTHER_AYAH,منسوب إلى علامة آية أخرى,68:23,455.5,0.25,START_ANCHOR_WRONG_OR_MISSING,مرساة البداية خاطئة أو مفقودة,True,True,الموضع المخزن أقرب إلى 68:23
68:23,68,القلم,23,565,461.25,429.0,565,841.5,546.5,MISASSIGNED_TO_OTHER_AYAH,منسوب إلى علامة آية أخرى,68:24,397.99,0.5,START_ANCHOR_WRONG_OR_MISSING,مرساة البداية خاطئة أو مفقودة,True,True,الموضع المخزن أقرب إلى 68:24
68:24,68,القلم,24,565,841.5,547.0,565,397.5,546.5,MISASSIGNED_TO_OTHER_AYAH,منسوب إلى علامة آية أخرى,68:25,444.0,0.25,START_ANCHOR_WRONG_OR_MISSING,مرساة البداية خاطئة أو مفقودة,True,True,الموضع المخزن أقرب إلى 68:25
68:25,68,القلم,25,565,397.5,546.75,565,918.0,664.0,MISASSIGNED_TO_OTHER_AYAH,منسوب إلى علامة آية أخرى,68:26,533.54,0.5,START_ANCHOR_WRONG_OR_MISSING,مرساة البداية خاطئة أو مفقودة,True,True,الموضع المخزن أقرب إلى 68:26
68:26,68,القلم,26,565,918.0,664.5,565,527.0,664.0,MISASSIGNED_TO_OTHER_AYAH,منسوب إلى علامة آية أخرى,68:27,391.0,0.5,START_ANCHOR_WRONG_OR_MISSING,مرساة البداية خاطئة أو مفقودة,True,True,الموضع المخزن أقرب إلى 68:27
68:27,68,القلم,27,565,527.0,664.5,565,900.0,783.0,MISASSIGNED_TO_OTHER_AYAH,منسوب إلى علامة آية أخرى,68:28,391.37,0.0,START_ANCHOR_WRONG_OR_MISSING,مرساة البداية خاطئة أو مفقودة,True,True,الموضع المخزن أقرب إلى 68:28
68:28,68,القلم,28,565,900.0,783.0,565,329.0,782.0,MISASSIGNED_TO_OTHER_AYAH,منسوب إلى علامة آية أخرى,68:29,571.0,0.25,START_ANCHOR_WRONG_OR_MISSING,مرساة البداية خاطئة أو مفقودة,True,True,الموضع المخزن أقرب إلى 68:29
68:29,68,القلم,29,565,329.0,782.25,565,827.0,900.0,MISASSIGNED_TO_OTHER_AYAH,منسوب إلى علامة آية أخرى,68:30,511.73,0.56,START_ANCHOR_WRONG_OR_MISSING,مرساة البداية خاطئة أو مفقودة,True,True,الموضع المخزن أقرب إلى 68:30
68:30,68,القلم,30,565,826.75,900.5,565,372.0,900.5,MISASSIGNED_TO_OTHER_AYAH,منسوب إلى علامة آية أخرى,68:31,454.75,0.5,START_ANCHOR_WRONG_OR_MISSING,مرساة البداية خاطئة أو مفقودة,True,True,الموضع المخزن أقرب إلى 68:31
68:31,68,القلم,31,565,372.0,901.0,565,575.0,1019.0,MISASSIGNED_TO_OTHER_AYAH,منسوب إلى علامة آية أخرى,68:32,234.8,0.56,START_ANCHOR_WRONG_OR_MISSING,مرساة البداية خاطئة أو مفقودة,True,True,الموضع المخزن أقرب إلى 68:32
68:32,68,القلم,32,565,574.75,1019.5,565,740.0,1137.0,MISASSIGNED_TO_OTHER_AYAH,منسوب إلى علامة آية أخرى,68:33,202.77,0.5,START_ANCHOR_WRONG_OR_MISSING,مرساة البداية خاطئة أو مفقودة,True,True,الموضع المخزن أقرب إلى 68:33
68:33,68,القلم,33,565,740.0,1137.5,565,39.5,1137.0,MISASSIGNED_TO_OTHER_AYAH,منسوب إلى علامة آية أخرى,68:34,700.5,0.5,START_ANCHOR_WRONG_OR_MISSING,مرساة البداية خاطئة أو مفقودة,True,True,الموضع المخزن أقرب إلى 68:34
68:34,68,القلم,34,565,40.0,1137.0,565,545.0,1255.0,MISASSIGNED_TO_OTHER_AYAH,منسوب إلى علامة آية أخرى,68:35,518.6,0.25,START_ANCHOR_WRONG_OR_MISSING,مرساة البداية خاطئة أو مفقودة,True,True,الموضع المخزن أقرب إلى 68:35
68:35,68,القلم,35,565,545.0,1255.25,565,152.0,1255.0,MISASSIGNED_TO_OTHER_AYAH,منسوب إلى علامة آية أخرى,68:36,393.0,0.25,START_ANCHOR_WRONG_OR_MISSING,مرساة البداية خاطئة أو مفقودة,True,True,الموضع المخزن أقرب إلى 68:36
68:36,68,القلم,36,565,152.0,1255.25,565,729.0,1373.0,MISASSIGNED_TO_OTHER_AYAH,منسوب إلى علامة آية أخرى,68:37,588.89,0.5,START_ANCHOR_WRONG_OR_MISSING,مرساة البداية خاطئة أو مفقودة,True,True,الموضع المخزن أقرب إلى 68:37
68:37,68,القلم,37,565,729.5,1373.0,565,305.5,1373.0,MISASSIGNED_TO_OTHER_AYAH,منسوب إلى علامة آية أخرى,68:38,424.0,0.25,START_ANCHOR_WRONG_OR_MISSING,مرساة البداية خاطئة أو مفقودة,True,True,الموضع المخزن أقرب إلى 68:38
68:38,68,القلم,38,565,305.5,1373.25,565,370.0,1491.0,MISASSIGNED_TO_OTHER_AYAH,منسوب إلى علامة آية أخرى,68:39,134.26,0.5,START_ANCHOR_WRONG_OR_MISSING,مرساة البداية خاطئة أو مفقودة,True,True,الموضع المخزن أقرب إلى 68:39
68:39,68,القلم,39,565,370.0,1491.5,565,973.0,1609.0,MISASSIGNED_TO_OTHER_AYAH,منسوب إلى علامة آية أخرى,68:40,614.34,0.0,START_ANCHOR_WRONG_OR_MISSING,مرساة البداية خاطئة أو مفقودة,True,True,الموضع المخزن أقرب إلى 68:40
68:40,68,القلم,40,565,973.0,1609.0,565,102.0,1609.0,MISASSIGNED_TO_OTHER_AYAH,منسوب إلى علامة آية أخرى,68:41,871.0,0.56,START_ANCHOR_WRONG_OR_MISSING,مرساة البداية خاطئة أو مفقودة,True,True,الموضع المخزن أقرب إلى 68:41
68:41,68,القلم,41,565,102.25,1609.5,565,39.5,1727.5,MISASSIGNED_TO_OTHER_AYAH,منسوب إلى علامة آية أخرى,68:42,133.65,0.5,START_ANCHOR_WRONG_OR_MISSING,مرساة البداية خاطئة أو مفقودة,True,True,الموضع المخزن أقرب إلى 68:42
68:42,68,القلم,42,565,39.5,1728.0,,,,MISSING_REGION,سجل مفقود,,,,START_ANCHOR_WRONG_OR_MISSING,مرساة البداية خاطئة أو مفقودة,True,True,
68:48,68,القلم,48,566,808.5,672.0,566,808.5,671.5,CORRECT,مطابق,68:48,0.5,0.5,START_ANCHOR_OK_EXTRA_BLANK_TAIL_RECT,المرساة صحيحة لكن يوجد مستطيل زائد فوق فراغ قبل السطر التالي,False,True,احذف أول مستطيل الفارغ وابدأ من يمين السطر التالي
68:51,68,القلم,51,566,540.75,1025.25,566,541.0,1025.0,CORRECT,مطابق,68:51,0.35,0.35,START_ANCHOR_OK_EXTRA_BLANK_TAIL_RECT,المرساة صحيحة لكن يوجد مستطيل زائد فوق فراغ قبل السطر التالي,False,True,احذف أول مستطيل الفارغ وابدأ من يمين السطر التالي
69:1,69,الحاقة,1,566,952.5,1378.75,566,952.5,1378.5,CORRECT,مطابق,69:1,0.25,0.25,SURAH_HEADER_GAP_INCLUDED,بداية السورة تضم فاصل العنوان والبسملة ضمن منطقة الآية,False,True,يجب أن تبدأ المنطقة بعد عنوان السورة/البسملة
69:25,69,الحاقة,25,567,157.0,1250.5,567,157.0,1250.0,CORRECT,مطابق,69:25,0.5,0.5,START_ANCHOR_OK_EXTRA_BLANK_TAIL_RECT,المرساة صحيحة لكن يوجد مستطيل زائد فوق فراغ قبل السطر التالي,False,True,احذف أول مستطيل الفارغ وابدأ من يمين السطر التالي
69:34,69,الحاقة,34,567,535.0,1720.5,567,535.0,1720.0,CORRECT,مطابق,69:34,0.5,0.5,START_ANCHOR_OK_EXTRA_BLANK_TAIL_RECT,المرساة صحيحة لكن يوجد مستطيل زائد فوق فراغ قبل السطر التالي,False,True,احذف أول مستطيل الفارغ وابدأ من يمين السطر التالي
69:35,69,الحاقة,35,567,40.0,1720.75,568,668.0,81.0,WRONG_PAGE_MISASSIGNED,صفحة خاطئة ومنسوب إلى علامة آية أخرى,69:36,,0.5,START_ANCHOR_WRONG_OR_MISSING,مرساة البداية خاطئة أو مفقودة,True,True,الموضع المخزن أقرب إلى 69:36
69:36,69,الحاقة,36,568,668.0,81.5,568,250.0,81.0,MISASSIGNED_TO_OTHER_AYAH,منسوب إلى علامة آية أخرى,69:37,418.0,0.35,START_ANCHOR_WRONG_OR_MISSING,مرساة البداية خاطئة أو مفقودة,True,True,الموضع المخزن أقرب إلى 69:37
69:37,69,الحاقة,37,568,250.25,81.25,568,921.5,199.0,MISASSIGNED_TO_OTHER_AYAH,منسوب إلى علامة آية أخرى,69:38,681.5,0.5,START_ANCHOR_WRONG_OR_MISSING,مرساة البداية خاطئة أو مفقودة,True,True,الموضع المخزن أقرب إلى 69:38
69:38,69,الحاقة,38,568,921.5,199.5,568,621.0,199.0,MISASSIGNED_TO_OTHER_AYAH,منسوب إلى علامة آية أخرى,69:39,300.5,0.35,START_ANCHOR_WRONG_OR_MISSING,مرساة البداية خاطئة أو مفقودة,True,True,الموضع المخزن أقرب إلى 69:39
69:39,69,الحاقة,39,568,621.25,199.25,568,243.5,199.0,MISASSIGNED_TO_OTHER_AYAH,منسوب إلى علامة آية أخرى,69:40,377.75,0.25,START_ANCHOR_WRONG_OR_MISSING,مرساة البداية خاطئة أو مفقودة,True,True,الموضع المخزن أقرب إلى 69:40
69:40,69,الحاقة,40,568,243.5,199.25,568,673.0,316.0,MISASSIGNED_TO_OTHER_AYAH,منسوب إلى علامة آية أخرى,69:41,445.09,0.25,START_ANCHOR_WRONG_OR_MISSING,مرساة البداية خاطئة أو مفقودة,True,True,الموضع المخزن أقرب إلى 69:41
69:41,69,الحاقة,41,568,673.0,316.25,568,40.0,316.0,MISASSIGNED_TO_OTHER_AYAH,منسوب إلى علامة آية أخرى,69:42,633.0,0.25,START_ANCHOR_WRONG_OR_MISSING,مرساة البداية خاطئة أو مفقودة,True,True,الموضع المخزن أقرب إلى 69:42
69:42,69,الحاقة,42,568,40.0,316.25,568,629.0,434.0,MISASSIGNED_TO_OTHER_AYAH,منسوب إلى علامة آية أخرى,69:43,600.65,0.56,START_ANCHOR_WRONG_OR_MISSING,مرساة البداية خاطئة أو مفقودة,True,True,الموضع المخزن أقرب إلى 69:43
69:43,69,الحاقة,43,568,629.25,434.5,568,40.0,428.0,MISASSIGNED_TO_OTHER_AYAH,منسوب إلى علامة آية أخرى,69:44,589.29,0.75,START_ANCHOR_WRONG_OR_MISSING,مرساة البداية خاطئة أو مفقودة,True,True,الموضع المخزن أقرب إلى 69:44
69:44,69,الحاقة,44,568,40.0,428.75,568,688.0,552.0,MISASSIGNED_TO_OTHER_AYAH,منسوب إلى علامة آية أخرى,69:45,659.62,0.25,START_ANCHOR_WRONG_OR_MISSING,مرساة البداية خاطئة أو مفقودة,True,True,الموضع المخزن أقرب إلى 69:45
69:45,69,الحاقة,45,568,688.0,552.25,568,231.0,552.0,MISASSIGNED_TO_OTHER_AYAH,منسوب إلى علامة آية أخرى,69:46,457.0,0.56,START_ANCHOR_WRONG_OR_MISSING,مرساة البداية خاطئة أو مفقودة,True,True,الموضع المخزن أقرب إلى 69:46
69:46,69,الحاقة,46,568,230.5,552.25,568,659.5,670.0,MISASSIGNED_TO_OTHER_AYAH,منسوب إلى علامة آية أخرى,69:47,444.87,0.5,START_ANCHOR_WRONG_OR_MISSING,مرساة البداية خاطئة أو مفقودة,True,True,الموضع المخزن أقرب إلى 69:47
69:47,69,الحاقة,47,568,659.5,670.5,568,115.5,670.0,MISASSIGNED_TO_OTHER_AYAH,منسوب إلى علامة آية أخرى,69:48,544.0,0.5,START_ANCHOR_WRONG_OR_MISSING,مرساة البداية خاطئة أو مفقودة,True,True,الموضع المخزن أقرب إلى 69:48
69:48,69,الحاقة,48,568,115.5,670.5,568,569.5,787.0,MISASSIGNED_TO_OTHER_AYAH,منسوب إلى علامة آية أخرى,69:49,468.71,0.75,START_ANCHOR_WRONG_OR_MISSING,مرساة البداية خاطئة أو مفقودة,True,True,الموضع المخزن أقرب إلى 69:49
69:49,69,الحاقة,49,568,569.5,787.75,568,40.0,786.5,MISASSIGNED_TO_OTHER_AYAH,منسوب إلى علامة آية أخرى,69:50,529.5,0.5,START_ANCHOR_WRONG_OR_MISSING,مرساة البداية خاطئة أو مفقودة,True,True,الموضع المخزن أقرب إلى 69:50
69:50,69,الحاقة,50,568,40.0,787.0,568,662.5,905.0,MISASSIGNED_TO_OTHER_AYAH,منسوب إلى علامة آية أخرى,69:51,633.59,0.5,START_ANCHOR_WRONG_OR_MISSING,مرساة البداية خاطئة أو مفقودة,True,True,الموضع المخزن أقرب إلى 69:51
69:51,69,الحاقة,51,568,662.5,905.5,568,40.0,905.0,MISASSIGNED_TO_OTHER_AYAH,منسوب إلى علامة آية أخرى,69:52,622.5,0.5,START_ANCHOR_WRONG_OR_MISSING,مرساة البداية خاطئة أو مفقودة,True,True,الموضع المخزن أقرب إلى 69:52
69:52,69,الحاقة,52,568,40.0,905.5,568,568.0,1258.5,MISASSIGNED_TO_OTHER_AYAH,منسوب إلى علامة آية أخرى,70:1,635.13,0.25,START_ANCHOR_WRONG_OR_MISSING,مرساة البداية خاطئة أو مفقودة,True,True,الموضع المخزن أقرب إلى 70:1
70:1,70,المعارج,1,568,568.0,1258.75,568,40.0,1259.0,MISASSIGNED_TO_OTHER_AYAH,منسوب إلى علامة آية أخرى,70:2,528.0,0.5,SURAH_HEADER_GAP_INCLUDED,بداية السورة تضم فاصل العنوان والبسملة ضمن منطقة الآية,True,True,الموضع المخزن أقرب إلى 70:2؛ يجب أن تبدأ المنطقة بعد عنوان السورة/البسملة
70:2,70,المعارج,2,568,40.0,1259.5,568,647.0,1371.5,MISASSIGNED_TO_OTHER_AYAH,منسوب إلى علامة آية أخرى,70:3,617.25,0.5,START_ANCHOR_WRONG_OR_MISSING,مرساة البداية خاطئة أو مفقودة,True,True,الموضع المخزن أقرب إلى 70:3
70:3,70,المعارج,3,568,647.0,1372.0,568,423.0,1494.0,MISASSIGNED_TO_OTHER_AYAH,منسوب إلى علامة آية أخرى,70:4,255.07,0.5,START_ANCHOR_WRONG_OR_MISSING,مرساة البداية خاطئة أو مفقودة,True,True,الموضع المخزن أقرب إلى 70:4
70:4,70,المعارج,4,568,423.0,1494.5,568,40.0,1492.0,MISASSIGNED_TO_OTHER_AYAH,منسوب إلى علامة آية أخرى,70:5,383.01,0.5,START_ANCHOR_WRONG_OR_MISSING,مرساة البداية خاطئة أو مفقودة,True,True,الموضع المخزن أقرب إلى 70:5
70:5,70,المعارج,5,568,40.0,1492.5,568,703.5,1612.5,MISASSIGNED_TO_OTHER_AYAH,منسوب إلى علامة آية أخرى,70:6,674.26,0.25,START_ANCHOR_WRONG_OR_MISSING,مرساة البداية خاطئة أو مفقودة,True,True,الموضع المخزن أقرب إلى 70:6
70:6,70,المعارج,6,568,703.5,1612.75,568,429.0,1612.5,MISASSIGNED_TO_OTHER_AYAH,منسوب إلى علامة آية أخرى,70:7,274.5,0.35,START_ANCHOR_WRONG_OR_MISSING,مرساة البداية خاطئة أو مفقودة,True,True,الموضع المخزن أقرب إلى 70:7
70:7,70,المعارج,7,568,429.25,1612.75,568,895.0,1730.0,MISASSIGNED_TO_OTHER_AYAH,منسوب إلى علامة آية أخرى,70:8,480.28,0.5,START_ANCHOR_WRONG_OR_MISSING,مرساة البداية خاطئة أو مفقودة,True,True,الموضع المخزن أقرب إلى 70:8
70:8,70,المعارج,8,568,895.0,1730.5,568,442.0,1730.0,MISASSIGNED_TO_OTHER_AYAH,منسوب إلى علامة آية أخرى,70:9,453.0,0.25,START_ANCHOR_WRONG_OR_MISSING,مرساة البداية خاطئة أو مفقودة,True,True,الموضع المخزن أقرب إلى 70:9
70:9,70,المعارج,9,568,442.0,1730.25,568,40.0,1730.0,MISASSIGNED_TO_OTHER_AYAH,منسوب إلى علامة آية أخرى,70:10,402.0,0.25,START_ANCHOR_WRONG_OR_MISSING,مرساة البداية خاطئة أو مفقودة,True,True,الموضع المخزن أقرب إلى 70:10
70:10,70,المعارج,10,568,40.0,1730.25,,,,MISSING_REGION,سجل مفقود,,,,START_ANCHOR_WRONG_OR_MISSING,مرساة البداية خاطئة أو مفقودة,True,True,
70:12,70,المعارج,12,569,755.0,191.25,569,755.0,191.0,CORRECT,مطابق,70:12,0.25,0.25,START_ANCHOR_OK_EXTRA_BLANK_TAIL_RECT,المرساة صحيحة لكن يوجد مستطيل زائد فوق فراغ قبل السطر التالي,False,True,احذف أول مستطيل الفارغ وابدأ من يمين السطر التالي
70:18,70,المعارج,18,569,719.75,426.75,569,698.0,426.5,CENTER_OFFSET,انحراف في مركز العلامة,70:18,21.75,21.75,START_ANCHOR_OK,مرساة البداية مطابقة لعلامة الآية السابقة,True,False,الموضع قريب من العلامة الصحيحة لكنه منحرف أكثر من 8 بكسل
70:19,70,المعارج,19,569,264.5,426.75,569,264.5,426.5,CORRECT,مطابق,70:19,0.25,0.25,START_ANCHOR_WRONG_OR_MISSING,مرساة البداية خاطئة أو مفقودة,False,True,
70:34,70,المعارج,34,569,490.5,1368.5,569,490.5,1368.0,CORRECT,مطابق,70:34,0.5,0.5,START_ANCHOR_OK_EXTRA_BLANK_TAIL_RECT,المرساة صحيحة لكن يوجد مستطيل زائد فوق فراغ قبل السطر التالي,False,True,احذف أول مستطيل الفارغ وابدأ من يمين السطر التالي
70:36,70,المعارج,36,569,495.5,1486.5,569,495.0,1486.0,CORRECT,مطابق,70:36,0.71,0.71,START_ANCHOR_OK_EXTRA_BLANK_TAIL_RECT,المرساة صحيحة لكن يوجد مستطيل زائد فوق فراغ قبل السطر التالي,False,True,احذف أول مستطيل الفارغ وابدأ من يمين السطر التالي
70:40,70,المعارج,40,569,38.0,1721.0,570,203.0,82.5,WRONG_PAGE_MISASSIGNED,صفحة خاطئة ومنسوب إلى علامة آية أخرى,70:41,,0.5,START_ANCHOR_WRONG_OR_MISSING,مرساة البداية خاطئة أو مفقودة,True,True,الموضع المخزن أقرب إلى 70:41
70:41,70,المعارج,41,570,203.0,83.0,570,127.0,197.0,MISASSIGNED_TO_OTHER_AYAH,منسوب إلى علامة آية أخرى,70:42,137.01,0.71,START_ANCHOR_WRONG_OR_MISSING,مرساة البداية خاطئة أو مفقودة,True,True,الموضع المخزن أقرب إلى 70:42
70:42,70,المعارج,42,570,127.5,197.5,570,46.0,318.0,MISASSIGNED_TO_OTHER_AYAH,منسوب إلى علامة آية أخرى,70:43,145.47,0.71,START_ANCHOR_WRONG_OR_MISSING,مرساة البداية خاطئة أو مفقودة,True,True,الموضع المخزن أقرب إلى 70:43
70:43,70,المعارج,43,570,46.5,318.5,570,46.5,435.5,MISASSIGNED_TO_OTHER_AYAH,منسوب إلى علامة آية أخرى,70:44,117.0,0.25,START_ANCHOR_WRONG_OR_MISSING,مرساة البداية خاطئة أو مفقودة,True,True,الموضع المخزن أقرب إلى 70:44
70:44,70,المعارج,44,570,46.5,435.75,570,843.5,906.0,MISASSIGNED_TO_OTHER_AYAH,منسوب إلى علامة آية أخرى,71:1,925.39,0.5,START_ANCHOR_WRONG_OR_MISSING,مرساة البداية خاطئة أو مفقودة,True,True,الموضع المخزن أقرب إلى 71:1
71:1,71,نوح,1,570,843.5,906.5,570,237.0,906.0,MISASSIGNED_TO_OTHER_AYAH,منسوب إلى علامة آية أخرى,71:2,606.5,0.56,SURAH_HEADER_GAP_INCLUDED,بداية السورة تضم فاصل العنوان والبسملة ضمن منطقة الآية,True,True,الموضع المخزن أقرب إلى 71:2؛ يجب أن تبدأ المنطقة بعد عنوان السورة/البسملة
71:2,71,نوح,2,570,236.75,906.5,570,656.5,1023.5,MISASSIGNED_TO_OTHER_AYAH,منسوب إلى علامة آية أخرى,71:3,435.75,0.5,START_ANCHOR_WRONG_OR_MISSING,مرساة البداية خاطئة أو مفقودة,True,True,الموضع المخزن أقرب إلى 71:3
71:3,71,نوح,3,570,656.5,1024.0,570,46.0,1141.0,MISASSIGNED_TO_OTHER_AYAH,منسوب إلى علامة آية أخرى,71:4,621.61,0.5,START_ANCHOR_WRONG_OR_MISSING,مرساة البداية خاطئة أو مفقودة,True,True,الموضع المخزن أقرب إلى 71:4
71:4,71,نوح,4,570,46.5,1141.0,570,400.5,1257.5,MISASSIGNED_TO_OTHER_AYAH,منسوب إلى علامة آية أخرى,71:5,372.68,0.25,START_ANCHOR_WRONG_OR_MISSING,مرساة البداية خاطئة أو مفقودة,True,True,الموضع المخزن أقرب إلى 71:5
71:5,71,نوح,5,570,400.5,1257.75,570,956.0,1375.0,MISASSIGNED_TO_OTHER_AYAH,منسوب إلى علامة آية أخرى,71:6,567.74,0.75,START_ANCHOR_WRONG_OR_MISSING,مرساة البداية خاطئة أو مفقودة,True,True,الموضع المخزن أقرب إلى 71:6
71:6,71,نوح,6,570,956.0,1375.75,570,46.0,1493.0,MISASSIGNED_TO_OTHER_AYAH,منسوب إلى علامة آية أخرى,71:7,917.52,0.35,START_ANCHOR_WRONG_OR_MISSING,مرساة البداية خاطئة أو مفقودة,True,True,الموضع المخزن أقرب إلى 71:7
71:7,71,نوح,7,570,46.25,1493.25,570,609.0,1612.0,MISASSIGNED_TO_OTHER_AYAH,منسوب إلى علامة آية أخرى,71:8,575.14,0.35,START_ANCHOR_WRONG_OR_MISSING,مرساة البداية خاطئة أو مفقودة,True,True,الموضع المخزن أقرب إلى 71:8
71:8,71,نوح,8,570,609.25,1612.25,570,826.5,1730.0,MISASSIGNED_TO_OTHER_AYAH,منسوب إلى علامة آية أخرى,71:9,247.11,0.0,START_ANCHOR_WRONG_OR_MISSING,مرساة البداية خاطئة أو مفقودة,True,True,الموضع المخزن أقرب إلى 71:9
71:9,71,نوح,9,570,826.5,1730.0,570,46.0,1729.5,MISASSIGNED_TO_OTHER_AYAH,منسوب إلى علامة آية أخرى,71:10,780.5,0.56,START_ANCHOR_WRONG_OR_MISSING,مرساة البداية خاطئة أو مفقودة,True,True,الموضع المخزن أقرب إلى 71:10
71:10,71,نوح,10,570,46.5,1729.75,,,,MISSING_REGION,سجل مفقود,,,,START_ANCHOR_WRONG_OR_MISSING,مرساة البداية خاطئة أو مفقودة,True,True,
71:14,71,نوح,14,571,722.5,310.5,571,723.0,310.0,CORRECT,مطابق,71:14,0.71,0.71,START_ANCHOR_OK_EXTRA_BLANK_TAIL_RECT,المرساة صحيحة لكن يوجد مستطيل زائد فوق فراغ قبل السطر التالي,False,True,احذف أول مستطيل الفارغ وابدأ من يمين السطر التالي
71:17,71,نوح,17,571,539.5,547.5,571,540.0,547.0,CORRECT,مطابق,71:17,0.71,0.71,START_ANCHOR_OK_EXTRA_BLANK_TAIL_RECT,المرساة صحيحة لكن يوجد مستطيل زائد فوق فراغ قبل السطر التالي,False,True,احذف أول مستطيل الفارغ وابدأ من يمين السطر التالي
71:25,71,نوح,25,571,843.0,1375.25,571,843.0,1375.0,CORRECT,مطابق,71:25,0.25,0.25,START_ANCHOR_OK_EXTRA_BLANK_TAIL_RECT,المرساة صحيحة لكن يوجد مستطيل زائد فوق فراغ قبل السطر التالي,False,True,احذف أول مستطيل الفارغ وابدأ من يمين السطر التالي
72:1,72,الجن,1,572,972.5,434.25,572,973.0,434.0,CORRECT,مطابق,72:1,0.56,0.56,MULTILINE_SURAH_START_TRUNCATED,بداية سورة متعددة الأسطر؛ الأسطر الأولى غير مشمولة,False,True,المولد الحالي يبدأ من سطر النهاية ويفقد الأسطر السابقة
72:3,72,الجن,3,572,216.5,548.0,572,217.0,547.5,CORRECT,مطابق,72:3,0.71,0.71,START_ANCHOR_OK_EXTRA_BLANK_TAIL_RECT,المرساة صحيحة لكن يوجد مستطيل زائد فوق فراغ قبل السطر التالي,False,True,احذف أول مستطيل الفارغ وابدأ من يمين السطر التالي
72:16,72,الجن,16,573,211.0,320.0,573,211.0,319.5,CORRECT,مطابق,72:16,0.5,0.5,START_ANCHOR_OK_EXTRA_BLANK_TAIL_RECT,المرساة صحيحة لكن يوجد مستطيل زائد فوق فراغ قبل السطر التالي,False,True,احذف أول مستطيل الفارغ وابدأ من يمين السطر التالي
73:4,73,المزمل,4,574,448.5,433.5,574,448.5,433.0,CORRECT,مطابق,73:4,0.5,0.5,START_ANCHOR_OK_EXTRA_BLANK_TAIL_RECT,المرساة صحيحة لكن يوجد مستطيل زائد فوق فراغ قبل السطر التالي,False,True,احذف أول مستطيل الفارغ وابدأ من يمين السطر التالي
73:9,73,المزمل,9,574,192.0,786.75,574,192.0,786.5,CORRECT,مطابق,73:9,0.25,0.25,START_ANCHOR_OK_EXTRA_BLANK_TAIL_RECT,المرساة صحيحة لكن يوجد مستطيل زائد فوق فراغ قبل السطر التالي,False,True,احذف أول مستطيل الفارغ وابدأ من يمين السطر التالي
73:13,73,المزمل,13,574,520.5,1139.5,574,520.5,1139.0,CORRECT,مطابق,73:13,0.5,0.5,START_ANCHOR_OK_EXTRA_BLANK_TAIL_RECT,المرساة صحيحة لكن يوجد مستطيل زائد فوق فراغ قبل السطر التالي,False,True,احذف أول مستطيل الفارغ وابدأ من يمين السطر التالي
73:19,73,المزمل,19,574,49.0,1726.0,574,49.0,1725.5,CORRECT,مطابق,73:19,0.5,0.5,START_ANCHOR_OK_EXTRA_BLANK_TAIL_RECT,المرساة صحيحة لكن يوجد مستطيل زائد فوق فراغ قبل السطر التالي,False,True,احذف أول مستطيل الفارغ وابدأ من يمين السطر التالي
74:1,74,المدثر,1,575,839.0,1140.0,575,839.0,1139.5,CORRECT,مطابق,74:1,0.5,0.5,SURAH_HEADER_GAP_INCLUDED,بداية السورة تضم فاصل العنوان والبسملة ضمن منطقة الآية,False,True,يجب أن تبدأ المنطقة بعد عنوان السورة/البسملة
74:5,74,المدثر,5,575,815.0,1256.75,575,815.0,1256.5,CORRECT,مطابق,74:5,0.25,0.25,START_ANCHOR_OK_EXTRA_BLANK_TAIL_RECT,المرساة صحيحة لكن يوجد مستطيل زائد فوق فراغ قبل السطر التالي,False,True,احذف أول مستطيل الفارغ وابدأ من يمين السطر التالي
74:11,74,المدثر,11,575,650.25,1494.0,575,650.0,1493.5,CORRECT,مطابق,74:11,0.56,0.56,START_ANCHOR_OK_EXTRA_BLANK_TAIL_RECT,المرساة صحيحة لكن يوجد مستطيل زائد فوق فراغ قبل السطر التالي,False,True,احذف أول مستطيل الفارغ وابدأ من يمين السطر التالي
74:18,74,المدثر,18,575,45.0,1728.75,576,811.0,78.5,WRONG_PAGE_MISASSIGNED,صفحة خاطئة ومنسوب إلى علامة آية أخرى,74:19,,2.25,START_ANCHOR_WRONG_OR_MISSING,مرساة البداية خاطئة أو مفقودة,True,True,الموضع المخزن أقرب إلى 74:19
74:19,74,المدثر,19,576,811.0,76.25,576,496.0,78.5,MISASSIGNED_TO_OTHER_AYAH,منسوب إلى علامة آية أخرى,74:20,315.01,2.3,START_ANCHOR_WRONG_OR_MISSING,مرساة البداية خاطئة أو مفقودة,True,True,الموضع المخزن أقرب إلى 74:20
74:20,74,المدثر,20,576,495.5,76.25,576,328.0,78.5,MISASSIGNED_TO_OTHER_AYAH,منسوب إلى علامة آية أخرى,74:21,167.52,2.3,START_ANCHOR_WRONG_OR_MISSING,مرساة البداية خاطئة أو مفقودة,True,True,الموضع المخزن أقرب إلى 74:21
74:21,74,المدثر,21,576,327.5,76.25,576,40.0,78.5,MISASSIGNED_TO_OTHER_AYAH,منسوب إلى علامة آية أخرى,74:22,287.51,2.3,START_ANCHOR_WRONG_OR_MISSING,مرساة البداية خاطئة أو مفقودة,True,True,الموضع المخزن أقرب إلى 74:22
74:22,74,المدثر,22,576,40.5,76.25,576,724.0,193.0,MISASSIGNED_TO_OTHER_AYAH,منسوب إلى علامة آية أخرى,74:23,693.4,0.56,START_ANCHOR_WRONG_OR_MISSING,مرساة البداية خاطئة أو مفقودة,True,True,الموضع المخزن أقرب إلى 74:23
74:23,74,المدثر,23,576,723.75,193.5,576,179.0,193.0,MISASSIGNED_TO_OTHER_AYAH,منسوب إلى علامة آية أخرى,74:24,544.75,0.75,START_ANCHOR_WRONG_OR_MISSING,مرساة البداية خاطئة أو مفقودة,True,True,الموضع المخزن أقرب إلى 74:24
74:24,74,المدثر,24,576,179.0,193.75,576,798.0,311.5,MISASSIGNED_TO_OTHER_AYAH,منسوب إلى علامة آية أخرى,74:25,630.1,0.5,START_ANCHOR_WRONG_OR_MISSING,مرساة البداية خاطئة أو مفقودة,True,True,الموضع المخزن أقرب إلى 74:25
74:25,74,المدثر,25,576,798.0,312.0,576,465.5,311.5,MISASSIGNED_TO_OTHER_AYAH,منسوب إلى علامة آية أخرى,74:26,332.5,0.5,START_ANCHOR_WRONG_OR_MISSING,مرساة البداية خاطئة أو مفقودة,True,True,الموضع المخزن أقرب إلى 74:26
74:26,74,المدثر,26,576,465.5,312.0,576,40.5,311.5,MISASSIGNED_TO_OTHER_AYAH,منسوب إلى علامة آية أخرى,74:27,425.0,0.5,START_ANCHOR_WRONG_OR_MISSING,مرساة البداية خاطئة أو مفقودة,True,True,الموضع المخزن أقرب إلى 74:27
74:27,74,المدثر,27,576,40.5,312.0,576,808.0,429.5,MISASSIGNED_TO_OTHER_AYAH,منسوب إلى علامة آية أخرى,74:28,776.44,0.71,START_ANCHOR_WRONG_OR_MISSING,مرساة البداية خاطئة أو مفقودة,True,True,الموضع المخزن أقرب إلى 74:28
74:28,74,المدثر,28,576,807.5,430.0,576,549.0,429.5,MISASSIGNED_TO_OTHER_AYAH,منسوب إلى علامة آية أخرى,74:29,258.5,0.5,START_ANCHOR_WRONG_OR_MISSING,مرساة البداية خاطئة أو مفقودة,True,True,الموضع المخزن أقرب إلى 74:29
74:29,74,المدثر,29,576,549.0,430.0,576,208.0,429.5,MISASSIGNED_TO_OTHER_AYAH,منسوب إلى علامة آية أخرى,74:30,341.0,0.5,START_ANCHOR_WRONG_OR_MISSING,مرساة البداية خاطئة أو مفقودة,True,True,الموضع المخزن أقرب إلى 74:30
74:30,74,المدثر,30,576,208.0,430.0,576,957.0,1137.0,MISASSIGNED_TO_OTHER_AYAH,منسوب إلى علامة آية أخرى,74:31,1029.98,0.56,START_ANCHOR_WRONG_OR_MISSING,مرساة البداية خاطئة أو مفقودة,True,True,الموضع المخزن أقرب إلى 74:31
74:31,74,المدثر,31,576,956.5,1137.25,576,721.5,1137.0,MISASSIGNED_TO_OTHER_AYAH,منسوب إلى علامة آية أخرى,74:32,235.0,0.25,START_ANCHOR_WRONG_OR_MISSING,مرساة البداية خاطئة أو مفقودة,True,True,الموضع المخزن أقرب إلى 74:32
74:32,74,المدثر,32,576,721.5,1137.25,576,445.5,1137.0,MISASSIGNED_TO_OTHER_AYAH,منسوب إلى علامة آية أخرى,74:33,276.0,0.25,START_ANCHOR_WRONG_OR_MISSING,مرساة البداية خاطئة أو مفقودة,True,True,الموضع المخزن أقرب إلى 74:33
74:33,74,المدثر,33,576,445.5,1137.25,576,108.0,1137.0,MISASSIGNED_TO_OTHER_AYAH,منسوب إلى علامة آية أخرى,74:34,337.5,0.25,START_ANCHOR_WRONG_OR_MISSING,مرساة البداية خاطئة أو مفقودة,True,True,الموضع المخزن أقرب إلى 74:34
74:34,74,المدثر,34,576,108.0,1137.25,576,824.5,1255.0,MISASSIGNED_TO_OTHER_AYAH,منسوب إلى علامة آية أخرى,74:35,726.11,0.25,START_ANCHOR_WRONG_OR_MISSING,مرساة البداية خاطئة أو مفقودة,True,True,الموضع المخزن أقرب إلى 74:35
74:35,74,المدثر,35,576,824.5,1255.25,576,586.0,1255.0,MISASSIGNED_TO_OTHER_AYAH,منسوب إلى علامة آية أخرى,74:36,238.5,0.56,START_ANCHOR_WRONG_OR_MISSING,مرساة البداية خاطئة أو مفقودة,True,True,الموضع المخزن أقرب إلى 74:36
74:36,74,المدثر,36,576,585.5,1255.25,576,40.0,1255.0,MISASSIGNED_TO_OTHER_AYAH,منسوب إلى علامة آية أخرى,74:37,545.5,0.71,START_ANCHOR_WRONG_OR_MISSING,مرساة البداية خاطئة أو مفقودة,True,True,الموضع المخزن أقرب إلى 74:37
74:37,74,المدثر,37,576,40.5,1255.5,576,562.0,1372.5,MISASSIGNED_TO_OTHER_AYAH,منسوب إلى علامة آية أخرى,74:38,534.46,0.56,START_ANCHOR_WRONG_OR_MISSING,مرساة البداية خاطئة أو مفقودة,True,True,الموضع المخزن أقرب إلى 74:38
74:38,74,المدثر,38,576,562.5,1372.75,576,195.0,1372.5,MISASSIGNED_TO_OTHER_AYAH,منسوب إلى علامة آية أخرى,74:39,367.5,0.5,START_ANCHOR_WRONG_OR_MISSING,مرساة البداية خاطئة أو مفقودة,True,True,الموضع المخزن أقرب إلى 74:39
74:39,74,المدثر,39,576,195.0,1373.0,576,883.0,1490.0,MISASSIGNED_TO_OTHER_AYAH,منسوب إلى علامة آية أخرى,74:40,697.88,0.71,START_ANCHOR_WRONG_OR_MISSING,مرساة البداية خاطئة أو مفقودة,True,True,الموضع المخزن أقرب إلى 74:40
74:40,74,المدثر,40,576,882.5,1490.5,576,570.0,1490.0,MISASSIGNED_TO_OTHER_AYAH,منسوب إلى علامة آية أخرى,74:41,312.5,0.75,START_ANCHOR_WRONG_OR_MISSING,مرساة البداية خاطئة أو مفقودة,True,True,الموضع المخزن أقرب إلى 74:41
74:41,74,المدثر,41,576,570.0,1490.75,576,198.5,1490.0,MISASSIGNED_TO_OTHER_AYAH,منسوب إلى علامة آية أخرى,74:42,371.5,0.5,START_ANCHOR_WRONG_OR_MISSING,مرساة البداية خاطئة أو مفقودة,True,True,الموضع المخزن أقرب إلى 74:42
74:42,74,المدثر,42,576,198.5,1490.5,576,824.0,1608.5,MISASSIGNED_TO_OTHER_AYAH,منسوب إلى علامة آية أخرى,74:43,636.53,0.5,START_ANCHOR_WRONG_OR_MISSING,مرساة البداية خاطئة أو مفقودة,True,True,الموضع المخزن أقرب إلى 74:43
74:43,74,المدثر,43,576,824.0,1609.0,576,344.5,1608.5,MISASSIGNED_TO_OTHER_AYAH,منسوب إلى علامة آية أخرى,74:44,479.5,0.25,START_ANCHOR_WRONG_OR_MISSING,مرساة البداية خاطئة أو مفقودة,True,True,الموضع المخزن أقرب إلى 74:44
74:44,74,المدثر,44,576,344.5,1608.75,576,877.5,1726.5,MISASSIGNED_TO_OTHER_AYAH,منسوب إلى علامة آية أخرى,74:45,545.85,0.5,START_ANCHOR_WRONG_OR_MISSING,مرساة البداية خاطئة أو مفقودة,True,True,الموضع المخزن أقرب إلى 74:45
74:45,74,المدثر,45,576,877.5,1727.0,576,414.5,1726.5,MISASSIGNED_TO_OTHER_AYAH,منسوب إلى علامة آية أخرى,74:46,463.0,0.5,START_ANCHOR_WRONG_OR_MISSING,مرساة البداية خاطئة أو مفقودة,True,True,الموضع المخزن أقرب إلى 74:46
74:46,74,المدثر,46,576,414.5,1727.0,576,40.5,1726.5,MISASSIGNED_TO_OTHER_AYAH,منسوب إلى علامة آية أخرى,74:47,374.0,0.25,START_ANCHOR_WRONG_OR_MISSING,مرساة البداية خاطئة أو مفقودة,True,True,الموضع المخزن أقرب إلى 74:47
74:47,74,المدثر,47,576,40.5,1726.75,,,,MISSING_REGION,سجل مفقود,,,,START_ANCHOR_WRONG_OR_MISSING,مرساة البداية خاطئة أو مفقودة,True,True,
74:52,74,المدثر,52,577,167.5,301.25,577,167.0,301.0,CORRECT,مطابق,74:52,0.56,0.56,START_ANCHOR_OK_EXTRA_BLANK_TAIL_RECT,المرساة صحيحة لكن يوجد مستطيل زائد فوق فراغ قبل السطر التالي,False,True,احذف أول مستطيل الفارغ وابدأ من يمين السطر التالي
75:1,75,القيامة,1,577,695.25,896.25,577,695.0,896.0,CORRECT,مطابق,75:1,0.35,0.35,SURAH_HEADER_GAP_INCLUDED,بداية السورة تضم فاصل العنوان والبسملة ضمن منطقة الآية,False,True,يجب أن تبدأ المنطقة بعد عنوان السورة/البسملة
75:15,75,القيامة,15,577,776.5,1601.5,577,776.0,1601.0,CORRECT,مطابق,75:15,0.71,0.71,START_ANCHOR_OK_EXTRA_BLANK_TAIL_RECT,المرساة صحيحة لكن يوجد مستطيل زائد فوق فراغ قبل السطر التالي,False,True,احذف أول مستطيل الفارغ وابدأ من يمين السطر التالي
75:31,75,القيامة,31,578,712.5,548.75,578,712.5,548.0,CORRECT,مطابق,75:31,0.75,0.75,START_ANCHOR_OK_EXTRA_BLANK_TAIL_RECT,المرساة صحيحة لكن يوجد مستطيل زائد فوق فراغ قبل السطر التالي,False,True,احذف أول مستطيل الفارغ وابدأ من يمين السطر التالي
75:38,75,القيامة,38,578,530.5,901.5,578,530.5,901.0,CORRECT,مطابق,75:38,0.5,0.5,START_ANCHOR_OK_EXTRA_BLANK_TAIL_RECT,المرساة صحيحة لكن يوجد مستطيل زائد فوق فراغ قبل السطر التالي,False,True,احذف أول مستطيل الفارغ وابدأ من يمين السطر التالي
76:1,76,الانسان,1,578,205.5,1371.5,578,205.5,1371.0,CORRECT,مطابق,76:1,0.5,0.5,SURAH_HEADER_GAP_INCLUDED,بداية السورة تضم فاصل العنوان والبسملة ضمن منطقة الآية,False,True,يجب أن تبدأ المنطقة بعد عنوان السورة/البسملة
76:15,76,الانسان,15,579,296.5,897.75,579,296.5,897.5,CORRECT,مطابق,76:15,0.25,0.25,START_ANCHOR_OK_EXTRA_BLANK_TAIL_RECT,المرساة صحيحة لكن يوجد مستطيل زائد فوق فراغ قبل السطر التالي,False,True,احذف أول مستطيل الفارغ وابدأ من يمين السطر التالي
76:18,76,الانسان,18,579,805.0,1133.75,579,783.5,1133.0,CENTER_OFFSET,انحراف في مركز العلامة,76:18,21.51,21.51,START_ANCHOR_OK,مرساة البداية مطابقة لعلامة الآية السابقة,True,False,الموضع قريب من العلامة الصحيحة لكنه منحرف أكثر من 8 بكسل
76:19,76,الانسان,19,579,868.75,1252.5,579,869.0,1252.0,CORRECT,مطابق,76:19,0.56,0.56,START_ANCHOR_WRONG_OR_MISSING,مرساة البداية خاطئة أو مفقودة,False,True,
76:23,76,الانسان,23,579,499.5,1603.75,579,500.0,1603.5,CORRECT,مطابق,76:23,0.56,0.56,START_ANCHOR_OK_EXTRA_BLANK_TAIL_RECT,المرساة صحيحة لكن يوجد مستطيل زائد فوق فراغ قبل السطر التالي,False,True,احذف أول مستطيل الفارغ وابدأ من يمين السطر التالي
77:1,77,المرسلات,1,580,781.5,1024.25,580,781.0,1024.0,CORRECT,مطابق,77:1,0.56,0.56,SURAH_HEADER_GAP_INCLUDED,بداية السورة تضم فاصل العنوان والبسملة ضمن منطقة الآية,False,True,يجب أن تبدأ المنطقة بعد عنوان السورة/البسملة
77:4,77,المرسلات,4,580,806.25,1142.25,580,806.0,1142.0,CORRECT,مطابق,77:4,0.35,0.35,START_ANCHOR_OK_EXTRA_BLANK_TAIL_RECT,المرساة صحيحة لكن يوجد مستطيل زائد فوق فراغ قبل السطر التالي,False,True,احذف أول مستطيل الفارغ وابدأ من يمين السطر التالي
77:10,77,المرسلات,10,580,726.0,1378.0,580,726.0,1377.5,CORRECT,مطابق,77:10,0.5,0.5,START_ANCHOR_OK_EXTRA_BLANK_TAIL_RECT,المرساة صحيحة لكن يوجد مستطيل زائد فوق فراغ قبل السطر التالي,False,True,احذف أول مستطيل الفارغ وابدأ من يمين السطر التالي
77:13,77,المرسلات,13,580,828.5,1495.5,580,828.0,1495.0,CORRECT,مطابق,77:13,0.71,0.71,START_ANCHOR_OK_EXTRA_BLANK_TAIL_RECT,المرساة صحيحة لكن يوجد مستطيل زائد فوق فراغ قبل السطر التالي,False,True,احذف أول مستطيل الفارغ وابدأ من يمين السطر التالي
77:18,77,المرسلات,18,580,537.0,1732.0,580,537.0,1731.5,CORRECT,مطابق,77:18,0.5,0.5,START_ANCHOR_OK_EXTRA_BLANK_TAIL_RECT,المرساة صحيحة لكن يوجد مستطيل زائد فوق فراغ قبل السطر التالي,False,True,احذف أول مستطيل الفارغ وابدأ من يمين السطر التالي
77:25,77,المرسلات,25,581,685.0,311.75,581,685.0,311.5,CORRECT,مطابق,77:25,0.25,0.25,START_ANCHOR_OK_EXTRA_BLANK_TAIL_RECT,المرساة صحيحة لكن يوجد مستطيل زائد فوق فراغ قبل السطر التالي,False,True,احذف أول مستطيل الفارغ وابدأ من يمين السطر التالي
77:29,77,المرسلات,29,581,504.75,547.5,581,505.0,547.0,CORRECT,مطابق,77:29,0.56,0.56,START_ANCHOR_OK_EXTRA_BLANK_TAIL_RECT,المرساة صحيحة لكن يوجد مستطيل زائد فوق فراغ قبل السطر التالي,False,True,احذف أول مستطيل الفارغ وابدأ من يمين السطر التالي
77:35,77,المرسلات,35,581,714.5,900.75,581,714.5,900.0,CORRECT,مطابق,77:35,0.75,0.75,START_ANCHOR_OK_EXTRA_BLANK_TAIL_RECT,المرساة صحيحة لكن يوجد مستطيل زائد فوق فراغ قبل السطر التالي,False,True,احذف أول مستطيل الفارغ وابدأ من يمين السطر التالي
77:49,77,المرسلات,49,581,584.5,1724.75,581,584.5,1724.5,CORRECT,مطابق,77:49,0.25,0.25,START_ANCHOR_OK_EXTRA_BLANK_TAIL_RECT,المرساة صحيحة لكن يوجد مستطيل زائد فوق فراغ قبل السطر التالي,False,True,احذف أول مستطيل الفارغ وابدأ من يمين السطر التالي
78:4,78,النبإ,4,582,810.5,433.75,582,810.0,433.5,CORRECT,مطابق,78:4,0.56,0.56,START_ANCHOR_OK_EXTRA_BLANK_TAIL_RECT,المرساة صحيحة لكن يوجد مستطيل زائد فوق فراغ قبل السطر التالي,False,True,احذف أول مستطيل الفارغ وابدأ من يمين السطر التالي
78:7,78,النبإ,7,582,810.0,551.75,582,810.0,551.5,CORRECT,مطابق,78:7,0.25,0.25,START_ANCHOR_OK_EXTRA_BLANK_TAIL_RECT,المرساة صحيحة لكن يوجد مستطيل زائد فوق فراغ قبل السطر التالي,False,True,احذف أول مستطيل الفارغ وابدأ من يمين السطر التالي
78:10,78,النبإ,10,582,679.5,669.5,582,679.0,669.0,CORRECT,مطابق,78:10,0.71,0.71,START_ANCHOR_OK_EXTRA_BLANK_TAIL_RECT,المرساة صحيحة لكن يوجد مستطيل زائد فوق فراغ قبل السطر التالي,False,True,احذف أول مستطيل الفارغ وابدأ من يمين السطر التالي
79:1,79,النازعات,1,583,798.5,1141.5,583,798.5,1141.0,CORRECT,مطابق,79:1,0.5,0.5,SURAH_HEADER_GAP_INCLUDED,بداية السورة تضم فاصل العنوان والبسملة ضمن منطقة الآية,False,True,يجب أن تبدأ المنطقة بعد عنوان السورة/البسملة
79:4,79,النازعات,4,583,775.0,1259.25,583,775.0,1259.0,CORRECT,مطابق,79:4,0.25,0.25,START_ANCHOR_OK_EXTRA_BLANK_TAIL_RECT,المرساة صحيحة لكن يوجد مستطيل زائد فوق فراغ قبل السطر التالي,False,True,احذف أول مستطيل الفارغ وابدأ من يمين السطر التالي
79:7,79,النازعات,7,583,812.0,1376.5,583,812.0,1376.0,CORRECT,مطابق,79:7,0.5,0.5,START_ANCHOR_OK_EXTRA_BLANK_TAIL_RECT,المرساة صحيحة لكن يوجد مستطيل زائد فوق فراغ قبل السطر التالي,False,True,احذف أول مستطيل الفارغ وابدأ من يمين السطر التالي
79:10,79,النازعات,10,583,514.5,1494.0,583,514.0,1494.0,CORRECT,مطابق,79:10,0.5,0.5,START_ANCHOR_OK_EXTRA_BLANK_TAIL_RECT,المرساة صحيحة لكن يوجد مستطيل زائد فوق فراغ قبل السطر التالي,False,True,احذف أول مستطيل الفارغ وابدأ من يمين السطر التالي
79:15,79,النازعات,15,583,640.5,1730.5,583,640.5,1730.0,CORRECT,مطابق,79:15,0.5,0.5,START_ANCHOR_OK_EXTRA_BLANK_TAIL_RECT,المرساة صحيحة لكن يوجد مستطيل زائد فوق فراغ قبل السطر التالي,False,True,احذف أول مستطيل الفارغ وابدأ من يمين السطر التالي
79:16,79,النازعات,16,583,40.5,1730.5,584,557.0,77.5,WRONG_PAGE_MISASSIGNED,صفحة خاطئة ومنسوب إلى علامة آية أخرى,79:17,,3.51,START_ANCHOR_WRONG_OR_MISSING,مرساة البداية خاطئة أو مفقودة,True,True,الموضع المخزن أقرب إلى 79:17
79:17,79,النازعات,17,584,557.25,74.0,584,44.5,77.5,MISASSIGNED_TO_OTHER_AYAH,منسوب إلى علامة آية أخرى,79:18,512.76,3.5,START_ANCHOR_WRONG_OR_MISSING,مرساة البداية خاطئة أو مفقودة,True,True,الموضع المخزن أقرب إلى 79:18
79:18,79,النازعات,18,584,44.5,74.0,584,516.5,192.0,MISASSIGNED_TO_OTHER_AYAH,منسوب إلى علامة آية أخرى,79:19,486.53,0.75,START_ANCHOR_WRONG_OR_MISSING,مرساة البداية خاطئة أو مفقودة,True,True,الموضع المخزن أقرب إلى 79:19
79:19,79,النازعات,19,584,516.5,192.75,584,44.5,192.0,MISASSIGNED_TO_OTHER_AYAH,منسوب إلى علامة آية أخرى,79:20,472.0,0.5,START_ANCHOR_WRONG_OR_MISSING,مرساة البداية خاطئة أو مفقودة,True,True,الموضع المخزن أقرب إلى 79:20
79:20,79,النازعات,20,584,44.5,192.5,584,704.5,310.5,MISASSIGNED_TO_OTHER_AYAH,منسوب إلى علامة آية أخرى,79:21,670.47,0.25,START_ANCHOR_WRONG_OR_MISSING,مرساة البداية خاطئة أو مفقودة,True,True,الموضع المخزن أقرب إلى 79:21
79:21,79,النازعات,21,584,704.5,310.75,584,362.0,310.5,MISASSIGNED_TO_OTHER_AYAH,منسوب إلى علامة آية أخرى,79:22,342.5,0.71,START_ANCHOR_WRONG_OR_MISSING,مرساة البداية خاطئة أو مفقودة,True,True,الموضع المخزن أقرب إلى 79:22
79:22,79,النازعات,22,584,361.5,311.0,584,44.5,310.5,MISASSIGNED_TO_OTHER_AYAH,منسوب إلى علامة آية أخرى,79:23,317.0,0.5,START_ANCHOR_WRONG_OR_MISSING,مرساة البداية خاطئة أو مفقودة,True,True,الموضع المخزن أقرب إلى 79:23
79:23,79,النازعات,23,584,44.5,311.0,584,703.0,429.0,MISASSIGNED_TO_OTHER_AYAH,منسوب إلى علامة آية أخرى,79:24,668.99,0.5,START_ANCHOR_WRONG_OR_MISSING,مرساة البداية خاطئة أو مفقودة,True,True,الموضع المخزن أقرب إلى 79:24
79:24,79,النازعات,24,584,703.0,429.5,584,44.5,429.0,MISASSIGNED_TO_OTHER_AYAH,منسوب إلى علامة آية أخرى,79:25,658.5,0.5,START_ANCHOR_WRONG_OR_MISSING,مرساة البداية خاطئة أو مفقودة,True,True,الموضع المخزن أقرب إلى 79:25
79:25,79,النازعات,25,584,44.5,429.5,584,513.0,547.0,MISASSIGNED_TO_OTHER_AYAH,منسوب إلى علامة آية أخرى,79:26,483.01,0.0,START_ANCHOR_WRONG_OR_MISSING,مرساة البداية خاطئة أو مفقودة,True,True,الموضع المخزن أقرب إلى 79:26
79:26,79,النازعات,26,584,513.0,547.0,584,942.0,665.5,MISASSIGNED_TO_OTHER_AYAH,منسوب إلى علامة آية أخرى,79:27,445.07,0.25,START_ANCHOR_WRONG_OR_MISSING,مرساة البداية خاطئة أو مفقودة,True,True,الموضع المخزن أقرب إلى 79:27
79:27,79,النازعات,27,584,942.0,665.75,584,466.0,665.5,MISASSIGNED_TO_OTHER_AYAH,منسوب إلى علامة آية أخرى,79:28,476.0,0.25,START_ANCHOR_WRONG_OR_MISSING,مرساة البداية خاطئة أو مفقودة,True,True,الموضع المخزن أقرب إلى 79:28
79:28,79,النازعات,28,584,466.0,665.75,584,899.0,784.0,MISASSIGNED_TO_OTHER_AYAH,منسوب إلى علامة آية أخرى,79:29,448.86,0.5,START_ANCHOR_WRONG_OR_MISSING,مرساة البداية خاطئة أو مفقودة,True,True,الموضع المخزن أقرب إلى 79:29
79:29,79,النازعات,29,584,899.0,784.5,584,391.0,784.0,MISASSIGNED_TO_OTHER_AYAH,منسوب إلى علامة آية أخرى,79:30,508.0,0.56,START_ANCHOR_WRONG_OR_MISSING,مرساة البداية خاطئة أو مفقودة,True,True,الموضع المخزن أقرب إلى 79:30
79:30,79,النازعات,30,584,391.25,784.5,584,900.0,902.0,MISASSIGNED_TO_OTHER_AYAH,منسوب إلى علامة آية أخرى,79:31,522.14,0.25,START_ANCHOR_WRONG_OR_MISSING,مرساة البداية خاطئة أو مفقودة,True,True,الموضع المخزن أقرب إلى 79:31
79:31,79,النازعات,31,584,900.0,902.25,584,501.5,902.0,MISASSIGNED_TO_OTHER_AYAH,منسوب إلى علامة آية أخرى,79:32,398.5,0.25,START_ANCHOR_WRONG_OR_MISSING,مرساة البداية خاطئة أو مفقودة,True,True,الموضع المخزن أقرب إلى 79:32
79:32,79,النازعات,32,584,501.5,902.25,584,44.5,902.0,MISASSIGNED_TO_OTHER_AYAH,منسوب إلى علامة آية أخرى,79:33,457.0,0.25,START_ANCHOR_WRONG_OR_MISSING,مرساة البداية خاطئة أو مفقودة,True,True,الموضع المخزن أقرب إلى 79:33
79:33,79,النازعات,33,584,44.5,902.25,584,562.0,1021.0,MISASSIGNED_TO_OTHER_AYAH,منسوب إلى علامة آية أخرى,79:34,530.95,0.56,START_ANCHOR_WRONG_OR_MISSING,مرساة البداية خاطئة أو مفقودة,True,True,الموضع المخزن أقرب إلى 79:34
79:34,79,النازعات,34,584,562.25,1021.5,584,44.5,1021.0,MISASSIGNED_TO_OTHER_AYAH,منسوب إلى علامة آية أخرى,79:35,517.75,0.5,START_ANCHOR_WRONG_OR_MISSING,مرساة البداية خاطئة أو مفقودة,True,True,الموضع المخزن أقرب إلى 79:35
79:35,79,النازعات,35,584,44.5,1021.5,584,609.0,1139.0,MISASSIGNED_TO_OTHER_AYAH,منسوب إلى علامة آية أخرى,79:36,576.6,0.5,START_ANCHOR_WRONG_OR_MISSING,مرساة البداية خاطئة أو مفقودة,True,True,الموضع المخزن أقرب إلى 79:36
79:36,79,النازعات,36,584,609.0,1139.5,584,317.0,1139.0,MISASSIGNED_TO_OTHER_AYAH,منسوب إلى علامة آية أخرى,79:37,292.0,0.5,START_ANCHOR_WRONG_OR_MISSING,مرساة البداية خاطئة أو مفقودة,True,True,الموضع المخزن أقرب إلى 79:37
79:37,79,النازعات,37,584,317.0,1139.5,584,934.5,1257.5,MISASSIGNED_TO_OTHER_AYAH,منسوب إلى علامة آية أخرى,79:38,628.67,0.25,START_ANCHOR_WRONG_OR_MISSING,مرساة البداية خاطئة أو مفقودة,True,True,الموضع المخزن أقرب إلى 79:38
79:38,79,النازعات,38,584,934.5,1257.75,584,434.0,1257.5,MISASSIGNED_TO_OTHER_AYAH,منسوب إلى علامة آية أخرى,79:39,500.5,0.5,START_ANCHOR_WRONG_OR_MISSING,مرساة البداية خاطئة أو مفقودة,True,True,الموضع المخزن أقرب إلى 79:39
79:39,79,النازعات,39,584,434.0,1258.0,584,500.0,1375.0,MISASSIGNED_TO_OTHER_AYAH,منسوب إلى علامة آية أخرى,79:40,134.33,0.5,START_ANCHOR_WRONG_OR_MISSING,مرساة البداية خاطئة أو مفقودة,True,True,الموضع المخزن أقرب إلى 79:40
79:40,79,النازعات,40,584,500.0,1375.5,584,44.5,1375.0,MISASSIGNED_TO_OTHER_AYAH,منسوب إلى علامة آية أخرى,79:41,455.5,0.5,START_ANCHOR_WRONG_OR_MISSING,مرساة البداية خاطئة أو مفقودة,True,True,الموضع المخزن أقرب إلى 79:41
79:41,79,النازعات,41,584,44.5,1375.5,584,286.0,1493.0,MISASSIGNED_TO_OTHER_AYAH,منسوب إلى علامة آية أخرى,79:42,268.57,0.5,START_ANCHOR_WRONG_OR_MISSING,مرساة البداية خاطئة أو مفقودة,True,True,الموضع المخزن أقرب إلى 79:42
79:42,79,النازعات,42,584,286.0,1493.5,584,883.0,1612.0,MISASSIGNED_TO_OTHER_AYAH,منسوب إلى علامة آية أخرى,79:43,608.65,0.35,START_ANCHOR_WRONG_OR_MISSING,مرساة البداية خاطئة أو مفقودة,True,True,الموضع المخزن أقرب إلى 79:43
79:43,79,النازعات,43,584,882.75,1612.25,584,533.0,1612.0,MISASSIGNED_TO_OTHER_AYAH,منسوب إلى علامة آية أخرى,79:44,349.75,0.5,START_ANCHOR_WRONG_OR_MISSING,مرساة البداية خاطئة أو مفقودة,True,True,الموضع المخزن أقرب إلى 79:44
79:44,79,النازعات,44,584,533.0,1612.5,584,44.5,1612.0,MISASSIGNED_TO_OTHER_AYAH,منسوب إلى علامة آية أخرى,79:45,488.5,0.5,START_ANCHOR_WRONG_OR_MISSING,مرساة البداية خاطئة أو مفقودة,True,True,الموضع المخزن أقرب إلى 79:45
79:45,79,النازعات,45,584,44.5,1612.5,584,44.5,1730.0,MISASSIGNED_TO_OTHER_AYAH,منسوب إلى علامة آية أخرى,79:46,117.5,0.5,START_ANCHOR_WRONG_OR_MISSING,مرساة البداية خاطئة أو مفقودة,True,True,الموضع المخزن أقرب إلى 79:46
79:46,79,النازعات,46,584,44.5,1730.5,,,,MISSING_REGION,سجل مفقود,,,,START_ANCHOR_WRONG_OR_MISSING,مرساة البداية خاطئة أو مفقودة,True,True,
80:11,80,عبس,11,585,822.5,670.0,585,822.5,670.0,CORRECT,مطابق,80:11,0.0,0.0,START_ANCHOR_OK_EXTRA_BLANK_TAIL_RECT,المرساة صحيحة لكن يوجد مستطيل زائد فوق فراغ قبل السطر التالي,False,True,احذف أول مستطيل الفارغ وابدأ من يمين السطر التالي
80:21,80,عبس,21,585,794.0,1023.5,585,794.0,1023.0,CORRECT,مطابق,80:21,0.5,0.5,START_ANCHOR_OK_EXTRA_BLANK_TAIL_RECT,المرساة صحيحة لكن يوجد مستطيل زائد فوق فراغ قبل السطر التالي,False,True,احذف أول مستطيل الفارغ وابدأ من يمين السطر التالي
80:24,80,عبس,24,585,624.0,1140.75,585,624.0,1140.5,CORRECT,مطابق,80:24,0.25,0.25,START_ANCHOR_OK_EXTRA_BLANK_TAIL_RECT,المرساة صحيحة لكن يوجد مستطيل زائد فوق فراغ قبل السطر التالي,False,True,احذف أول مستطيل الفارغ وابدأ من يمين السطر التالي
80:30,80,عبس,30,585,858.5,1377.0,585,859.0,1376.5,CORRECT,مطابق,80:30,0.71,0.71,START_ANCHOR_OK_EXTRA_BLANK_TAIL_RECT,المرساة صحيحة لكن يوجد مستطيل زائد فوق فراغ قبل السطر التالي,False,True,احذف أول مستطيل الفارغ وابدأ من يمين السطر التالي
80:41,80,عبس,41,586,733.0,84.5,,,,MISSING_REGION,سجل مفقود,,,,START_ANCHOR_WRONG_OR_MISSING,مرساة البداية خاطئة أو مفقودة,True,True,
80:42,80,عبس,42,586,100.5,84.5,,,,MISSING_REGION,سجل مفقود,,,,START_ANCHOR_WRONG_OR_MISSING,مرساة البداية خاطئة أو مفقودة,True,True,
81:1,81,التكوير,1,586,745.5,438.5,586,733.0,84.0,MISASSIGNED_TO_OTHER_AYAH,منسوب إلى علامة آية أخرى,80:41,354.72,0.5,SURAH_HEADER_GAP_INCLUDED,بداية السورة تضم فاصل العنوان والبسملة ضمن منطقة الآية,True,True,الموضع المخزن أقرب إلى 80:41؛ يجب أن تبدأ المنطقة بعد عنوان السورة/البسملة
81:2,81,التكوير,2,586,307.0,438.75,586,101.0,84.0,MISASSIGNED_TO_OTHER_AYAH,منسوب إلى علامة آية أخرى,80:42,410.22,0.71,START_ANCHOR_WRONG_OR_MISSING,مرساة البداية خاطئة أو مفقودة,True,True,الموضع المخزن أقرب إلى 80:42
81:3,81,التكوير,3,586,926.0,556.25,586,745.0,438.0,MISASSIGNED_TO_OTHER_AYAH,منسوب إلى علامة آية أخرى,81:1,216.2,0.71,START_ANCHOR_WRONG_OR_MISSING,مرساة البداية خاطئة أو مفقودة,True,True,الموضع المخزن أقرب إلى 81:1
81:4,81,التكوير,4,586,508.0,556.0,586,307.0,438.5,MISASSIGNED_TO_OTHER_AYAH,منسوب إلى علامة آية أخرى,81:2,232.82,0.25,START_ANCHOR_WRONG_OR_MISSING,مرساة البداية خاطئة أو مفقودة,True,True,الموضع المخزن أقرب إلى 81:2
81:5,81,التكوير,5,586,42.25,553.75,586,926.0,556.0,MISASSIGNED_TO_OTHER_AYAH,منسوب إلى علامة آية أخرى,81:3,883.75,0.25,START_ANCHOR_WRONG_OR_MISSING,مرساة البداية خاطئة أو مفقودة,True,True,الموضع المخزن أقرب إلى 81:3
81:6,81,التكوير,6,586,711.5,673.5,586,508.0,555.5,MISASSIGNED_TO_OTHER_AYAH,منسوب إلى علامة آية أخرى,81:4,235.24,0.5,START_ANCHOR_WRONG_OR_MISSING,مرساة البداية خاطئة أو مفقودة,True,True,الموضع المخزن أقرب إلى 81:4
81:7,81,التكوير,7,586,280.25,673.5,586,42.0,553.5,MISASSIGNED_TO_OTHER_AYAH,منسوب إلى علامة آية أخرى,81:5,266.76,0.35,START_ANCHOR_WRONG_OR_MISSING,مرساة البداية خاطئة أو مفقودة,True,True,الموضع المخزن أقرب إلى 81:5
81:8,81,التكوير,8,586,910.0,792.5,586,711.5,673.0,MISASSIGNED_TO_OTHER_AYAH,منسوب إلى علامة آية أخرى,81:6,231.69,0.5,START_ANCHOR_WRONG_OR_MISSING,مرساة البداية خاطئة أو مفقودة,True,True,الموضع المخزن أقرب إلى 81:6
81:9,81,التكوير,9,586,515.5,792.5,586,280.0,673.0,MISASSIGNED_TO_OTHER_AYAH,منسوب إلى علامة آية أخرى,81:7,264.08,0.56,START_ANCHOR_WRONG_OR_MISSING,مرساة البداية خاطئة أو مفقودة,True,True,الموضع المخزن أقرب إلى 81:7
81:10,81,التكوير,10,586,42.5,792.5,586,910.0,792.0,MISASSIGNED_TO_OTHER_AYAH,منسوب إلى علامة آية أخرى,81:8,867.5,0.5,START_ANCHOR_WRONG_OR_MISSING,مرساة البداية خاطئة أو مفقودة,True,True,الموضع المخزن أقرب إلى 81:8
81:11,81,التكوير,11,586,692.5,910.75,586,515.5,792.0,MISASSIGNED_TO_OTHER_AYAH,منسوب إلى علامة آية أخرى,81:9,213.14,0.5,START_ANCHOR_WRONG_OR_MISSING,مرساة البداية خاطئة أو مفقودة,True,True,الموضع المخزن أقرب إلى 81:9
81:12,81,التكوير,12,586,255.25,911.0,586,42.0,792.0,MISASSIGNED_TO_OTHER_AYAH,منسوب إلى علامة آية أخرى,81:10,244.21,0.71,START_ANCHOR_WRONG_OR_MISSING,مرساة البداية خاطئة أو مفقودة,True,True,الموضع المخزن أقرب إلى 81:10
81:13,81,التكوير,13,586,934.0,1027.5,586,692.5,910.0,MISASSIGNED_TO_OTHER_AYAH,منسوب إلى علامة آية أخرى,81:11,268.57,0.75,START_ANCHOR_WRONG_OR_MISSING,مرساة البداية خاطئة أو مفقودة,True,True,الموضع المخزن أقرب إلى 81:11
81:14,81,التكوير,14,586,429.5,1028.0,586,255.0,910.5,MISASSIGNED_TO_OTHER_AYAH,منسوب إلى علامة آية أخرى,81:12,210.37,0.56,START_ANCHOR_WRONG_OR_MISSING,مرساة البداية خاطئة أو مفقودة,True,True,الموضع المخزن أقرب إلى 81:12
81:15,81,التكوير,15,586,42.5,1029.25,586,934.0,1027.0,MISASSIGNED_TO_OTHER_AYAH,منسوب إلى علامة آية أخرى,81:13,891.5,0.5,START_ANCHOR_WRONG_OR_MISSING,مرساة البداية خاطئة أو مفقودة,True,True,الموضع المخزن أقرب إلى 81:13
81:16,81,التكوير,16,586,815.5,1146.5,586,429.5,1027.5,MISASSIGNED_TO_OTHER_AYAH,منسوب إلى علامة آية أخرى,81:14,403.93,0.5,START_ANCHOR_WRONG_OR_MISSING,مرساة البداية خاطئة أو مفقودة,True,True,الموضع المخزن أقرب إلى 81:14
81:17,81,التكوير,17,586,434.75,1146.5,586,42.0,1029.0,MISASSIGNED_TO_OTHER_AYAH,منسوب إلى علامة آية أخرى,81:15,409.95,0.56,START_ANCHOR_WRONG_OR_MISSING,مرساة البداية خاطئة أو مفقودة,True,True,الموضع المخزن أقرب إلى 81:15
81:18,81,التكوير,18,586,42.5,1146.5,586,815.5,1146.0,MISASSIGNED_TO_OTHER_AYAH,منسوب إلى علامة آية أخرى,81:16,773.0,0.5,START_ANCHOR_WRONG_OR_MISSING,مرساة البداية خاطئة أو مفقودة,True,True,الموضع المخزن أقرب إلى 81:16
81:19,81,التكوير,19,586,720.0,1264.25,586,435.0,1146.0,MISASSIGNED_TO_OTHER_AYAH,منسوب إلى علامة آية أخرى,81:17,308.56,0.56,START_ANCHOR_WRONG_OR_MISSING,مرساة البداية خاطئة أو مفقودة,True,True,الموضع المخزن أقرب إلى 81:17
81:20,81,التكوير,20,586,185.5,1264.5,586,42.0,1146.0,MISASSIGNED_TO_OTHER_AYAH,منسوب إلى علامة آية أخرى,81:18,186.1,0.71,START_ANCHOR_WRONG_OR_MISSING,مرساة البداية خاطئة أو مفقودة,True,True,الموضع المخزن أقرب إلى 81:18
81:21,81,التكوير,21,586,966.0,1382.25,586,720.0,1264.0,MISASSIGNED_TO_OTHER_AYAH,منسوب إلى علامة آية أخرى,81:19,272.95,0.25,START_ANCHOR_WRONG_OR_MISSING,مرساة البداية خاطئة أو مفقودة,True,True,الموضع المخزن أقرب إلى 81:19
81:22,81,التكوير,22,586,508.0,1382.5,586,185.0,1264.0,MISASSIGNED_TO_OTHER_AYAH,منسوب إلى علامة آية أخرى,81:20,344.05,0.71,START_ANCHOR_WRONG_OR_MISSING,مرساة البداية خاطئة أو مفقودة,True,True,الموضع المخزن أقرب إلى 81:20
81:23,81,التكوير,23,586,42.25,1382.5,586,966.0,1382.0,MISASSIGNED_TO_OTHER_AYAH,منسوب إلى علامة آية أخرى,81:21,923.75,0.25,START_ANCHOR_WRONG_OR_MISSING,مرساة البداية خاطئة أو مفقودة,True,True,الموضع المخزن أقرب إلى 81:21
81:24,81,التكوير,24,586,579.0,1500.25,586,508.0,1382.0,MISASSIGNED_TO_OTHER_AYAH,منسوب إلى علامة آية أخرى,81:22,137.93,0.5,START_ANCHOR_WRONG_OR_MISSING,مرساة البداية خاطئة أو مفقودة,True,True,الموضع المخزن أقرب إلى 81:22
81:25,81,التكوير,25,586,42.25,1500.25,586,42.0,1382.0,MISASSIGNED_TO_OTHER_AYAH,منسوب إلى علامة آية أخرى,81:23,118.25,0.56,START_ANCHOR_WRONG_OR_MISSING,مرساة البداية خاطئة أو مفقودة,True,True,الموضع المخزن أقرب إلى 81:23
81:26,81,التكوير,26,586,821.5,1618.5,586,579.0,1500.0,MISASSIGNED_TO_OTHER_AYAH,منسوب إلى علامة آية أخرى,81:24,269.9,0.25,START_ANCHOR_WRONG_OR_MISSING,مرساة البداية خاطئة أو مفقودة,True,True,الموضع المخزن أقرب إلى 81:24
81:27,81,التكوير,27,586,340.0,1618.5,586,42.0,1500.0,MISASSIGNED_TO_OTHER_AYAH,منسوب إلى علامة آية أخرى,81:25,320.7,0.35,START_ANCHOR_WRONG_OR_MISSING,مرساة البداية خاطئة أو مفقودة,True,True,الموضع المخزن أقرب إلى 81:25
81:28,81,التكوير,28,586,905.5,1736.25,586,822.0,1618.0,MISASSIGNED_TO_OTHER_AYAH,منسوب إلى علامة آية أخرى,81:26,144.76,0.71,START_ANCHOR_WRONG_OR_MISSING,مرساة البداية خاطئة أو مفقودة,True,True,الموضع المخزن أقرب إلى 81:26
81:29,81,التكوير,29,586,42.25,1736.25,586,340.0,1618.0,MISASSIGNED_TO_OTHER_AYAH,منسوب إلى علامة آية أخرى,81:27,320.37,0.5,START_ANCHOR_WRONG_OR_MISSING,مرساة البداية خاطئة أو مفقودة,True,True,الموضع المخزن أقرب إلى 81:27
82:9,82,الإنفطار,9,587,660.0,786.5,587,660.0,786.0,CORRECT,مطابق,82:9,0.5,0.5,START_ANCHOR_OK_EXTRA_BLANK_TAIL_RECT,المرساة صحيحة لكن يوجد مستطيل زائد فوق فراغ قبل السطر التالي,False,True,احذف أول مستطيل الفارغ وابدأ من يمين السطر التالي
83:1,83,المطففين,1,587,747.5,1609.5,587,747.5,1609.0,CORRECT,مطابق,83:1,0.5,0.5,SURAH_HEADER_GAP_INCLUDED,بداية السورة تضم فاصل العنوان والبسملة ضمن منطقة الآية,False,True,يجب أن تبدأ المنطقة بعد عنوان السورة/البسملة
83:3,83,المطففين,3,587,597.75,1727.25,587,598.0,1727.0,CORRECT,مطابق,83:3,0.35,0.35,START_ANCHOR_OK_EXTRA_BLANK_TAIL_RECT,المرساة صحيحة لكن يوجد مستطيل زائد فوق فراغ قبل السطر التالي,False,True,احذف أول مستطيل الفارغ وابدأ من يمين السطر التالي
83:5,83,المطففين,5,588,858.5,75.0,,,,MISSING_REGION,سجل مفقود,,,,START_ANCHOR_WRONG_OR_MISSING,مرساة البداية خاطئة أو مفقودة,True,True,
83:6,83,المطففين,6,588,262.0,77.5,,,,MISSING_REGION,سجل مفقود,,,,START_ANCHOR_WRONG_OR_MISSING,مرساة البداية خاطئة أو مفقودة,True,True,
83:7,83,المطففين,7,588,740.75,195.5,588,858.0,78.0,MISASSIGNED_TO_OTHER_AYAH,منسوب إلى علامة آية أخرى,83:5,165.99,3.04,START_ANCHOR_WRONG_OR_MISSING,مرساة البداية خاطئة أو مفقودة,True,True,الموضع المخزن أقرب إلى 83:5
83:8,83,المطففين,8,588,314.0,195.5,588,262.0,79.0,MISASSIGNED_TO_OTHER_AYAH,منسوب إلى علامة آية أخرى,83:6,127.58,1.5,START_ANCHOR_WRONG_OR_MISSING,مرساة البداية خاطئة أو مفقودة,True,True,الموضع المخزن أقرب إلى 83:6
83:9,83,المطففين,9,588,41.0,195.5,588,741.0,195.0,MISASSIGNED_TO_OTHER_AYAH,منسوب إلى علامة آية أخرى,83:7,700.0,0.56,START_ANCHOR_WRONG_OR_MISSING,مرساة البداية خاطئة أو مفقودة,True,True,الموضع المخزن أقرب إلى 83:7
83:10,83,المطففين,10,588,678.5,313.5,588,314.0,195.0,MISASSIGNED_TO_OTHER_AYAH,منسوب إلى علامة آية أخرى,83:8,383.28,0.5,START_ANCHOR_WRONG_OR_MISSING,مرساة البداية خاطئة أو مفقودة,True,True,الموضع المخزن أقرب إلى 83:8
83:11,83,المطففين,11,588,208.0,313.25,588,41.0,195.0,MISASSIGNED_TO_OTHER_AYAH,منسوب إلى علامة آية أخرى,83:9,204.63,0.5,START_ANCHOR_WRONG_OR_MISSING,مرساة البداية خاطئة أو مفقودة,True,True,الموضع المخزن أقرب إلى 83:9
83:12,83,المطففين,12,588,716.5,430.75,588,678.5,313.0,MISASSIGNED_TO_OTHER_AYAH,منسوب إلى علامة آية أخرى,83:10,123.73,0.5,START_ANCHOR_WRONG_OR_MISSING,مرساة البداية خاطئة أو مفقودة,True,True,الموضع المخزن أقرب إلى 83:10
83:13,83,المطففين,13,588,41.0,430.5,588,208.0,313.0,MISASSIGNED_TO_OTHER_AYAH,منسوب إلى علامة آية أخرى,83:11,204.19,0.25,START_ANCHOR_WRONG_OR_MISSING,مرساة البداية خاطئة أو مفقودة,True,True,الموضع المخزن أقرب إلى 83:11
83:14,83,المطففين,14,588,360.5,549.5,588,716.5,430.0,MISASSIGNED_TO_OTHER_AYAH,منسوب إلى علامة آية أخرى,83:12,375.52,0.75,START_ANCHOR_WRONG_OR_MISSING,مرساة البداية خاطئة أو مفقودة,True,True,الموضع المخزن أقرب إلى 83:12
83:15,83,المطففين,15,588,726.0,667.25,588,41.0,430.0,MISASSIGNED_TO_OTHER_AYAH,منسوب إلى علامة آية أخرى,83:13,724.92,0.5,START_ANCHOR_WRONG_OR_MISSING,مرساة البداية خاطئة أو مفقودة,True,True,الموضع المخزن أقرب إلى 83:13
83:16,83,المطففين,16,588,271.5,667.0,588,361.0,549.0,MISASSIGNED_TO_OTHER_AYAH,منسوب إلى علامة آية أخرى,83:14,148.1,0.71,START_ANCHOR_WRONG_OR_MISSING,مرساة البداية خاطئة أو مفقودة,True,True,الموضع المخزن أقرب إلى 83:14
83:17,83,المطففين,17,588,663.0,784.5,588,726.0,667.0,MISASSIGNED_TO_OTHER_AYAH,منسوب إلى علامة آية أخرى,83:15,133.32,0.25,START_ANCHOR_WRONG_OR_MISSING,مرساة البداية خاطئة أو مفقودة,True,True,الموضع المخزن أقرب إلى 83:15
83:18,83,المطففين,18,588,41.0,784.5,588,271.0,667.0,MISASSIGNED_TO_OTHER_AYAH,منسوب إلى علامة آية أخرى,83:16,258.28,0.5,START_ANCHOR_WRONG_OR_MISSING,مرساة البداية خاطئة أو مفقودة,True,True,الموضع المخزن أقرب إلى 83:16
83:19,83,المطففين,19,588,718.75,902.75,588,663.0,784.0,MISASSIGNED_TO_OTHER_AYAH,منسوب إلى علامة آية أخرى,83:17,131.19,0.5,START_ANCHOR_WRONG_OR_MISSING,مرساة البداية خاطئة أو مفقودة,True,True,الموضع المخزن أقرب إلى 83:17
83:20,83,المطففين,20,588,447.5,903.0,588,41.0,784.0,MISASSIGNED_TO_OTHER_AYAH,منسوب إلى علامة آية أخرى,83:18,423.56,0.5,START_ANCHOR_WRONG_OR_MISSING,مرساة البداية خاطئة أو مفقودة,True,True,الموضع المخزن أقرب إلى 83:18
83:21,83,المطففين,21,588,41.0,903.0,588,719.0,902.5,MISASSIGNED_TO_OTHER_AYAH,منسوب إلى علامة آية أخرى,83:19,678.0,0.35,START_ANCHOR_WRONG_OR_MISSING,مرساة البداية خاطئة أو مفقودة,True,True,الموضع المخزن أقرب إلى 83:19
83:22,83,المطففين,22,588,716.5,1020.75,588,447.0,903.0,MISASSIGNED_TO_OTHER_AYAH,منسوب إلى علامة آية أخرى,83:20,294.1,0.5,START_ANCHOR_WRONG_OR_MISSING,مرساة البداية خاطئة أو مفقودة,True,True,الموضع المخزن أقرب إلى 83:20
83:23,83,المطففين,23,588,214.75,1020.75,588,41.0,902.5,MISASSIGNED_TO_OTHER_AYAH,منسوب إلى علامة آية أخرى,83:21,210.17,0.5,START_ANCHOR_WRONG_OR_MISSING,مرساة البداية خاطئة أو مفقودة,True,True,الموضع المخزن أقرب إلى 83:21
83:24,83,المطففين,24,588,643.25,1139.0,588,716.5,1020.5,MISASSIGNED_TO_OTHER_AYAH,منسوب إلى علامة آية أخرى,83:22,139.31,0.25,START_ANCHOR_WRONG_OR_MISSING,مرساة البداية خاطئة أو مفقودة,True,True,الموضع المخزن أقرب إلى 83:22
83:25,83,المطففين,25,588,179.0,1139.25,588,215.0,1020.5,MISASSIGNED_TO_OTHER_AYAH,منسوب إلى علامة آية أخرى,83:23,124.09,0.35,START_ANCHOR_WRONG_OR_MISSING,مرساة البداية خاطئة أو مفقودة,True,True,الموضع المخزن أقرب إلى 83:23
83:26,83,المطففين,26,588,283.5,1256.5,588,643.0,1138.5,MISASSIGNED_TO_OTHER_AYAH,منسوب إلى علامة آية أخرى,83:24,378.37,0.56,START_ANCHOR_WRONG_OR_MISSING,مرساة البداية خاطئة أو مفقودة,True,True,الموضع المخزن أقرب إلى 83:24
83:27,83,المطففين,27,588,926.0,1374.5,588,179.0,1139.0,MISASSIGNED_TO_OTHER_AYAH,منسوب إلى علامة آية أخرى,83:25,783.24,0.25,START_ANCHOR_WRONG_OR_MISSING,مرساة البداية خاطئة أو مفقودة,True,True,الموضع المخزن أقرب إلى 83:25
83:28,83,المطففين,28,588,417.5,1374.75,588,283.5,1256.0,MISASSIGNED_TO_OTHER_AYAH,منسوب إلى علامة آية أخرى,83:26,179.05,0.5,START_ANCHOR_WRONG_OR_MISSING,مرساة البداية خاطئة أو مفقودة,True,True,الموضع المخزن أقرب إلى 83:26
83:29,83,المطففين,29,588,580.0,1493.0,588,926.0,1374.0,MISASSIGNED_TO_OTHER_AYAH,منسوب إلى علامة آية أخرى,83:27,365.89,0.5,START_ANCHOR_WRONG_OR_MISSING,مرساة البداية خاطئة أو مفقودة,True,True,الموضع المخزن أقرب إلى 83:27
83:30,83,المطففين,30,588,41.0,1492.5,588,417.5,1374.5,MISASSIGNED_TO_OTHER_AYAH,منسوب إلى علامة آية أخرى,83:28,394.56,0.25,START_ANCHOR_WRONG_OR_MISSING,مرساة البداية خاطئة أو مفقودة,True,True,الموضع المخزن أقرب إلى 83:28
83:31,83,المطففين,31,588,332.0,1610.5,588,580.0,1492.5,MISASSIGNED_TO_OTHER_AYAH,منسوب إلى علامة آية أخرى,83:29,274.64,0.5,START_ANCHOR_WRONG_OR_MISSING,مرساة البداية خاطئة أو مفقودة,True,True,الموضع المخزن أقرب إلى 83:29
83:32,83,المطففين,32,588,638.0,1728.75,588,41.0,1492.0,MISASSIGNED_TO_OTHER_AYAH,منسوب إلى علامة آية أخرى,83:30,642.23,0.5,START_ANCHOR_WRONG_OR_MISSING,مرساة البداية خاطئة أو مفقودة,True,True,الموضع المخزن أقرب إلى 83:30
83:33,83,المطففين,33,588,41.0,1728.75,588,332.0,1610.0,MISASSIGNED_TO_OTHER_AYAH,منسوب إلى علامة آية أخرى,83:31,314.3,0.5,START_ANCHOR_WRONG_OR_MISSING,مرساة البداية خاطئة أو مفقودة,True,True,الموضع المخزن أقرب إلى 83:31
83:34,83,المطففين,34,589,120.5,79.0,588,638.0,1728.5,WRONG_PAGE_MISASSIGNED,صفحة خاطئة ومنسوب إلى علامة آية أخرى,83:32,,0.25,START_ANCHOR_WRONG_OR_MISSING,مرساة البداية خاطئة أو مفقودة,True,True,الموضع المخزن أقرب إلى 83:32
83:35,83,المطففين,35,589,732.0,197.5,589,120.5,80.0,MISASSIGNED_TO_OTHER_AYAH,منسوب إلى علامة آية أخرى,83:34,622.69,1.0,START_ANCHOR_WRONG_OR_MISSING,مرساة البداية خاطئة أو مفقودة,True,True,الموضع المخزن أقرب إلى 83:34
83:36,83,المطففين,36,589,41.0,197.5,589,732.0,197.0,MISASSIGNED_TO_OTHER_AYAH,منسوب إلى علامة آية أخرى,83:35,691.0,0.5,START_ANCHOR_WRONG_OR_MISSING,مرساة البداية خاطئة أو مفقودة,True,True,الموضع المخزن أقرب إلى 83:35
84:1,84,الإنشقاق,1,589,767.0,550.5,589,41.0,197.0,MISASSIGNED_TO_OTHER_AYAH,منسوب إلى علامة آية أخرى,83:36,807.49,0.5,SURAH_HEADER_GAP_INCLUDED,بداية السورة تضم فاصل العنوان والبسملة ضمن منطقة الآية,True,True,الموضع المخزن أقرب إلى 83:36؛ يجب أن تبدأ المنطقة بعد عنوان السورة/البسملة
84:2,84,الإنشقاق,2,589,377.5,550.5,589,767.0,550.0,MISASSIGNED_TO_OTHER_AYAH,منسوب إلى علامة آية أخرى,84:1,389.5,0.5,START_ANCHOR_WRONG_OR_MISSING,مرساة البداية خاطئة أو مفقودة,True,True,الموضع المخزن أقرب إلى 84:1
84:3,84,الإنشقاق,3,589,41.0,551.0,589,378.0,550.0,MISASSIGNED_TO_OTHER_AYAH,منسوب إلى علامة آية أخرى,84:2,337.0,0.71,START_ANCHOR_WRONG_OR_MISSING,مرساة البداية خاطئة أو مفقودة,True,True,الموضع المخزن أقرب إلى 84:2
84:4,84,الإنشقاق,4,589,646.0,667.5,589,41.0,550.5,MISASSIGNED_TO_OTHER_AYAH,منسوب إلى علامة آية أخرى,84:3,616.21,0.5,START_ANCHOR_WRONG_OR_MISSING,مرساة البداية خاطئة أو مفقودة,True,True,الموضع المخزن أقرب إلى 84:3
84:5,84,الإنشقاق,5,589,178.5,665.75,589,646.0,667.0,MISASSIGNED_TO_OTHER_AYAH,منسوب إلى علامة آية أخرى,84:4,467.5,0.5,START_ANCHOR_WRONG_OR_MISSING,مرساة البداية خاطئة أو مفقودة,True,True,الموضع المخزن أقرب إلى 84:4
84:6,84,الإنشقاق,6,589,291.5,785.75,589,178.5,665.0,MISASSIGNED_TO_OTHER_AYAH,منسوب إلى علامة آية أخرى,84:5,165.38,0.75,START_ANCHOR_WRONG_OR_MISSING,مرساة البداية خاطئة أو مفقودة,True,True,الموضع المخزن أقرب إلى 84:5
84:7,84,الإنشقاق,7,589,774.0,903.5,589,291.5,785.5,MISASSIGNED_TO_OTHER_AYAH,منسوب إلى علامة آية أخرى,84:6,496.72,0.25,START_ANCHOR_WRONG_OR_MISSING,مرساة البداية خاطئة أو مفقودة,True,True,الموضع المخزن أقرب إلى 84:6
84:8,84,الإنشقاق,8,589,191.5,904.0,589,774.0,903.0,MISASSIGNED_TO_OTHER_AYAH,منسوب إلى علامة آية أخرى,84:7,582.5,0.5,START_ANCHOR_WRONG_OR_MISSING,مرساة البداية خاطئة أو مفقودة,True,True,الموضع المخزن أقرب إلى 84:7
84:9,84,الإنشقاق,9,589,735.0,1021.75,589,192.0,903.5,MISASSIGNED_TO_OTHER_AYAH,منسوب إلى علامة آية أخرى,84:8,555.73,0.71,START_ANCHOR_WRONG_OR_MISSING,مرساة البداية خاطئة أو مفقودة,True,True,الموضع المخزن أقرب إلى 84:8
84:10,84,الإنشقاق,10,589,162.5,1021.5,589,735.0,1021.5,MISASSIGNED_TO_OTHER_AYAH,منسوب إلى علامة آية أخرى,84:9,572.5,0.25,START_ANCHOR_WRONG_OR_MISSING,مرساة البداية خاطئة أو مفقودة,True,True,الموضع المخزن أقرب إلى 84:9
84:11,84,الإنشقاق,11,589,863.5,1139.5,589,162.0,1021.0,MISASSIGNED_TO_OTHER_AYAH,منسوب إلى علامة آية أخرى,84:10,711.44,0.71,START_ANCHOR_WRONG_OR_MISSING,مرساة البداية خاطئة أو مفقودة,True,True,الموضع المخزن أقرب إلى 84:10
84:12,84,الإنشقاق,12,589,552.5,1139.25,589,863.5,1139.0,MISASSIGNED_TO_OTHER_AYAH,منسوب إلى علامة آية أخرى,84:11,311.0,0.5,START_ANCHOR_WRONG_OR_MISSING,مرساة البداية خاطئة أو مفقودة,True,True,الموضع المخزن أقرب إلى 84:11
84:13,84,الإنشقاق,13,589,41.0,1139.25,589,552.5,1139.0,MISASSIGNED_TO_OTHER_AYAH,منسوب إلى علامة آية أخرى,84:12,511.5,0.25,START_ANCHOR_WRONG_OR_MISSING,مرساة البداية خاطئة أو مفقودة,True,True,الموضع المخزن أقرب إلى 84:12
84:14,84,الإنشقاق,14,589,726.5,1257.25,589,41.0,1139.0,MISASSIGNED_TO_OTHER_AYAH,منسوب إلى علامة آية أخرى,84:13,695.62,0.25,START_ANCHOR_WRONG_OR_MISSING,مرساة البداية خاطئة أو مفقودة,True,True,الموضع المخزن أقرب إلى 84:13
84:15,84,الإنشقاق,15,589,217.5,1257.25,589,726.0,1257.0,MISASSIGNED_TO_OTHER_AYAH,منسوب إلى علامة آية أخرى,84:14,508.5,0.56,START_ANCHOR_WRONG_OR_MISSING,مرساة البداية خاطئة أو مفقودة,True,True,الموضع المخزن أقرب إلى 84:14
84:16,84,الإنشقاق,16,589,887.0,1374.75,589,218.0,1257.0,MISASSIGNED_TO_OTHER_AYAH,منسوب إلى علامة آية أخرى,84:15,679.28,0.56,START_ANCHOR_WRONG_OR_MISSING,مرساة البداية خاطئة أو مفقودة,True,True,الموضع المخزن أقرب إلى 84:15
84:17,84,الإنشقاق,17,589,464.5,1375.0,589,887.0,1374.5,MISASSIGNED_TO_OTHER_AYAH,منسوب إلى علامة آية أخرى,84:16,422.5,0.25,START_ANCHOR_WRONG_OR_MISSING,مرساة البداية خاطئة أو مفقودة,True,True,الموضع المخزن أقرب إلى 84:16
84:18,84,الإنشقاق,18,589,41.0,1375.0,589,464.5,1374.5,MISASSIGNED_TO_OTHER_AYAH,منسوب إلى علامة آية أخرى,84:17,423.5,0.5,START_ANCHOR_WRONG_OR_MISSING,مرساة البداية خاطئة أو مفقودة,True,True,الموضع المخزن أقرب إلى 84:17
84:19,84,الإنشقاق,19,589,680.5,1492.5,589,41.0,1374.5,MISASSIGNED_TO_OTHER_AYAH,منسوب إلى علامة آية أخرى,84:18,650.3,0.5,START_ANCHOR_WRONG_OR_MISSING,مرساة البداية خاطئة أو مفقودة,True,True,الموضع المخزن أقرب إلى 84:18
84:20,84,الإنشقاق,20,589,235.0,1492.75,589,680.5,1492.0,MISASSIGNED_TO_OTHER_AYAH,منسوب إلى علامة آية أخرى,84:19,445.5,0.5,START_ANCHOR_WRONG_OR_MISSING,مرساة البداية خاطئة أو مفقودة,True,True,الموضع المخزن أقرب إلى 84:19
84:21,84,الإنشقاق,21,589,511.0,1610.5,589,235.0,1492.0,MISASSIGNED_TO_OTHER_AYAH,منسوب إلى علامة آية أخرى,84:20,300.36,0.75,START_ANCHOR_WRONG_OR_MISSING,مرساة البداية خاطئة أو مفقودة,True,True,الموضع المخزن أقرب إلى 84:20
84:22,84,الإنشقاق,22,589,41.0,1610.5,589,558.0,1606.0,NON_AYAH_SYMBOL_OR_BAD_CENTER,رمز غير علامة آية أو مركز غير صحيح,84:21,517.02,47.21,START_ANCHOR_WRONG_OR_MISSING,مرساة البداية خاطئة أو مفقودة,True,True,
84:23,84,الإنشقاق,23,589,568.5,1728.5,589,511.0,1610.0,MISASSIGNED_TO_OTHER_AYAH,منسوب إلى علامة آية أخرى,84:21,131.71,0.5,START_ANCHOR_WRONG_OR_MISSING,مرساة البداية خاطئة أو مفقودة,True,True,الموضع المخزن أقرب إلى 84:21
84:24,84,الإنشقاق,24,589,41.0,1728.5,589,41.0,1610.0,MISASSIGNED_TO_OTHER_AYAH,منسوب إلى علامة آية أخرى,84:22,118.5,0.5,START_ANCHOR_WRONG_OR_MISSING,مرساة البداية خاطئة أو مفقودة,True,True,الموضع المخزن أقرب إلى 84:22
84:25,84,الإنشقاق,25,590,37.5,70.0,589,568.5,1728.0,WRONG_PAGE_MISASSIGNED,صفحة خاطئة ومنسوب إلى علامة آية أخرى,84:23,,0.5,START_ANCHOR_WRONG_OR_MISSING,مرساة البداية خاطئة أو مفقودة,True,True,الموضع المخزن أقرب إلى 84:23
85:1,85,البروج,1,590,716.5,421.75,590,37.0,75.5,MISASSIGNED_TO_OTHER_AYAH,منسوب إلى علامة آية أخرى,84:25,762.63,5.52,SURAH_HEADER_GAP_INCLUDED,بداية السورة تضم فاصل العنوان والبسملة ضمن منطقة الآية,True,True,الموضع المخزن أقرب إلى 84:25؛ يجب أن تبدأ المنطقة بعد عنوان السورة/البسملة
85:2,85,البروج,2,590,401.5,422.5,590,716.5,421.5,MISASSIGNED_TO_OTHER_AYAH,منسوب إلى علامة آية أخرى,85:1,315.0,0.25,START_ANCHOR_WRONG_OR_MISSING,مرساة البداية خاطئة أو مفقودة,True,True,الموضع المخزن أقرب إلى 85:1
85:3,85,البروج,3,590,37.0,423.25,590,401.5,422.0,MISASSIGNED_TO_OTHER_AYAH,منسوب إلى علامة آية أخرى,85:2,364.5,0.5,START_ANCHOR_WRONG_OR_MISSING,مرساة البداية خاطئة أو مفقودة,True,True,الموضع المخزن أقرب إلى 85:2
85:4,85,البروج,4,590,643.0,541.25,590,37.0,423.0,MISASSIGNED_TO_OTHER_AYAH,منسوب إلى علامة آية أخرى,85:3,617.43,0.25,START_ANCHOR_WRONG_OR_MISSING,مرساة البداية خاطئة أو مفقودة,True,True,الموضع المخزن أقرب إلى 85:3
85:5,85,البروج,5,590,275.5,543.5,590,643.0,541.0,MISASSIGNED_TO_OTHER_AYAH,منسوب إلى علامة آية أخرى,85:4,367.51,0.25,START_ANCHOR_WRONG_OR_MISSING,مرساة البداية خاطئة أو مفقودة,True,True,الموضع المخزن أقرب إلى 85:4
85:6,85,البروج,6,590,966.5,656.75,590,275.5,543.0,MISASSIGNED_TO_OTHER_AYAH,منسوب إلى علامة آية أخرى,85:5,700.3,0.5,START_ANCHOR_WRONG_OR_MISSING,مرساة البداية خاطئة أو مفقودة,True,True,الموضع المخزن أقرب إلى 85:5
85:7,85,البروج,7,590,238.5,657.0,590,966.5,656.5,MISASSIGNED_TO_OTHER_AYAH,منسوب إلى علامة آية أخرى,85:6,728.0,0.25,START_ANCHOR_WRONG_OR_MISSING,مرساة البداية خاطئة أو مفقودة,True,True,الموضع المخزن أقرب إلى 85:6
85:8,85,البروج,8,590,297.25,776.0,590,238.5,656.5,MISASSIGNED_TO_OTHER_AYAH,منسوب إلى علامة آية أخرى,85:7,133.16,0.5,START_ANCHOR_WRONG_OR_MISSING,مرساة البداية خاطئة أو مفقودة,True,True,الموضع المخزن أقرب إلى 85:7
85:9,85,البروج,9,590,227.5,893.5,590,297.0,775.5,MISASSIGNED_TO_OTHER_AYAH,منسوب إلى علامة آية أخرى,85:8,136.95,0.56,START_ANCHOR_WRONG_OR_MISSING,مرساة البداية خاطئة أو مفقودة,True,True,الموضع المخزن أقرب إلى 85:8
85:10,85,البروج,10,590,808.0,1128.75,590,227.5,893.0,MISASSIGNED_TO_OTHER_AYAH,منسوب إلى علامة آية أخرى,85:9,626.54,0.5,START_ANCHOR_WRONG_OR_MISSING,مرساة البداية خاطئة أو مفقودة,True,True,الموضع المخزن أقرب إلى 85:9
85:11,85,البروج,11,590,217.5,1247.75,590,808.0,1128.5,MISASSIGNED_TO_OTHER_AYAH,منسوب إلى علامة آية أخرى,85:10,602.42,0.25,START_ANCHOR_WRONG_OR_MISSING,مرساة البداية خاطئة أو مفقودة,True,True,الموضع المخزن أقرب إلى 85:10
85:12,85,البروج,12,590,835.5,1364.5,590,217.5,1247.5,MISASSIGNED_TO_OTHER_AYAH,منسوب إلى علامة آية أخرى,85:11,628.98,0.25,START_ANCHOR_WRONG_OR_MISSING,مرساة البداية خاطئة أو مفقودة,True,True,الموضع المخزن أقرب إلى 85:11
85:13,85,البروج,13,590,421.0,1364.5,590,836.0,1364.0,MISASSIGNED_TO_OTHER_AYAH,منسوب إلى علامة آية أخرى,85:12,415.0,0.71,START_ANCHOR_WRONG_OR_MISSING,مرساة البداية خاطئة أو مفقودة,True,True,الموضع المخزن أقرب إلى 85:12
85:14,85,البروج,14,590,38.0,1364.5,590,421.0,1364.0,MISASSIGNED_TO_OTHER_AYAH,منسوب إلى علامة آية أخرى,85:13,383.0,0.5,START_ANCHOR_WRONG_OR_MISSING,مرساة البداية خاطئة أو مفقودة,True,True,الموضع المخزن أقرب إلى 85:13
85:15,85,البروج,15,590,713.5,1483.25,590,38.0,1364.0,MISASSIGNED_TO_OTHER_AYAH,منسوب إلى علامة آية أخرى,85:14,685.95,0.5,START_ANCHOR_WRONG_OR_MISSING,مرساة البداية خاطئة أو مفقودة,True,True,الموضع المخزن أقرب إلى 85:14
85:16,85,البروج,16,590,363.5,1483.25,590,714.0,1483.0,MISASSIGNED_TO_OTHER_AYAH,منسوب إلى علامة آية أخرى,85:15,350.5,0.56,START_ANCHOR_WRONG_OR_MISSING,مرساة البداية خاطئة أو مفقودة,True,True,الموضع المخزن أقرب إلى 85:15
85:17,85,البروج,17,590,946.0,1603.5,590,363.0,1483.0,MISASSIGNED_TO_OTHER_AYAH,منسوب إلى علامة آية أخرى,85:16,595.32,0.56,START_ANCHOR_WRONG_OR_MISSING,مرساة البداية خاطئة أو مفقودة,True,True,الموضع المخزن أقرب إلى 85:16
85:18,85,البروج,18,590,652.5,1603.75,590,946.0,1603.0,MISASSIGNED_TO_OTHER_AYAH,منسوب إلى علامة آية أخرى,85:17,293.5,0.5,START_ANCHOR_WRONG_OR_MISSING,مرساة البداية خاطئة أو مفقودة,True,True,الموضع المخزن أقرب إلى 85:17
85:19,85,البروج,19,590,137.75,1602.5,590,652.5,1603.0,MISASSIGNED_TO_OTHER_AYAH,منسوب إلى علامة آية أخرى,85:18,514.75,0.75,START_ANCHOR_WRONG_OR_MISSING,مرساة البداية خاطئة أو مفقودة,True,True,الموضع المخزن أقرب إلى 85:18
85:20,85,البروج,20,590,760.5,1723.5,590,138.0,1602.0,MISASSIGNED_TO_OTHER_AYAH,منسوب إلى علامة آية أخرى,85:19,634.25,0.56,START_ANCHOR_WRONG_OR_MISSING,مرساة البداية خاطئة أو مفقودة,True,True,الموضع المخزن أقرب إلى 85:19
85:21,85,البروج,21,590,383.0,1723.5,590,760.0,1723.0,MISASSIGNED_TO_OTHER_AYAH,منسوب إلى علامة آية أخرى,85:20,377.0,0.71,START_ANCHOR_WRONG_OR_MISSING,مرساة البداية خاطئة أو مفقودة,True,True,الموضع المخزن أقرب إلى 85:20
85:22,85,البروج,22,590,37.0,1721.75,590,383.0,1723.0,MISASSIGNED_TO_OTHER_AYAH,منسوب إلى علامة آية أخرى,85:21,346.0,0.5,START_ANCHOR_WRONG_OR_MISSING,مرساة البداية خاطئة أو مفقودة,True,True,الموضع المخزن أقرب إلى 85:21
86:4,86,الطارق,4,591,521.5,434.25,591,522.0,434.0,CORRECT,مطابق,86:4,0.56,0.56,START_ANCHOR_OK_EXTRA_BLANK_TAIL_RECT,المرساة صحيحة لكن يوجد مستطيل زائد فوق فراغ قبل السطر التالي,False,True,احذف أول مستطيل الفارغ وابدأ من يمين السطر التالي
86:6,86,الطارق,6,591,740.75,550.75,591,741.0,550.5,CORRECT,مطابق,86:6,0.35,0.35,START_ANCHOR_OK_EXTRA_BLANK_TAIL_RECT,المرساة صحيحة لكن يوجد مستطيل زائد فوق فراغ قبل السطر التالي,False,True,احذف أول مستطيل الفارغ وابدأ من يمين السطر التالي
86:13,86,الطارق,13,591,787.25,903.25,591,787.0,903.0,CORRECT,مطابق,86:13,0.35,0.35,START_ANCHOR_OK_EXTRA_BLANK_TAIL_RECT,المرساة صحيحة لكن يوجد مستطيل زائد فوق فراغ قبل السطر التالي,False,True,احذف أول مستطيل الفارغ وابدأ من يمين السطر التالي
86:16,86,الطارق,16,591,778.25,1020.75,591,778.0,1020.5,CORRECT,مطابق,86:16,0.35,0.35,START_ANCHOR_OK_EXTRA_BLANK_TAIL_RECT,المرساة صحيحة لكن يوجد مستطيل زائد فوق فراغ قبل السطر التالي,False,True,احذف أول مستطيل الفارغ وابدأ من يمين السطر التالي
87:1,87,الأعلى,1,591,637.5,1372.5,591,637.5,1372.0,CORRECT,مطابق,87:1,0.5,0.5,SURAH_HEADER_GAP_INCLUDED,بداية السورة تضم فاصل العنوان والبسملة ضمن منطقة الآية,False,True,يجب أن تبدأ المنطقة بعد عنوان السورة/البسملة
87:6,87,الأعلى,6,591,746.0,1606.75,591,746.0,1606.0,CORRECT,مطابق,87:6,0.75,0.75,START_ANCHOR_OK_EXTRA_BLANK_TAIL_RECT,المرساة صحيحة لكن يوجد مستطيل زائد فوق فراغ قبل السطر التالي,False,True,احذف أول مستطيل الفارغ وابدأ من يمين السطر التالي
87:8,87,الأعلى,8,591,790.5,1724.5,591,790.5,1724.0,CORRECT,مطابق,87:8,0.5,0.5,START_ANCHOR_OK_EXTRA_BLANK_TAIL_RECT,المرساة صحيحة لكن يوجد مستطيل زائد فوق فراغ قبل السطر التالي,False,True,احذف أول مستطيل الفارغ وابدأ من يمين السطر التالي
87:11,87,الأعلى,11,592,749.5,71.25,,,,MISSING_REGION,سجل مفقود,,,,START_ANCHOR_WRONG_OR_MISSING,مرساة البداية خاطئة أو مفقودة,True,True,
87:12,87,الأعلى,12,592,251.5,71.75,,,,MISSING_REGION,سجل مفقود,,,,START_ANCHOR_WRONG_OR_MISSING,مرساة البداية خاطئة أو مفقودة,True,True,
87:13,87,الأعلى,13,592,821.0,189.5,,,,MISSING_REGION,سجل مفقود,,,,START_ANCHOR_WRONG_OR_MISSING,مرساة البداية خاطئة أو مفقودة,True,True,
87:14,87,الأعلى,14,592,477.5,189.5,,,,MISSING_REGION,سجل مفقود,,,,START_ANCHOR_WRONG_OR_MISSING,مرساة البداية خاطئة أو مفقودة,True,True,
87:15,87,الأعلى,15,592,39.5,189.5,,,,MISSING_REGION,سجل مفقود,,,,START_ANCHOR_WRONG_OR_MISSING,مرساة البداية خاطئة أو مفقودة,True,True,
87:16,87,الأعلى,16,592,587.5,307.25,592,749.0,76.0,MISASSIGNED_TO_OTHER_AYAH,منسوب إلى علامة آية أخرى,87:11,282.06,4.78,START_ANCHOR_WRONG_OR_MISSING,مرساة البداية خاطئة أو مفقودة,True,True,الموضع المخزن أقرب إلى 87:11
87:17,87,الأعلى,17,592,101.5,307.25,592,251.5,76.0,MISASSIGNED_TO_OTHER_AYAH,منسوب إلى علامة آية أخرى,87:12,275.64,4.25,START_ANCHOR_WRONG_OR_MISSING,مرساة البداية خاطئة أو مفقودة,True,True,الموضع المخزن أقرب إلى 87:12
87:18,87,الأعلى,18,592,571.5,425.0,592,821.0,189.0,MISASSIGNED_TO_OTHER_AYAH,منسوب إلى علامة آية أخرى,87:13,343.43,0.5,START_ANCHOR_WRONG_OR_MISSING,مرساة البداية خاطئة أو مفقودة,True,True,الموضع المخزن أقرب إلى 87:13
87:19,87,الأعلى,19,592,40.5,424.75,592,477.5,189.0,MISASSIGNED_TO_OTHER_AYAH,منسوب إلى علامة آية أخرى,87:14,496.54,0.5,START_ANCHOR_WRONG_OR_MISSING,مرساة البداية خاطئة أو مفقودة,True,True,الموضع المخزن أقرب إلى 87:14
88:1,88,الغاشية,1,592,604.0,778.25,592,40.0,189.0,MISASSIGNED_TO_OTHER_AYAH,منسوب إلى علامة آية أخرى,87:15,815.67,0.71,SURAH_HEADER_GAP_INCLUDED,بداية السورة تضم فاصل العنوان والبسملة ضمن منطقة الآية,True,True,الموضع المخزن أقرب إلى 87:15؛ يجب أن تبدأ المنطقة بعد عنوان السورة/البسملة
88:2,88,الغاشية,2,592,165.5,778.5,592,587.0,307.0,MISASSIGNED_TO_OTHER_AYAH,منسوب إلى علامة آية أخرى,87:16,632.44,0.56,START_ANCHOR_WRONG_OR_MISSING,مرساة البداية خاطئة أو مفقودة,True,True,الموضع المخزن أقرب إلى 87:16
88:3,88,الغاشية,3,592,927.75,895.25,592,102.0,307.0,MISASSIGNED_TO_OTHER_AYAH,منسوب إلى علامة آية أخرى,87:17,1013.85,0.56,START_ANCHOR_WRONG_OR_MISSING,مرساة البداية خاطئة أو مفقودة,True,True,الموضع المخزن أقرب إلى 87:17
88:4,88,الغاشية,4,592,574.5,895.0,592,571.5,425.0,MISASSIGNED_TO_OTHER_AYAH,منسوب إلى علامة آية أخرى,87:18,470.01,0.0,START_ANCHOR_WRONG_OR_MISSING,مرساة البداية خاطئة أو مفقودة,True,True,الموضع المخزن أقرب إلى 87:18
88:5,88,الغاشية,5,592,151.25,892.75,592,40.0,424.5,MISASSIGNED_TO_OTHER_AYAH,منسوب إلى علامة آية أخرى,87:19,481.28,0.56,START_ANCHOR_WRONG_OR_MISSING,مرساة البداية خاطئة أو مفقودة,True,True,الموضع المخزن أقرب إلى 87:19
88:6,88,الغاشية,6,592,651.0,1014.5,592,604.0,778.0,MISASSIGNED_TO_OTHER_AYAH,منسوب إلى علامة آية أخرى,88:1,241.12,0.25,START_ANCHOR_WRONG_OR_MISSING,مرساة البداية خاطئة أو مفقودة,True,True,الموضع المخزن أقرب إلى 88:1
88:7,88,الغاشية,7,592,160.5,1014.5,592,165.0,778.0,MISASSIGNED_TO_OTHER_AYAH,منسوب إلى علامة آية أخرى,88:2,236.54,0.71,START_ANCHOR_WRONG_OR_MISSING,مرساة البداية خاطئة أو مفقودة,True,True,الموضع المخزن أقرب إلى 88:2
88:8,88,الغاشية,8,592,815.0,1131.5,592,928.0,895.0,MISASSIGNED_TO_OTHER_AYAH,منسوب إلى علامة آية أخرى,88:3,262.11,0.35,START_ANCHOR_WRONG_OR_MISSING,مرساة البداية خاطئة أو مفقودة,True,True,الموضع المخزن أقرب إلى 88:3
88:9,88,الغاشية,9,592,494.5,1131.5,592,575.0,894.5,MISASSIGNED_TO_OTHER_AYAH,منسوب إلى علامة آية أخرى,88:4,250.3,0.71,START_ANCHOR_WRONG_OR_MISSING,مرساة البداية خاطئة أو مفقودة,True,True,الموضع المخزن أقرب إلى 88:4
88:10,88,الغاشية,10,592,193.5,1131.5,592,151.0,892.5,MISASSIGNED_TO_OTHER_AYAH,منسوب إلى علامة آية أخرى,88:5,242.75,0.35,START_ANCHOR_WRONG_OR_MISSING,مرساة البداية خاطئة أو مفقودة,True,True,الموضع المخزن أقرب إلى 88:5
88:11,88,الغاشية,11,592,902.0,1249.5,592,651.0,1014.0,MISASSIGNED_TO_OTHER_AYAH,منسوب إلى علامة آية أخرى,88:6,344.18,0.5,START_ANCHOR_WRONG_OR_MISSING,مرساة البداية خاطئة أو مفقودة,True,True,الموضع المخزن أقرب إلى 88:6
88:12,88,الغاشية,12,592,580.0,1249.5,592,160.5,1014.0,MISASSIGNED_TO_OTHER_AYAH,منسوب إلى علامة آية أخرى,88:7,481.08,0.5,START_ANCHOR_WRONG_OR_MISSING,مرساة البداية خاطئة أو مفقودة,True,True,الموضع المخزن أقرب إلى 88:7
88:13,88,الغاشية,13,592,221.5,1249.5,592,815.0,1131.0,MISASSIGNED_TO_OTHER_AYAH,منسوب إلى علامة آية أخرى,88:8,605.21,0.5,START_ANCHOR_WRONG_OR_MISSING,مرساة البداية خاطئة أو مفقودة,True,True,الموضع المخزن أقرب إلى 88:8
88:14,88,الغاشية,14,592,902.5,1366.25,592,494.5,1131.0,MISASSIGNED_TO_OTHER_AYAH,منسوب إلى علامة آية أخرى,88:9,470.96,0.5,START_ANCHOR_WRONG_OR_MISSING,مرساة البداية خاطئة أو مفقودة,True,True,الموضع المخزن أقرب إلى 88:9
88:15,88,الغاشية,15,592,553.0,1366.5,592,193.5,1131.0,MISASSIGNED_TO_OTHER_AYAH,منسوب إلى علامة آية أخرى,88:10,429.77,0.5,START_ANCHOR_WRONG_OR_MISSING,مرساة البداية خاطئة أو مفقودة,True,True,الموضع المخزن أقرب إلى 88:10
88:16,88,الغاشية,16,592,250.5,1366.25,592,902.0,1249.0,MISASSIGNED_TO_OTHER_AYAH,منسوب إلى علامة آية أخرى,88:11,661.97,0.5,START_ANCHOR_WRONG_OR_MISSING,مرساة البداية خاطئة أو مفقودة,True,True,الموضع المخزن أقرب إلى 88:11
88:17,88,الغاشية,17,592,683.5,1484.75,592,580.0,1249.0,MISASSIGNED_TO_OTHER_AYAH,منسوب إلى علامة آية أخرى,88:12,257.47,0.5,START_ANCHOR_WRONG_OR_MISSING,مرساة البداية خاطئة أو مفقودة,True,True,الموضع المخزن أقرب إلى 88:12
88:18,88,الغاشية,18,592,125.5,1485.0,592,221.0,1249.0,MISASSIGNED_TO_OTHER_AYAH,منسوب إلى علامة آية أخرى,88:13,254.59,0.71,START_ANCHOR_WRONG_OR_MISSING,مرساة البداية خاطئة أو مفقودة,True,True,الموضع المخزن أقرب إلى 88:13
88:19,88,الغاشية,19,592,699.5,1602.5,592,903.0,1366.0,MISASSIGNED_TO_OTHER_AYAH,منسوب إلى علامة آية أخرى,88:14,312.0,0.56,START_ANCHOR_WRONG_OR_MISSING,مرساة البداية خاطئة أو مفقودة,True,True,الموضع المخزن أقرب إلى 88:14
88:20,88,الغاشية,20,592,40.0,1602.75,592,553.0,1366.0,MISASSIGNED_TO_OTHER_AYAH,منسوب إلى علامة آية أخرى,88:15,565.0,0.5,START_ANCHOR_WRONG_OR_MISSING,مرساة البداية خاطئة أو مفقودة,True,True,الموضع المخزن أقرب إلى 88:15
88:21,88,الغاشية,21,592,570.5,1720.75,592,250.0,1366.0,MISASSIGNED_TO_OTHER_AYAH,منسوب إلى علامة آية أخرى,88:16,478.09,0.56,START_ANCHOR_WRONG_OR_MISSING,مرساة البداية خاطئة أو مفقودة,True,True,الموضع المخزن أقرب إلى 88:16
88:22,88,الغاشية,22,592,39.0,1720.75,592,683.5,1484.0,MISASSIGNED_TO_OTHER_AYAH,منسوب إلى علامة آية أخرى,88:17,686.61,0.75,START_ANCHOR_WRONG_OR_MISSING,مرساة البداية خاطئة أو مفقودة,True,True,الموضع المخزن أقرب إلى 88:17
88:23,88,الغاشية,23,593,687.0,81.5,592,125.5,1484.5,WRONG_PAGE_MISASSIGNED,صفحة خاطئة ومنسوب إلى علامة آية أخرى,88:18,,0.5,START_ANCHOR_WRONG_OR_MISSING,مرساة البداية خاطئة أو مفقودة,True,True,الموضع المخزن أقرب إلى 88:18
88:24,88,الغاشية,24,593,40.0,81.25,592,699.5,1602.0,WRONG_PAGE_MISASSIGNED,صفحة خاطئة ومنسوب إلى علامة آية أخرى,88:19,,0.5,START_ANCHOR_WRONG_OR_MISSING,مرساة البداية خاطئة أو مفقودة,True,True,الموضع المخزن أقرب إلى 88:19
88:25,88,الغاشية,25,593,628.0,200.0,592,40.0,1602.0,WRONG_PAGE_MISASSIGNED,صفحة خاطئة ومنسوب إلى علامة آية أخرى,88:20,,0.75,START_ANCHOR_WRONG_OR_MISSING,مرساة البداية خاطئة أو مفقودة,True,True,الموضع المخزن أقرب إلى 88:20
88:26,88,الغاشية,26,593,131.5,199.75,592,570.5,1720.5,WRONG_PAGE_MISASSIGNED,صفحة خاطئة ومنسوب إلى علامة آية أخرى,88:21,,0.25,START_ANCHOR_WRONG_OR_MISSING,مرساة البداية خاطئة أو مفقودة,True,True,الموضع المخزن أقرب إلى 88:21
89:1,89,الفجر,1,593,923.5,554.0,593,687.0,81.0,MISASSIGNED_TO_OTHER_AYAH,منسوب إلى علامة آية أخرى,88:23,528.83,0.5,SURAH_HEADER_GAP_INCLUDED,بداية السورة تضم فاصل العنوان والبسملة ضمن منطقة الآية,True,True,الموضع المخزن أقرب إلى 88:23؛ يجب أن تبدأ المنطقة بعد عنوان السورة/البسملة
89:2,89,الفجر,2,593,662.5,554.0,593,40.0,81.0,MISASSIGNED_TO_OTHER_AYAH,منسوب إلى علامة آية أخرى,88:24,781.82,0.25,START_ANCHOR_WRONG_OR_MISSING,مرساة البداية خاطئة أو مفقودة,True,True,الموضع المخزن أقرب إلى 88:24
89:3,89,الفجر,3,593,348.5,554.0,593,628.0,199.5,MISASSIGNED_TO_OTHER_AYAH,منسوب إلى علامة آية أخرى,88:25,451.43,0.5,START_ANCHOR_WRONG_OR_MISSING,مرساة البداية خاطئة أو مفقودة,True,True,الموضع المخزن أقرب إلى 88:25
89:4,89,الفجر,4,593,40.0,554.0,593,923.5,553.5,MISASSIGNED_TO_OTHER_AYAH,منسوب إلى علامة آية أخرى,89:1,883.5,0.5,START_ANCHOR_WRONG_OR_MISSING,مرساة البداية خاطئة أو مفقودة,True,True,الموضع المخزن أقرب إلى 89:1
89:5,89,الفجر,5,593,544.0,669.75,593,663.0,553.5,MISASSIGNED_TO_OTHER_AYAH,منسوب إلى علامة آية أخرى,89:2,166.36,0.71,START_ANCHOR_WRONG_OR_MISSING,مرساة البداية خاطئة أو مفقودة,True,True,الموضع المخزن أقرب إلى 89:2
89:6,89,الفجر,6,593,40.0,672.0,593,348.5,553.5,MISASSIGNED_TO_OTHER_AYAH,منسوب إلى علامة آية أخرى,89:3,330.48,0.5,START_ANCHOR_WRONG_OR_MISSING,مرساة البداية خاطئة أو مفقودة,True,True,الموضع المخزن أقرب إلى 89:3
89:7,89,الفجر,7,593,775.5,790.0,593,40.0,553.5,MISASSIGNED_TO_OTHER_AYAH,منسوب إلى علامة آية أخرى,89:4,772.59,0.5,START_ANCHOR_WRONG_OR_MISSING,مرساة البداية خاطئة أو مفقودة,True,True,الموضع المخزن أقرب إلى 89:4
89:8,89,الفجر,8,593,244.5,790.5,593,544.0,669.0,MISASSIGNED_TO_OTHER_AYAH,منسوب إلى علامة آية أخرى,89:5,323.21,0.75,START_ANCHOR_WRONG_OR_MISSING,مرساة البداية خاطئة أو مفقودة,True,True,الموضع المخزن أقرب إلى 89:5
89:9,89,الفجر,9,593,718.5,908.5,593,40.0,671.5,MISASSIGNED_TO_OTHER_AYAH,منسوب إلى علامة آية أخرى,89:6,718.7,0.5,START_ANCHOR_WRONG_OR_MISSING,مرساة البداية خاطئة أو مفقودة,True,True,الموضع المخزن أقرب إلى 89:6
89:10,89,الفجر,10,593,294.0,908.5,593,775.0,790.0,MISASSIGNED_TO_OTHER_AYAH,منسوب إلى علامة آية أخرى,89:7,495.38,0.5,START_ANCHOR_WRONG_OR_MISSING,مرساة البداية خاطئة أو مفقودة,True,True,الموضع المخزن أقرب إلى 89:7
89:11,89,الفجر,11,593,950.5,1027.0,593,245.0,790.0,MISASSIGNED_TO_OTHER_AYAH,منسوب إلى علامة آية أخرى,89:8,744.24,0.71,START_ANCHOR_WRONG_OR_MISSING,مرساة البداية خاطئة أو مفقودة,True,True,الموضع المخزن أقرب إلى 89:8
89:12,89,الفجر,12,593,468.5,1026.75,593,719.0,908.0,MISASSIGNED_TO_OTHER_AYAH,منسوب إلى علامة آية أخرى,89:9,277.22,0.71,START_ANCHOR_WRONG_OR_MISSING,مرساة البداية خاطئة أو مفقودة,True,True,الموضع المخزن أقرب إلى 89:9
89:13,89,الفجر,13,593,940.5,1144.75,593,294.0,908.0,MISASSIGNED_TO_OTHER_AYAH,منسوب إلى علامة آية أخرى,89:10,688.49,0.5,START_ANCHOR_WRONG_OR_MISSING,مرساة البداية خاطئة أو مفقودة,True,True,الموضع المخزن أقرب إلى 89:10
89:14,89,الفجر,14,593,530.5,1144.75,593,950.5,1026.0,MISASSIGNED_TO_OTHER_AYAH,منسوب إلى علامة آية أخرى,89:11,436.46,1.0,START_ANCHOR_WRONG_OR_MISSING,مرساة البداية خاطئة أو مفقودة,True,True,الموضع المخزن أقرب إلى 89:11
89:15,89,الفجر,15,593,321.0,1262.5,593,468.5,1026.5,MISASSIGNED_TO_OTHER_AYAH,منسوب إلى علامة آية أخرى,89:12,278.3,0.25,START_ANCHOR_WRONG_OR_MISSING,مرساة البداية خاطئة أو مفقودة,True,True,الموضع المخزن أقرب إلى 89:12
89:16,89,الفجر,16,593,437.0,1381.0,593,940.0,1144.5,MISASSIGNED_TO_OTHER_AYAH,منسوب إلى علامة آية أخرى,89:13,555.82,0.56,START_ANCHOR_WRONG_OR_MISSING,مرساة البداية خاطئة أو مفقودة,True,True,الموضع المخزن أقرب إلى 89:13
89:17,89,الفجر,17,593,916.5,1499.5,593,530.5,1144.5,MISASSIGNED_TO_OTHER_AYAH,منسوب إلى علامة آية أخرى,89:14,524.42,0.25,START_ANCHOR_WRONG_OR_MISSING,مرساة البداية خاطئة أو مفقودة,True,True,الموضع المخزن أقرب إلى 89:14
89:18,89,الفجر,18,593,244.25,1499.5,593,321.0,1262.0,MISASSIGNED_TO_OTHER_AYAH,منسوب إلى علامة آية أخرى,89:15,249.59,0.5,START_ANCHOR_WRONG_OR_MISSING,مرساة البداية خاطئة أو مفقودة,True,True,الموضع المخزن أقرب إلى 89:15
89:19,89,الفجر,19,593,701.5,1617.75,593,437.0,1381.0,MISASSIGNED_TO_OTHER_AYAH,منسوب إلى علامة آية أخرى,89:16,354.98,0.0,START_ANCHOR_WRONG_OR_MISSING,مرساة البداية خاطئة أو مفقودة,True,True,الموضع المخزن أقرب إلى 89:16
89:20,89,الفجر,20,593,174.0,1616.5,593,917.0,1499.0,MISASSIGNED_TO_OTHER_AYAH,منسوب إلى علامة آية أخرى,89:17,752.23,0.71,START_ANCHOR_WRONG_OR_MISSING,مرساة البداية خاطئة أو مفقودة,True,True,الموضع المخزن أقرب إلى 89:17
89:21,89,الفجر,21,593,632.25,1735.5,593,244.0,1499.0,MISASSIGNED_TO_OTHER_AYAH,منسوب إلى علامة آية أخرى,89:18,454.61,0.56,START_ANCHOR_WRONG_OR_MISSING,مرساة البداية خاطئة أو مفقودة,True,True,الموضع المخزن أقرب إلى 89:18
89:22,89,الفجر,22,593,40.0,1735.5,593,701.5,1617.5,MISASSIGNED_TO_OTHER_AYAH,منسوب إلى علامة آية أخرى,89:19,671.94,0.25,START_ANCHOR_WRONG_OR_MISSING,مرساة البداية خاطئة أو مفقودة,True,True,الموضع المخزن أقرب إلى 89:19
89:23,89,الفجر,23,594,802.0,200.75,593,174.0,1616.0,WRONG_PAGE_MISASSIGNED,صفحة خاطئة ومنسوب إلى علامة آية أخرى,89:20,,0.5,START_ANCHOR_WRONG_OR_MISSING,مرساة البداية خاطئة أو مفقودة,True,True,الموضع المخزن أقرب إلى 89:20
89:24,89,الفجر,24,594,201.5,200.25,594,802.0,200.0,MISASSIGNED_TO_OTHER_AYAH,منسوب إلى علامة آية أخرى,89:23,600.5,0.75,START_ANCHOR_WRONG_OR_MISSING,مرساة البداية خاطئة أو مفقودة,True,True,الموضع المخزن أقرب إلى 89:23
89:25,89,الفجر,25,594,620.0,317.75,594,201.0,200.0,MISASSIGNED_TO_OTHER_AYAH,منسوب إلى علامة آية أخرى,89:24,435.23,0.56,START_ANCHOR_WRONG_OR_MISSING,مرساة البداية خاطئة أو مفقودة,True,True,الموضع المخزن أقرب إلى 89:24
89:26,89,الفجر,26,594,175.5,318.0,594,620.0,317.5,MISASSIGNED_TO_OTHER_AYAH,منسوب إلى علامة آية أخرى,89:25,444.5,0.25,START_ANCHOR_WRONG_OR_MISSING,مرساة البداية خاطئة أو مفقودة,True,True,الموضع المخزن أقرب إلى 89:25
89:27,89,الفجر,27,594,698.0,435.5,594,175.5,317.5,MISASSIGNED_TO_OTHER_AYAH,منسوب إلى علامة آية أخرى,89:26,535.66,0.5,START_ANCHOR_WRONG_OR_MISSING,مرساة البداية خاطئة أو مفقودة,True,True,الموضع المخزن أقرب إلى 89:26
89:28,89,الفجر,28,594,46.5,435.75,594,698.0,435.0,MISASSIGNED_TO_OTHER_AYAH,منسوب إلى علامة آية أخرى,89:27,651.5,0.5,START_ANCHOR_WRONG_OR_MISSING,مرساة البداية خاطئة أو مفقودة,True,True,الموضع المخزن أقرب إلى 89:27
89:29,89,الفجر,29,594,554.5,553.75,594,46.5,435.0,MISASSIGNED_TO_OTHER_AYAH,منسوب إلى علامة آية أخرى,89:28,521.69,0.75,START_ANCHOR_WRONG_OR_MISSING,مرساة البداية خاطئة أو مفقودة,True,True,الموضع المخزن أقرب إلى 89:28
89:30,89,الفجر,30,594,202.5,553.5,594,554.5,553.0,MISASSIGNED_TO_OTHER_AYAH,منسوب إلى علامة آية أخرى,89:29,352.0,0.75,START_ANCHOR_WRONG_OR_MISSING,مرساة البداية خاطئة أو مفقودة,True,True,الموضع المخزن أقرب إلى 89:29
90:1,90,البلد,1,594,730.0,907.25,594,202.5,553.0,MISASSIGNED_TO_OTHER_AYAH,منسوب إلى علامة آية أخرى,89:30,635.41,0.5,SURAH_HEADER_GAP_INCLUDED,بداية السورة تضم فاصل العنوان والبسملة ضمن منطقة الآية,True,True,الموضع المخزن أقرب إلى 89:30؛ يجب أن تبدأ المنطقة بعد عنوان السورة/البسملة
90:2,90,البلد,2,594,331.0,907.5,594,730.0,907.0,MISASSIGNED_TO_OTHER_AYAH,منسوب إلى علامة آية أخرى,90:1,399.0,0.25,START_ANCHOR_WRONG_OR_MISSING,مرساة البداية خاطئة أو مفقودة,True,True,الموضع المخزن أقرب إلى 90:1
90:3,90,البلد,3,594,46.5,907.5,594,331.0,907.0,MISASSIGNED_TO_OTHER_AYAH,منسوب إلى علامة آية أخرى,90:2,284.5,0.5,START_ANCHOR_WRONG_OR_MISSING,مرساة البداية خاطئة أو مفقودة,True,True,الموضع المخزن أقرب إلى 90:2
90:4,90,البلد,4,594,522.0,1025.5,594,46.5,907.0,MISASSIGNED_TO_OTHER_AYAH,منسوب إلى علامة آية أخرى,90:3,490.04,0.5,START_ANCHOR_WRONG_OR_MISSING,مرساة البداية خاطئة أو مفقودة,True,True,الموضع المخزن أقرب إلى 90:3
90:5,90,البلد,5,594,972.0,1141.5,594,522.0,1025.0,MISASSIGNED_TO_OTHER_AYAH,منسوب إلى علامة آية أخرى,90:4,464.84,0.5,START_ANCHOR_WRONG_OR_MISSING,مرساة البداية خاطئة أو مفقودة,True,True,الموضع المخزن أقرب إلى 90:4
90:6,90,البلد,6,594,497.0,1143.75,594,972.0,1141.0,MISASSIGNED_TO_OTHER_AYAH,منسوب إلى علامة آية أخرى,90:5,475.01,0.5,START_ANCHOR_WRONG_OR_MISSING,مرساة البداية خاطئة أو مفقودة,True,True,الموضع المخزن أقرب إلى 90:5
90:7,90,البلد,7,594,46.5,1143.75,594,497.0,1143.0,MISASSIGNED_TO_OTHER_AYAH,منسوب إلى علامة آية أخرى,90:6,450.5,0.75,START_ANCHOR_WRONG_OR_MISSING,مرساة البداية خاطئة أو مفقودة,True,True,الموضع المخزن أقرب إلى 90:6
90:8,90,البلد,8,594,663.5,1262.0,594,46.5,1143.0,MISASSIGNED_TO_OTHER_AYAH,منسوب إلى علامة آية أخرى,90:7,628.37,0.75,START_ANCHOR_WRONG_OR_MISSING,مرساة البداية خاطئة أو مفقودة,True,True,الموضع المخزن أقرب إلى 90:7
90:9,90,البلد,9,594,249.0,1261.75,594,663.0,1261.5,MISASSIGNED_TO_OTHER_AYAH,منسوب إلى علامة آية أخرى,90:8,414.0,0.71,START_ANCHOR_WRONG_OR_MISSING,مرساة البداية خاطئة أو مفقودة,True,True,الموضع المخزن أقرب إلى 90:8
90:10,90,البلد,10,594,886.0,1379.25,594,249.0,1261.5,MISASSIGNED_TO_OTHER_AYAH,منسوب إلى علامة آية أخرى,90:9,647.79,0.25,START_ANCHOR_WRONG_OR_MISSING,مرساة البداية خاطئة أو مفقودة,True,True,الموضع المخزن أقرب إلى 90:9
90:11,90,البلد,11,594,504.0,1378.75,594,886.0,1379.0,MISASSIGNED_TO_OTHER_AYAH,منسوب إلى علامة آية أخرى,90:10,382.0,0.25,START_ANCHOR_WRONG_OR_MISSING,مرساة البداية خاطئة أو مفقودة,True,True,الموضع المخزن أقرب إلى 90:10
90:12,90,البلد,12,594,46.5,1379.25,594,504.0,1378.5,MISASSIGNED_TO_OTHER_AYAH,منسوب إلى علامة آية أخرى,90:11,457.5,0.25,START_ANCHOR_WRONG_OR_MISSING,مرساة البداية خاطئة أو مفقودة,True,True,الموضع المخزن أقرب إلى 90:11
90:13,90,البلد,13,594,911.0,1497.25,594,47.0,1379.0,MISASSIGNED_TO_OTHER_AYAH,منسوب إلى علامة آية أخرى,90:12,872.05,0.56,START_ANCHOR_WRONG_OR_MISSING,مرساة البداية خاطئة أو مفقودة,True,True,الموضع المخزن أقرب إلى 90:12
90:14,90,البلد,14,594,367.5,1496.75,594,911.0,1497.0,MISASSIGNED_TO_OTHER_AYAH,منسوب إلى علامة آية أخرى,90:13,543.5,0.25,START_ANCHOR_WRONG_OR_MISSING,مرساة البداية خاطئة أو مفقودة,True,True,الموضع المخزن أقرب إلى 90:13
90:15,90,البلد,15,594,46.5,1497.0,594,367.5,1496.5,MISASSIGNED_TO_OTHER_AYAH,منسوب إلى علامة آية أخرى,90:14,321.0,0.25,START_ANCHOR_WRONG_OR_MISSING,مرساة البداية خاطئة أو مفقودة,True,True,الموضع المخزن أقرب إلى 90:14
90:16,90,البلد,16,594,695.5,1615.25,594,47.0,1497.0,MISASSIGNED_TO_OTHER_AYAH,منسوب إلى علامة آية أخرى,90:15,659.19,0.5,START_ANCHOR_WRONG_OR_MISSING,مرساة البداية خاطئة أو مفقودة,True,True,الموضع المخزن أقرب إلى 90:15
90:17,90,البلد,17,594,541.0,1733.25,594,696.0,1615.0,MISASSIGNED_TO_OTHER_AYAH,منسوب إلى علامة آية أخرى,90:16,194.96,0.56,START_ANCHOR_WRONG_OR_MISSING,مرساة البداية خاطئة أو مفقودة,True,True,الموضع المخزن أقرب إلى 90:16
90:18,90,البلد,18,594,46.5,1733.25,594,541.0,1733.0,MISASSIGNED_TO_OTHER_AYAH,منسوب إلى علامة آية أخرى,90:17,494.5,0.25,START_ANCHOR_WRONG_OR_MISSING,مرساة البداية خاطئة أو مفقودة,True,True,الموضع المخزن أقرب إلى 90:17
90:19,90,البلد,19,595,405.0,82.5,594,46.5,1733.0,WRONG_PAGE_MISASSIGNED,صفحة خاطئة ومنسوب إلى علامة آية أخرى,90:18,,0.25,START_ANCHOR_WRONG_OR_MISSING,مرساة البداية خاطئة أو مفقودة,True,True,الموضع المخزن أقرب إلى 90:18
90:20,90,البلد,20,595,40.5,82.75,,,,MISSING_REGION,سجل مفقود,,,,START_ANCHOR_WRONG_OR_MISSING,مرساة البداية خاطئة أو مفقودة,True,True,
91:1,91,الشمس,1,595,724.0,435.75,595,405.0,82.0,MISASSIGNED_TO_OTHER_AYAH,منسوب إلى علامة آية أخرى,90:19,476.34,0.5,SURAH_HEADER_GAP_INCLUDED,بداية السورة تضم فاصل العنوان والبسملة ضمن منطقة الآية,True,True,الموضع المخزن أقرب إلى 90:19؛ يجب أن تبدأ المنطقة بعد عنوان السورة/البسملة
91:2,91,الشمس,2,595,407.0,436.0,595,40.5,82.0,MISASSIGNED_TO_OTHER_AYAH,منسوب إلى علامة آية أخرى,90:20,509.55,0.75,START_ANCHOR_WRONG_OR_MISSING,مرساة البداية خاطئة أو مفقودة,True,True,الموضع المخزن أقرب إلى 90:20
91:3,91,الشمس,3,595,40.5,436.0,595,724.0,435.5,MISASSIGNED_TO_OTHER_AYAH,منسوب إلى علامة آية أخرى,91:1,683.5,0.25,START_ANCHOR_WRONG_OR_MISSING,مرساة البداية خاطئة أو مفقودة,True,True,الموضع المخزن أقرب إلى 91:1
91:4,91,الشمس,4,595,677.5,553.75,595,407.0,435.5,MISASSIGNED_TO_OTHER_AYAH,منسوب إلى علامة آية أخرى,91:2,295.22,0.5,START_ANCHOR_WRONG_OR_MISSING,مرساة البداية خاطئة أو مفقودة,True,True,الموضع المخزن أقرب إلى 91:2
91:5,91,الشمس,5,595,218.0,547.5,595,40.5,435.5,MISASSIGNED_TO_OTHER_AYAH,منسوب إلى علامة آية أخرى,91:3,209.88,0.5,START_ANCHOR_WRONG_OR_MISSING,مرساة البداية خاطئة أو مفقودة,True,True,الموضع المخزن أقرب إلى 91:3
91:6,91,الشمس,6,595,838.75,670.5,595,677.5,553.5,MISASSIGNED_TO_OTHER_AYAH,منسوب إلى علامة آية أخرى,91:4,199.22,0.25,START_ANCHOR_WRONG_OR_MISSING,مرساة البداية خاطئة أو مفقودة,True,True,الموضع المخزن أقرب إلى 91:4
91:7,91,الشمس,7,595,426.5,670.75,595,218.0,547.0,MISASSIGNED_TO_OTHER_AYAH,منسوب إلى علامة آية أخرى,91:5,242.46,0.5,START_ANCHOR_WRONG_OR_MISSING,مرساة البداية خاطئة أو مفقودة,True,True,الموضع المخزن أقرب إلى 91:5
91:8,91,الشمس,8,595,894.5,789.0,595,839.0,670.0,MISASSIGNED_TO_OTHER_AYAH,منسوب إلى علامة آية أخرى,91:6,131.31,0.56,START_ANCHOR_WRONG_OR_MISSING,مرساة البداية خاطئة أو مفقودة,True,True,الموضع المخزن أقرب إلى 91:6
91:9,91,الشمس,9,595,510.5,789.0,595,426.5,670.0,MISASSIGNED_TO_OTHER_AYAH,منسوب إلى علامة آية أخرى,91:7,145.66,0.75,START_ANCHOR_WRONG_OR_MISSING,مرساة البداية خاطئة أو مفقودة,True,True,الموضع المخزن أقرب إلى 91:7
91:10,91,الشمس,10,595,40.5,789.0,595,895.0,788.5,MISASSIGNED_TO_OTHER_AYAH,منسوب إلى علامة آية أخرى,91:8,854.5,0.71,START_ANCHOR_WRONG_OR_MISSING,مرساة البداية خاطئة أو مفقودة,True,True,الموضع المخزن أقرب إلى 91:8
91:11,91,الشمس,11,595,606.0,906.25,595,510.5,788.5,MISASSIGNED_TO_OTHER_AYAH,منسوب إلى علامة آية أخرى,91:9,151.61,0.5,START_ANCHOR_WRONG_OR_MISSING,مرساة البداية خاطئة أو مفقودة,True,True,الموضع المخزن أقرب إلى 91:9
91:12,91,الشمس,12,595,229.0,906.25,595,40.5,788.0,MISASSIGNED_TO_OTHER_AYAH,منسوب إلى علامة آية أخرى,91:10,222.52,1.0,START_ANCHOR_WRONG_OR_MISSING,مرساة البداية خاطئة أو مفقودة,True,True,الموضع المخزن أقرب إلى 91:10
91:13,91,الشمس,13,595,525.5,1023.75,595,606.0,906.0,MISASSIGNED_TO_OTHER_AYAH,منسوب إلى علامة آية أخرى,91:11,142.64,0.25,START_ANCHOR_WRONG_OR_MISSING,مرساة البداية خاطئة أو مفقودة,True,True,الموضع المخزن أقرب إلى 91:11
91:14,91,الشمس,14,595,459.25,1141.25,595,229.0,906.0,MISASSIGNED_TO_OTHER_AYAH,منسوب إلى علامة آية أخرى,91:12,329.18,0.25,START_ANCHOR_WRONG_OR_MISSING,مرساة البداية خاطئة أو مفقودة,True,True,الموضع المخزن أقرب إلى 91:12
91:15,91,الشمس,15,595,40.5,1141.5,595,525.5,1023.0,MISASSIGNED_TO_OTHER_AYAH,منسوب إلى علامة آية أخرى,91:13,499.27,0.75,START_ANCHOR_WRONG_OR_MISSING,مرساة البداية خاطئة أو مفقودة,True,True,الموضع المخزن أقرب إلى 91:13
92:1,92,الليل,1,595,783.0,1495.0,595,459.0,1141.0,MISASSIGNED_TO_OTHER_AYAH,منسوب إلى علامة آية أخرى,91:14,479.89,0.35,SURAH_HEADER_GAP_INCLUDED,بداية السورة تضم فاصل العنوان والبسملة ضمن منطقة الآية,True,True,الموضع المخزن أقرب إلى 91:14؛ يجب أن تبدأ المنطقة بعد عنوان السورة/البسملة
92:2,92,الليل,2,595,468.5,1495.0,595,40.5,1141.0,MISASSIGNED_TO_OTHER_AYAH,منسوب إلى علامة آية أخرى,91:15,555.43,0.5,START_ANCHOR_WRONG_OR_MISSING,مرساة البداية خاطئة أو مفقودة,True,True,الموضع المخزن أقرب إلى 91:15
92:3,92,الليل,3,595,40.5,1495.25,595,783.0,1494.5,MISASSIGNED_TO_OTHER_AYAH,منسوب إلى علامة آية أخرى,92:1,742.5,0.5,START_ANCHOR_WRONG_OR_MISSING,مرساة البداية خاطئة أو مفقودة,True,True,الموضع المخزن أقرب إلى 92:1
92:4,92,الليل,4,595,779.0,1611.5,595,468.0,1495.0,MISASSIGNED_TO_OTHER_AYAH,منسوب إلى علامة آية أخرى,92:2,332.1,0.5,START_ANCHOR_WRONG_OR_MISSING,مرساة البداية خاطئة أو مفقودة,True,True,الموضع المخزن أقرب إلى 92:2
92:5,92,الليل,5,595,377.5,1609.75,595,40.5,1495.0,MISASSIGNED_TO_OTHER_AYAH,منسوب إلى علامة آية أخرى,92:3,356.0,0.25,START_ANCHOR_WRONG_OR_MISSING,مرساة البداية خاطئة أو مفقودة,True,True,الموضع المخزن أقرب إلى 92:3
92:6,92,الليل,6,595,40.5,1611.75,595,779.0,1611.0,MISASSIGNED_TO_OTHER_AYAH,منسوب إلى علامة آية أخرى,92:4,738.5,0.5,START_ANCHOR_WRONG_OR_MISSING,مرساة البداية خاطئة أو مفقودة,True,True,الموضع المخزن أقرب إلى 92:4
92:7,92,الليل,7,595,748.5,1731.0,595,377.5,1609.0,MISASSIGNED_TO_OTHER_AYAH,منسوب إلى علامة آية أخرى,92:5,390.54,0.75,START_ANCHOR_WRONG_OR_MISSING,مرساة البداية خاطئة أو مفقودة,True,True,الموضع المخزن أقرب إلى 92:5
92:8,92,الليل,8,595,337.0,1731.0,595,40.5,1611.0,MISASSIGNED_TO_OTHER_AYAH,منسوب إلى علامة آية أخرى,92:6,319.86,0.75,START_ANCHOR_WRONG_OR_MISSING,مرساة البداية خاطئة أو مفقودة,True,True,الموضع المخزن أقرب إلى 92:6
92:9,92,الليل,9,595,40.5,1731.0,595,748.5,1730.5,MISASSIGNED_TO_OTHER_AYAH,منسوب إلى علامة آية أخرى,92:7,708.0,0.5,START_ANCHOR_WRONG_OR_MISSING,مرساة البداية خاطئة أو مفقودة,True,True,الموضع المخزن أقرب إلى 92:7
92:10,92,الليل,10,596,715.0,74.25,595,337.0,1730.5,WRONG_PAGE_MISASSIGNED,صفحة خاطئة ومنسوب إلى علامة آية أخرى,92:8,,0.5,START_ANCHOR_WRONG_OR_MISSING,مرساة البداية خاطئة أو مفقودة,True,True,الموضع المخزن أقرب إلى 92:8
92:11,92,الليل,11,596,194.0,73.5,595,40.5,1730.5,WRONG_PAGE_MISASSIGNED,صفحة خاطئة ومنسوب إلى علامة آية أخرى,92:9,,0.5,START_ANCHOR_WRONG_OR_MISSING,مرساة البداية خاطئة أو مفقودة,True,True,الموضع المخزن أقرب إلى 92:9
92:12,92,الليل,12,596,926.5,191.5,,,,MISSING_REGION,سجل مفقود,,,,START_ANCHOR_WRONG_OR_MISSING,مرساة البداية خاطئة أو مفقودة,True,True,
92:13,92,الليل,13,596,456.5,192.0,,,,MISSING_REGION,سجل مفقود,,,,START_ANCHOR_WRONG_OR_MISSING,مرساة البداية خاطئة أو مفقودة,True,True,
92:14,92,الليل,14,596,42.25,191.5,,,,MISSING_REGION,سجل مفقود,,,,START_ANCHOR_WRONG_OR_MISSING,مرساة البداية خاطئة أو مفقودة,True,True,
92:15,92,الليل,15,596,639.0,309.25,596,715.0,77.5,MISASSIGNED_TO_OTHER_AYAH,منسوب إلى علامة آية أخرى,92:10,243.89,3.25,START_ANCHOR_WRONG_OR_MISSING,مرساة البداية خاطئة أو مفقودة,True,True,الموضع المخزن أقرب إلى 92:10
92:16,92,الليل,16,596,266.0,309.5,596,194.0,77.0,MISASSIGNED_TO_OTHER_AYAH,منسوب إلى علامة آية أخرى,92:11,243.39,3.5,START_ANCHOR_WRONG_OR_MISSING,مرساة البداية خاطئة أو مفقودة,True,True,الموضع المخزن أقرب إلى 92:11
92:17,92,الليل,17,596,932.5,426.75,596,926.0,191.0,MISASSIGNED_TO_OTHER_AYAH,منسوب إلى علامة آية أخرى,92:12,235.84,0.71,START_ANCHOR_WRONG_OR_MISSING,مرساة البداية خاطئة أو مفقودة,True,True,الموضع المخزن أقرب إلى 92:12
92:18,92,الليل,18,596,493.0,427.0,596,456.5,191.5,MISASSIGNED_TO_OTHER_AYAH,منسوب إلى علامة آية أخرى,92:13,238.31,0.5,START_ANCHOR_WRONG_OR_MISSING,مرساة البداية خاطئة أو مفقودة,True,True,الموضع المخزن أقرب إلى 92:13
92:19,92,الليل,19,596,942.5,544.0,596,42.0,191.0,MISASSIGNED_TO_OTHER_AYAH,منسوب إلى علامة آية أخرى,92:14,967.22,0.56,START_ANCHOR_WRONG_OR_MISSING,مرساة البداية خاطئة أو مفقودة,True,True,الموضع المخزن أقرب إلى 92:14
92:20,92,الليل,20,596,381.5,544.5,596,639.0,309.0,MISASSIGNED_TO_OTHER_AYAH,منسوب إلى علامة آية أخرى,92:15,348.95,0.25,START_ANCHOR_WRONG_OR_MISSING,مرساة البداية خاطئة أو مفقودة,True,True,الموضع المخزن أقرب إلى 92:15
92:21,92,الليل,21,596,42.25,544.0,596,266.0,309.0,MISASSIGNED_TO_OTHER_AYAH,منسوب إلى علامة آية أخرى,92:16,324.48,0.5,START_ANCHOR_WRONG_OR_MISSING,مرساة البداية خاطئة أو مفقودة,True,True,الموضع المخزن أقرب إلى 92:16
93:1,93,الضحى,1,596,871.5,896.25,596,932.5,426.0,MISASSIGNED_TO_OTHER_AYAH,منسوب إلى علامة آية أخرى,92:17,474.19,0.75,SURAH_HEADER_GAP_INCLUDED,بداية السورة تضم فاصل العنوان والبسملة ضمن منطقة الآية,True,True,الموضع المخزن أقرب إلى 92:17؛ يجب أن تبدأ المنطقة بعد عنوان السورة/البسملة
93:2,93,الضحى,2,596,512.5,896.25,596,493.0,426.5,MISASSIGNED_TO_OTHER_AYAH,منسوب إلى علامة آية أخرى,92:18,470.15,0.5,START_ANCHOR_WRONG_OR_MISSING,مرساة البداية خاطئة أو مفقودة,True,True,الموضع المخزن أقرب إلى 92:18
93:3,93,الضحى,3,596,42.5,896.5,596,942.0,544.0,MISASSIGNED_TO_OTHER_AYAH,منسوب إلى علامة آية أخرى,92:19,966.1,0.5,START_ANCHOR_WRONG_OR_MISSING,مرساة البداية خاطئة أو مفقودة,True,True,الموضع المخزن أقرب إلى 92:19
93:4,93,الضحى,4,596,519.25,1013.5,596,381.0,544.0,MISASSIGNED_TO_OTHER_AYAH,منسوب إلى علامة آية أخرى,92:20,489.43,0.71,START_ANCHOR_WRONG_OR_MISSING,مرساة البداية خاطئة أو مفقودة,True,True,الموضع المخزن أقرب إلى 92:20
93:5,93,الضحى,5,596,932.5,1129.75,596,42.0,544.0,MISASSIGNED_TO_OTHER_AYAH,منسوب إلى علامة آية أخرى,92:21,1065.88,0.25,START_ANCHOR_WRONG_OR_MISSING,مرساة البداية خاطئة أو مفقودة,True,True,الموضع المخزن أقرب إلى 92:21
93:6,93,الضحى,6,596,478.75,1131.5,596,872.0,896.0,MISASSIGNED_TO_OTHER_AYAH,منسوب إلى علامة آية أخرى,93:1,458.37,0.56,START_ANCHOR_WRONG_OR_MISSING,مرساة البداية خاطئة أو مفقودة,True,True,الموضع المخزن أقرب إلى 93:1
93:7,93,الضحى,7,596,42.5,1131.5,596,512.0,896.0,MISASSIGNED_TO_OTHER_AYAH,منسوب إلى علامة آية أخرى,93:2,525.25,0.56,START_ANCHOR_WRONG_OR_MISSING,مرساة البداية خاطئة أو مفقودة,True,True,الموضع المخزن أقرب إلى 93:2
93:8,93,الضحى,8,596,585.0,1249.5,596,42.0,896.0,MISASSIGNED_TO_OTHER_AYAH,منسوب إلى علامة آية أخرى,93:3,647.93,0.71,START_ANCHOR_WRONG_OR_MISSING,مرساة البداية خاطئة أو مفقودة,True,True,الموضع المخزن أقرب إلى 93:3
93:9,93,الضحى,9,596,42.5,1249.25,596,519.0,1013.0,MISASSIGNED_TO_OTHER_AYAH,منسوب إلى علامة آية أخرى,93:4,531.85,0.56,START_ANCHOR_WRONG_OR_MISSING,مرساة البداية خاطئة أو مفقودة,True,True,الموضع المخزن أقرب إلى 93:4
93:10,93,الضحى,10,596,608.5,1366.0,596,932.5,1129.0,MISASSIGNED_TO_OTHER_AYAH,منسوب إلى علامة آية أخرى,93:5,401.43,0.75,START_ANCHOR_WRONG_OR_MISSING,مرساة البداية خاطئة أو مفقودة,True,True,الموضع المخزن أقرب إلى 93:5
93:11,93,الضحى,11,596,42.5,1365.75,596,479.0,1131.0,MISASSIGNED_TO_OTHER_AYAH,منسوب إلى علامة آية أخرى,93:6,495.62,0.56,START_ANCHOR_WRONG_OR_MISSING,مرساة البداية خاطئة أو مفقودة,True,True,الموضع المخزن أقرب إلى 93:6
94:1,94,الشرح,1,596,568.0,1718.25,596,42.0,1131.0,MISASSIGNED_TO_OTHER_AYAH,منسوب إلى علامة آية أخرى,93:7,788.38,0.71,SURAH_HEADER_GAP_INCLUDED,بداية السورة تضم فاصل العنوان والبسملة ضمن منطقة الآية,True,True,الموضع المخزن أقرب إلى 93:7؛ يجب أن تبدأ المنطقة بعد عنوان السورة/البسملة
94:2,94,الشرح,2,596,42.25,1718.5,596,585.0,1249.0,MISASSIGNED_TO_OTHER_AYAH,منسوب إلى علامة آية أخرى,93:8,717.64,0.5,START_ANCHOR_WRONG_OR_MISSING,مرساة البداية خاطئة أو مفقودة,True,True,الموضع المخزن أقرب إلى 93:8
94:3,94,الشرح,3,597,733.5,80.25,596,42.0,1249.0,WRONG_PAGE_MISASSIGNED,صفحة خاطئة ومنسوب إلى علامة آية أخرى,93:9,,0.56,START_ANCHOR_WRONG_OR_MISSING,مرساة البداية خاطئة أو مفقودة,True,True,الموضع المخزن أقرب إلى 93:9
94:4,94,الشرح,4,597,404.5,80.25,596,608.5,1366.0,WRONG_PAGE_MISASSIGNED,صفحة خاطئة ومنسوب إلى علامة آية أخرى,93:10,,0.0,START_ANCHOR_WRONG_OR_MISSING,مرساة البداية خاطئة أو مفقودة,True,True,الموضع المخزن أقرب إلى 93:10
94:5,94,الشرح,5,597,42.5,78.0,596,42.5,1365.5,WRONG_PAGE_MISASSIGNED,صفحة خاطئة ومنسوب إلى علامة آية أخرى,93:11,,0.25,START_ANCHOR_WRONG_OR_MISSING,مرساة البداية خاطئة أو مفقودة,True,True,الموضع المخزن أقرب إلى 93:11
94:6,94,الشرح,6,597,768.5,196.75,596,568.0,1718.0,WRONG_PAGE_MISASSIGNED,صفحة خاطئة ومنسوب إلى علامة آية أخرى,94:1,,0.25,START_ANCHOR_WRONG_OR_MISSING,مرساة البداية خاطئة أو مفقودة,True,True,الموضع المخزن أقرب إلى 94:1
94:7,94,الشرح,7,597,389.25,196.5,596,42.0,1718.0,WRONG_PAGE_MISASSIGNED,صفحة خاطئة ومنسوب إلى علامة آية أخرى,94:2,,0.56,START_ANCHOR_WRONG_OR_MISSING,مرساة البداية خاطئة أو مفقودة,True,True,الموضع المخزن أقرب إلى 94:2
94:8,94,الشرح,8,597,42.5,196.75,,,,MISSING_REGION,سجل مفقود,,,,START_ANCHOR_WRONG_OR_MISSING,مرساة البداية خاطئة أو مفقودة,True,True,
95:1,95,التين,1,597,766.0,550.5,597,733.0,80.5,MISASSIGNED_TO_OTHER_AYAH,منسوب إلى علامة آية أخرى,94:3,471.16,0.56,SURAH_HEADER_GAP_INCLUDED,بداية السورة تضم فاصل العنوان والبسملة ضمن منطقة الآية,True,True,الموضع المخزن أقرب إلى 94:3؛ يجب أن تبدأ المنطقة بعد عنوان السورة/البسملة
95:2,95,التين,2,597,455.0,550.5,597,404.0,80.5,MISASSIGNED_TO_OTHER_AYAH,منسوب إلى علامة آية أخرى,94:4,472.76,0.56,START_ANCHOR_WRONG_OR_MISSING,مرساة البداية خاطئة أو مفقودة,True,True,الموضع المخزن أقرب إلى 94:4
95:3,95,التين,3,597,42.5,550.5,597,42.5,79.5,MISASSIGNED_TO_OTHER_AYAH,منسوب إلى علامة آية أخرى,94:5,471.0,1.5,START_ANCHOR_WRONG_OR_MISSING,مرساة البداية خاطئة أو مفقودة,True,True,الموضع المخزن أقرب إلى 94:5
95:4,95,التين,4,597,503.25,668.5,597,768.5,196.0,MISASSIGNED_TO_OTHER_AYAH,منسوب إلى علامة آية أخرى,94:6,541.86,0.75,START_ANCHOR_WRONG_OR_MISSING,مرساة البداية خاطئة أو مفقودة,True,True,الموضع المخزن أقرب إلى 94:6
95:5,95,التين,5,597,42.5,666.25,597,389.0,196.0,MISASSIGNED_TO_OTHER_AYAH,منسوب إلى علامة آية أخرى,94:7,584.12,0.56,START_ANCHOR_WRONG_OR_MISSING,مرساة البداية خاطئة أو مفقودة,True,True,الموضع المخزن أقرب إلى 94:7
95:6,95,التين,6,597,42.5,786.5,597,42.5,196.0,MISASSIGNED_TO_OTHER_AYAH,منسوب إلى علامة آية أخرى,94:8,590.5,0.75,START_ANCHOR_WRONG_OR_MISSING,مرساة البداية خاطئة أو مفقودة,True,True,الموضع المخزن أقرب إلى 94:8
95:7,95,التين,7,597,618.0,903.75,597,766.0,550.0,MISASSIGNED_TO_OTHER_AYAH,منسوب إلى علامة آية أخرى,95:1,383.46,0.5,START_ANCHOR_WRONG_OR_MISSING,مرساة البداية خاطئة أو مفقودة,True,True,الموضع المخزن أقرب إلى 95:1
95:8,95,التين,8,597,42.5,904.0,597,455.0,550.0,MISASSIGNED_TO_OTHER_AYAH,منسوب إلى علامة آية أخرى,95:2,543.57,0.5,START_ANCHOR_WRONG_OR_MISSING,مرساة البداية خاطئة أو مفقودة,True,True,الموضع المخزن أقرب إلى 95:2
96:1,96,العلق,1,597,565.5,1257.0,597,42.5,550.0,MISASSIGNED_TO_OTHER_AYAH,منسوب إلى علامة آية أخرى,95:3,879.42,0.5,SURAH_HEADER_GAP_INCLUDED,بداية السورة تضم فاصل العنوان والبسملة ضمن منطقة الآية,True,True,الموضع المخزن أقرب إلى 95:3؛ يجب أن تبدأ المنطقة بعد عنوان السورة/البسملة
96:2,96,العلق,2,597,119.5,1257.0,597,503.0,668.0,MISASSIGNED_TO_OTHER_AYAH,منسوب إلى علامة آية أخرى,95:4,702.85,0.56,START_ANCHOR_WRONG_OR_MISSING,مرساة البداية خاطئة أو مفقودة,True,True,الموضع المخزن أقرب إلى 95:4
96:3,96,العلق,3,597,710.5,1374.75,597,42.5,666.0,MISASSIGNED_TO_OTHER_AYAH,منسوب إلى علامة آية أخرى,95:5,973.94,0.25,START_ANCHOR_WRONG_OR_MISSING,مرساة البداية خاطئة أو مفقودة,True,True,الموضع المخزن أقرب إلى 95:5
96:4,96,العلق,4,597,294.5,1374.5,597,42.5,786.0,MISASSIGNED_TO_OTHER_AYAH,منسوب إلى علامة آية أخرى,95:6,640.18,0.5,START_ANCHOR_WRONG_OR_MISSING,مرساة البداية خاطئة أو مفقودة,True,True,الموضع المخزن أقرب إلى 95:6
96:5,96,العلق,5,597,871.5,1490.0,597,618.0,903.5,MISASSIGNED_TO_OTHER_AYAH,منسوب إلى علامة آية أخرى,95:7,638.94,0.25,START_ANCHOR_WRONG_OR_MISSING,مرساة البداية خاطئة أو مفقودة,True,True,الموضع المخزن أقرب إلى 95:7
96:6,96,العلق,6,597,406.5,1492.25,597,42.5,903.5,MISASSIGNED_TO_OTHER_AYAH,منسوب إلى علامة آية أخرى,95:8,692.19,0.5,START_ANCHOR_WRONG_OR_MISSING,مرساة البداية خاطئة أو مفقودة,True,True,الموضع المخزن أقرب إلى 95:8
96:7,96,العلق,7,597,42.5,1492.25,597,565.5,1256.0,MISASSIGNED_TO_OTHER_AYAH,منسوب إلى علامة آية أخرى,96:1,573.88,1.0,START_ANCHOR_WRONG_OR_MISSING,مرساة البداية خاطئة أو مفقودة,True,True,الموضع المخزن أقرب إلى 96:1
96:8,96,العلق,8,597,615.0,1610.0,597,119.5,1256.5,MISASSIGNED_TO_OTHER_AYAH,منسوب إلى علامة آية أخرى,96:2,608.67,0.5,START_ANCHOR_WRONG_OR_MISSING,مرساة البداية خاطئة أو مفقودة,True,True,الموضع المخزن أقرب إلى 96:2
96:9,96,العلق,9,597,169.25,1610.0,597,710.5,1374.0,MISASSIGNED_TO_OTHER_AYAH,منسوب إلى علامة آية أخرى,96:3,590.46,0.75,START_ANCHOR_WRONG_OR_MISSING,مرساة البداية خاطئة أو مفقودة,True,True,الموضع المخزن أقرب إلى 96:3
96:10,96,العلق,10,597,903.5,1727.75,597,294.5,1374.0,MISASSIGNED_TO_OTHER_AYAH,منسوب إلى علامة آية أخرى,96:4,704.29,0.5,START_ANCHOR_WRONG_OR_MISSING,مرساة البداية خاطئة أو مفقودة,True,True,الموضع المخزن أقرب إلى 96:4
96:11,96,العلق,11,597,367.5,1727.5,597,871.5,1489.5,MISASSIGNED_TO_OTHER_AYAH,منسوب إلى علامة آية أخرى,96:5,557.37,0.5,START_ANCHOR_WRONG_OR_MISSING,مرساة البداية خاطئة أو مفقودة,True,True,الموضع المخزن أقرب إلى 96:5
96:12,96,العلق,12,597,42.5,1727.0,597,407.0,1492.0,MISASSIGNED_TO_OTHER_AYAH,منسوب إلى علامة آية أخرى,96:6,433.69,0.56,START_ANCHOR_WRONG_OR_MISSING,مرساة البداية خاطئة أو مفقودة,True,True,الموضع المخزن أقرب إلى 96:6
96:13,96,العلق,13,598,683.5,77.5,597,42.5,1492.0,WRONG_PAGE_MISASSIGNED,صفحة خاطئة ومنسوب إلى علامة آية أخرى,96:7,,0.25,START_ANCHOR_WRONG_OR_MISSING,مرساة البداية خاطئة أو مفقودة,True,True,الموضع المخزن أقرب إلى 96:7
96:14,96,العلق,14,598,282.5,77.5,597,615.0,1609.5,WRONG_PAGE_MISASSIGNED,صفحة خاطئة ومنسوب إلى علامة آية أخرى,96:8,,0.5,START_ANCHOR_WRONG_OR_MISSING,مرساة البداية خاطئة أو مفقودة,True,True,الموضع المخزن أقرب إلى 96:8
96:15,96,العلق,15,598,754.0,195.75,597,169.0,1609.5,WRONG_PAGE_MISASSIGNED,صفحة خاطئة ومنسوب إلى علامة آية أخرى,96:9,,0.56,START_ANCHOR_WRONG_OR_MISSING,مرساة البداية خاطئة أو مفقودة,True,True,الموضع المخزن أقرب إلى 96:9
96:16,96,العلق,16,598,324.0,196.0,597,903.5,1727.0,WRONG_PAGE_MISASSIGNED,صفحة خاطئة ومنسوب إلى علامة آية أخرى,96:10,,0.75,START_ANCHOR_WRONG_OR_MISSING,مرساة البداية خاطئة أو مفقودة,True,True,الموضع المخزن أقرب إلى 96:10
96:17,96,العلق,17,598,42.5,195.75,597,367.5,1727.0,WRONG_PAGE_MISASSIGNED,صفحة خاطئة ومنسوب إلى علامة آية أخرى,96:11,,0.5,START_ANCHOR_WRONG_OR_MISSING,مرساة البداية خاطئة أو مفقودة,True,True,الموضع المخزن أقرب إلى 96:11
96:18,96,العلق,18,598,755.5,314.0,597,43.0,1727.0,WRONG_PAGE_MISASSIGNED,صفحة خاطئة ومنسوب إلى علامة آية أخرى,96:12,,0.5,START_ANCHOR_WRONG_OR_MISSING,مرساة البداية خاطئة أو مفقودة,True,True,الموضع المخزن أقرب إلى 96:12
96:19,96,العلق,19,598,42.5,313.75,,,,MISSING_REGION,سجل مفقود,,,,START_ANCHOR_WRONG_OR_MISSING,مرساة البداية خاطئة أو مفقودة,True,True,
97:1,97,القدر,1,598,627.0,669.25,598,683.5,79.0,MISASSIGNED_TO_OTHER_AYAH,منسوب إلى علامة آية أخرى,96:13,592.95,1.5,SURAH_HEADER_GAP_INCLUDED,بداية السورة تضم فاصل العنوان والبسملة ضمن منطقة الآية,True,True,الموضع المخزن أقرب إلى 96:13؛ يجب أن تبدأ المنطقة بعد عنوان السورة/البسملة
97:2,97,القدر,2,598,42.5,668.75,598,282.5,79.0,MISASSIGNED_TO_OTHER_AYAH,منسوب إلى علامة آية أخرى,96:14,636.71,1.5,START_ANCHOR_WRONG_OR_MISSING,مرساة البداية خاطئة أو مفقودة,True,True,الموضع المخزن أقرب إلى 96:14
97:3,97,القدر,3,598,527.25,787.25,598,754.0,195.5,MISASSIGNED_TO_OTHER_AYAH,منسوب إلى علامة آية أخرى,96:15,633.71,0.25,START_ANCHOR_WRONG_OR_MISSING,مرساة البداية خاطئة أو مفقودة,True,True,الموضع المخزن أقرب إلى 96:15
97:4,97,القدر,4,598,635.5,905.25,598,324.0,195.5,MISASSIGNED_TO_OTHER_AYAH,منسوب إلى علامة آية أخرى,96:16,775.1,0.5,START_ANCHOR_WRONG_OR_MISSING,مرساة البداية خاطئة أو مفقودة,True,True,الموضع المخزن أقرب إلى 96:16
97:5,97,القدر,5,598,42.5,902.75,598,42.5,195.5,MISASSIGNED_TO_OTHER_AYAH,منسوب إلى علامة آية أخرى,96:17,707.25,0.25,START_ANCHOR_WRONG_OR_MISSING,مرساة البداية خاطئة أو مفقودة,True,True,الموضع المخزن أقرب إلى 96:17
98:1,98,البينة,1,598,811.5,1378.0,598,755.5,313.5,MISASSIGNED_TO_OTHER_AYAH,منسوب إلى علامة آية أخرى,96:18,1065.97,0.5,SURAH_HEADER_GAP_INCLUDED,بداية السورة تضم فاصل العنوان والبسملة ضمن منطقة الآية,True,True,الموضع المخزن أقرب إلى 96:18؛ يجب أن تبدأ المنطقة بعد عنوان السورة/البسملة
98:2,98,البينة,2,598,201.5,1378.5,598,98.0,310.0,NON_AYAH_SYMBOL_OR_BAD_CENTER,رمز غير علامة آية أو مركز غير صحيح,96:19,1073.5,55.63,START_ANCHOR_WRONG_OR_MISSING,مرساة البداية خاطئة أو مفقودة,True,True,
98:3,98,البينة,3,598,959.5,1496.0,598,42.5,313.5,MISASSIGNED_TO_OTHER_AYAH,منسوب إلى علامة آية أخرى,96:19,1496.39,0.25,START_ANCHOR_WRONG_OR_MISSING,مرساة البداية خاطئة أو مفقودة,True,True,الموضع المخزن أقرب إلى 96:19
98:4,98,البينة,4,598,931.5,1614.75,598,627.0,669.0,MISASSIGNED_TO_OTHER_AYAH,منسوب إلى علامة آية أخرى,97:1,993.56,0.25,START_ANCHOR_WRONG_OR_MISSING,مرساة البداية خاطئة أو مفقودة,True,True,الموضع المخزن أقرب إلى 97:1
98:5,98,البينة,5,598,42.5,1729.25,598,42.0,669.0,MISASSIGNED_TO_OTHER_AYAH,منسوب إلى علامة آية أخرى,97:2,1060.25,0.56,START_ANCHOR_WRONG_OR_MISSING,مرساة البداية خاطئة أو مفقودة,True,True,الموضع المخزن أقرب إلى 97:2
98:6,98,البينة,6,599,387.0,200.75,598,527.0,787.0,WRONG_PAGE_MISASSIGNED,صفحة خاطئة ومنسوب إلى علامة آية أخرى,97:3,,0.35,START_ANCHOR_WRONG_OR_MISSING,مرساة البداية خاطئة أو مفقودة,True,True,الموضع المخزن أقرب إلى 97:3
98:7,98,البينة,7,599,224.5,318.0,598,636.0,905.0,WRONG_PAGE_MISASSIGNED,صفحة خاطئة ومنسوب إلى علامة آية أخرى,97:4,,0.56,START_ANCHOR_WRONG_OR_MISSING,مرساة البداية خاطئة أو مفقودة,True,True,الموضع المخزن أقرب إلى 97:4
98:8,98,البينة,8,599,41.0,554.25,599,387.0,200.0,MISASSIGNED_TO_OTHER_AYAH,منسوب إلى علامة آية أخرى,98:6,495.19,0.75,START_ANCHOR_WRONG_OR_MISSING,مرساة البداية خاطئة أو مفقودة,True,True,الموضع المخزن أقرب إلى 98:6
99:1,99,الزلزلة,1,599,623.5,907.0,599,224.5,317.5,MISASSIGNED_TO_OTHER_AYAH,منسوب إلى علامة آية أخرى,98:7,711.84,0.5,SURAH_HEADER_GAP_INCLUDED,بداية السورة تضم فاصل العنوان والبسملة ضمن منطقة الآية,True,True,الموضع المخزن أقرب إلى 98:7؛ يجب أن تبدأ المنطقة بعد عنوان السورة/البسملة
99:2,99,الزلزلة,2,599,127.5,907.5,599,41.0,554.0,MISASSIGNED_TO_OTHER_AYAH,منسوب إلى علامة آية أخرى,98:8,363.93,0.25,START_ANCHOR_WRONG_OR_MISSING,مرساة البداية خاطئة أو مفقودة,True,True,الموضع المخزن أقرب إلى 98:8
99:3,99,الزلزلة,3,599,827.5,1025.5,599,623.0,907.0,MISASSIGNED_TO_OTHER_AYAH,منسوب إلى علامة آية أخرى,99:1,236.35,0.5,START_ANCHOR_WRONG_OR_MISSING,مرساة البداية خاطئة أو مفقودة,True,True,الموضع المخزن أقرب إلى 99:1
99:4,99,الزلزلة,4,599,409.5,1025.0,599,127.5,907.0,MISASSIGNED_TO_OTHER_AYAH,منسوب إلى علامة آية أخرى,99:2,305.69,0.5,START_ANCHOR_WRONG_OR_MISSING,مرساة البداية خاطئة أو مفقودة,True,True,الموضع المخزن أقرب إلى 99:2
99:5,99,الزلزلة,5,599,41.0,1023.0,599,827.5,1025.0,MISASSIGNED_TO_OTHER_AYAH,منسوب إلى علامة آية أخرى,99:3,786.5,0.5,START_ANCHOR_WRONG_OR_MISSING,مرساة البداية خاطئة أو مفقودة,True,True,الموضع المخزن أقرب إلى 99:3
99:6,99,الزلزلة,6,599,265.5,1143.75,599,409.5,1025.0,MISASSIGNED_TO_OTHER_AYAH,منسوب إلى علامة آية أخرى,99:4,186.65,0.0,START_ANCHOR_WRONG_OR_MISSING,مرساة البداية خاطئة أو مفقودة,True,True,الموضع المخزن أقرب إلى 99:4
99:7,99,الزلزلة,7,599,680.5,1261.0,599,41.0,1022.5,MISASSIGNED_TO_OTHER_AYAH,منسوب إلى علامة آية أخرى,99:5,682.53,0.5,START_ANCHOR_WRONG_OR_MISSING,مرساة البداية خاطئة أو مفقودة,True,True,الموضع المخزن أقرب إلى 99:5
99:8,99,الزلزلة,8,599,41.0,1261.5,599,265.5,1143.0,MISASSIGNED_TO_OTHER_AYAH,منسوب إلى علامة آية أخرى,99:6,253.86,0.75,START_ANCHOR_WRONG_OR_MISSING,مرساة البداية خاطئة أو مفقودة,True,True,الموضع المخزن أقرب إلى 99:6
100:1,100,العاديات,1,599,709.5,1615.25,599,680.0,1261.0,MISASSIGNED_TO_OTHER_AYAH,منسوب إلى علامة آية أخرى,99:7,355.48,0.5,SURAH_HEADER_GAP_INCLUDED,بداية السورة تضم فاصل العنوان والبسملة ضمن منطقة الآية,True,True,الموضع المخزن أقرب إلى 99:7؛ يجب أن تبدأ المنطقة بعد عنوان السورة/البسملة
100:2,100,العاديات,2,599,287.5,1615.5,599,41.0,1261.0,MISASSIGNED_TO_OTHER_AYAH,منسوب إلى علامة آية أخرى,99:8,431.78,0.5,START_ANCHOR_WRONG_OR_MISSING,مرساة البداية خاطئة أو مفقودة,True,True,الموضع المخزن أقرب إلى 99:8
100:3,100,العاديات,3,599,920.75,1732.75,599,710.0,1615.0,MISASSIGNED_TO_OTHER_AYAH,منسوب إلى علامة آية أخرى,100:1,241.41,0.56,START_ANCHOR_WRONG_OR_MISSING,مرساة البداية خاطئة أو مفقودة,True,True,الموضع المخزن أقرب إلى 100:1
100:4,100,العاديات,4,599,523.0,1733.0,599,287.0,1615.0,MISASSIGNED_TO_OTHER_AYAH,منسوب إلى علامة آية أخرى,100:2,263.86,0.71,START_ANCHOR_WRONG_OR_MISSING,مرساة البداية خاطئة أو مفقودة,True,True,الموضع المخزن أقرب إلى 100:2
100:5,100,العاديات,5,599,41.0,1730.75,599,41.0,1730.0,CORRECT,مطابق,100:5,0.75,0.75,START_ANCHOR_WRONG_OR_MISSING,مرساة البداية خاطئة أو مفقودة,False,True,
100:6,100,العاديات,6,600,657.5,75.0,599,921.0,1732.5,WRONG_PAGE_MISASSIGNED,صفحة خاطئة ومنسوب إلى علامة آية أخرى,100:3,,0.35,START_ANCHOR_WRONG_OR_MISSING,مرساة البداية خاطئة أو مفقودة,True,True,الموضع المخزن أقرب إلى 100:3
100:7,100,العاديات,7,600,234.5,75.0,599,523.0,1732.5,WRONG_PAGE_MISASSIGNED,صفحة خاطئة ومنسوب إلى علامة آية أخرى,100:4,,0.5,START_ANCHOR_WRONG_OR_MISSING,مرساة البداية خاطئة أو مفقودة,True,True,الموضع المخزن أقرب إلى 100:4
100:8,100,العاديات,8,600,796.0,192.75,,,,MISSING_REGION,سجل مفقود,,,,START_ANCHOR_WRONG_OR_MISSING,مرساة البداية خاطئة أو مفقودة,True,True,
100:9,100,العاديات,9,600,41.5,192.5,,,,MISSING_REGION,سجل مفقود,,,,START_ANCHOR_WRONG_OR_MISSING,مرساة البداية خاطئة أو مفقودة,True,True,
100:10,100,العاديات,10,600,606.5,310.5,600,657.5,78.0,MISASSIGNED_TO_OTHER_AYAH,منسوب إلى علامة آية أخرى,100:6,238.03,3.0,START_ANCHOR_WRONG_OR_MISSING,مرساة البداية خاطئة أو مفقودة,True,True,الموضع المخزن أقرب إلى 100:6
100:11,100,العاديات,11,600,41.5,310.5,600,234.5,78.0,MISASSIGNED_TO_OTHER_AYAH,منسوب إلى علامة آية أخرى,100:7,302.17,3.0,START_ANCHOR_WRONG_OR_MISSING,مرساة البداية خاطئة أو مفقودة,True,True,الموضع المخزن أقرب إلى 100:7
101:1,101,القارعة,1,600,885.5,664.5,600,796.0,192.0,MISASSIGNED_TO_OTHER_AYAH,منسوب إلى علامة آية أخرى,100:8,480.9,0.75,SURAH_HEADER_GAP_INCLUDED,بداية السورة تضم فاصل العنوان والبسملة ضمن منطقة الآية,True,True,الموضع المخزن أقرب إلى 100:8؛ يجب أن تبدأ المنطقة بعد عنوان السورة/البسملة
101:2,101,القارعة,2,600,599.5,664.5,600,41.0,192.0,MISASSIGNED_TO_OTHER_AYAH,منسوب إلى علامة آية أخرى,100:9,731.56,0.71,START_ANCHOR_WRONG_OR_MISSING,مرساة البداية خاطئة أو مفقودة,True,True,الموضع المخزن أقرب إلى 100:9
101:3,101,القارعة,3,600,105.5,664.5,600,606.0,310.0,MISASSIGNED_TO_OTHER_AYAH,منسوب إلى علامة آية أخرى,100:10,613.33,0.71,START_ANCHOR_WRONG_OR_MISSING,مرساة البداية خاطئة أو مفقودة,True,True,الموضع المخزن أقرب إلى 100:10
101:4,101,القارعة,4,600,462.0,780.5,600,41.5,310.0,MISASSIGNED_TO_OTHER_AYAH,منسوب إلى علامة آية أخرى,100:11,631.02,0.5,START_ANCHOR_WRONG_OR_MISSING,مرساة البداية خاطئة أو مفقودة,True,True,الموضع المخزن أقرب إلى 100:11
101:5,101,القارعة,5,600,862.5,890.25,600,885.5,664.0,MISASSIGNED_TO_OTHER_AYAH,منسوب إلى علامة آية أخرى,101:1,227.42,0.5,START_ANCHOR_WRONG_OR_MISSING,مرساة البداية خاطئة أو مفقودة,True,True,الموضع المخزن أقرب إلى 101:1
101:6,101,القارعة,6,600,328.75,898.25,600,599.0,664.0,MISASSIGNED_TO_OTHER_AYAH,منسوب إلى علامة آية أخرى,101:2,357.64,0.71,START_ANCHOR_WRONG_OR_MISSING,مرساة البداية خاطئة أو مفقودة,True,True,الموضع المخزن أقرب إلى 101:2
101:7,101,القارعة,7,600,909.0,1016.5,600,106.0,664.0,MISASSIGNED_TO_OTHER_AYAH,منسوب إلى علامة آية أخرى,101:3,876.96,0.71,START_ANCHOR_WRONG_OR_MISSING,مرساة البداية خاطئة أو مفقودة,True,True,الموضع المخزن أقرب إلى 101:3
101:8,101,القارعة,8,600,352.5,1016.5,600,462.0,780.0,MISASSIGNED_TO_OTHER_AYAH,منسوب إلى علامة آية أخرى,101:4,260.62,0.5,START_ANCHOR_WRONG_OR_MISSING,مرساة البداية خاطئة أو مفقودة,True,True,الموضع المخزن أقرب إلى 101:4
101:9,101,القارعة,9,600,41.5,1016.5,600,862.0,890.0,MISASSIGNED_TO_OTHER_AYAH,منسوب إلى علامة آية أخرى,101:5,830.19,0.56,START_ANCHOR_WRONG_OR_MISSING,مرساة البداية خاطئة أو مفقودة,True,True,الموضع المخزن أقرب إلى 101:5
101:10,101,القارعة,10,600,479.5,1134.0,600,329.0,898.0,MISASSIGNED_TO_OTHER_AYAH,منسوب إلى علامة آية أخرى,101:6,279.9,0.35,START_ANCHOR_WRONG_OR_MISSING,مرساة البداية خاطئة أو مفقودة,True,True,الموضع المخزن أقرب إلى 101:6
101:11,101,القارعة,11,600,203.0,1133.75,600,909.0,1016.0,MISASSIGNED_TO_OTHER_AYAH,منسوب إلى علامة آية أخرى,101:7,715.75,0.5,START_ANCHOR_WRONG_OR_MISSING,مرساة البداية خاطئة أو مفقودة,True,True,الموضع المخزن أقرب إلى 101:7
102:1,102,التكاثر,1,600,804.5,1487.0,600,352.0,1016.0,MISASSIGNED_TO_OTHER_AYAH,منسوب إلى علامة آية أخرى,101:8,653.14,0.71,SURAH_HEADER_GAP_INCLUDED,بداية السورة تضم فاصل العنوان والبسملة ضمن منطقة الآية,True,True,الموضع المخزن أقرب إلى 101:8؛ يجب أن تبدأ المنطقة بعد عنوان السورة/البسملة
102:2,102,التكاثر,2,600,444.0,1487.0,600,41.0,1016.0,MISASSIGNED_TO_OTHER_AYAH,منسوب إلى علامة آية أخرى,101:9,619.88,0.71,START_ANCHOR_WRONG_OR_MISSING,مرساة البداية خاطئة أو مفقودة,True,True,الموضع المخزن أقرب إلى 101:9
102:3,102,التكاثر,3,600,97.0,1487.0,600,480.0,1134.0,MISASSIGNED_TO_OTHER_AYAH,منسوب إلى علامة آية أخرى,101:10,520.86,0.5,START_ANCHOR_WRONG_OR_MISSING,مرساة البداية خاطئة أو مفقودة,True,True,الموضع المخزن أقرب إلى 101:10
102:4,102,التكاثر,4,600,769.0,1604.5,600,804.5,1486.5,MISASSIGNED_TO_OTHER_AYAH,منسوب إلى علامة آية أخرى,102:1,123.22,0.5,START_ANCHOR_WRONG_OR_MISSING,مرساة البداية خاطئة أو مفقودة,True,True,الموضع المخزن أقرب إلى 102:1
102:5,102,التكاثر,5,600,325.0,1602.5,600,444.0,1487.0,MISASSIGNED_TO_OTHER_AYAH,منسوب إلى علامة آية أخرى,102:2,165.84,0.0,START_ANCHOR_WRONG_OR_MISSING,مرساة البداية خاطئة أو مفقودة,True,True,الموضع المخزن أقرب إلى 102:2
102:6,102,التكاثر,6,600,41.5,1604.5,600,97.0,1486.5,MISASSIGNED_TO_OTHER_AYAH,منسوب إلى علامة آية أخرى,102:3,130.4,0.5,START_ANCHOR_WRONG_OR_MISSING,مرساة البداية خاطئة أو مفقودة,True,True,الموضع المخزن أقرب إلى 102:3
102:7,102,التكاثر,7,600,646.5,1722.5,600,769.0,1604.0,MISASSIGNED_TO_OTHER_AYAH,منسوب إلى علامة آية أخرى,102:4,170.44,0.5,START_ANCHOR_WRONG_OR_MISSING,مرساة البداية خاطئة أو مفقودة,True,True,الموضع المخزن أقرب إلى 102:4
102:8,102,التكاثر,8,600,41.5,1722.5,600,325.0,1602.0,MISASSIGNED_TO_OTHER_AYAH,منسوب إلى علامة آية أخرى,102:5,308.05,0.5,START_ANCHOR_WRONG_OR_MISSING,مرساة البداية خاطئة أو مفقودة,True,True,الموضع المخزن أقرب إلى 102:5
104:1,104,الهمزة,1,601,573.5,785.75,601,573.5,785.0,CORRECT,مطابق,104:1,0.75,0.75,SURAH_HEADER_GAP_INCLUDED,بداية السورة تضم فاصل العنوان والبسملة ضمن منطقة الآية,False,True,يجب أن تبدأ المنطقة بعد عنوان السورة/البسملة
104:3,104,الهمزة,3,601,606.0,906.0,601,606.0,906.0,CORRECT,مطابق,104:3,0.0,0.0,START_ANCHOR_OK_EXTRA_BLANK_TAIL_RECT,المرساة صحيحة لكن يوجد مستطيل زائد فوق فراغ قبل السطر التالي,False,True,احذف أول مستطيل الفارغ وابدأ من يمين السطر التالي
104:5,104,الهمزة,5,601,628.0,1021.75,601,628.0,1021.0,CORRECT,مطابق,104:5,0.75,0.75,START_ANCHOR_OK_EXTRA_BLANK_TAIL_RECT,المرساة صحيحة لكن يوجد مستطيل زائد فوق فراغ قبل السطر التالي,False,True,احذف أول مستطيل الفارغ وابدأ من يمين السطر التالي
105:1,105,الفيل,1,601,232.5,1495.0,601,232.0,1494.5,CORRECT,مطابق,105:1,0.71,0.71,SURAH_HEADER_GAP_INCLUDED,بداية السورة تضم فاصل العنوان والبسملة ضمن منطقة الآية,False,True,يجب أن تبدأ المنطقة بعد عنوان السورة/البسملة
105:4,105,الفيل,4,601,562.0,1731.5,601,562.0,1731.0,CORRECT,مطابق,105:4,0.5,0.5,START_ANCHOR_OK_EXTRA_BLANK_TAIL_RECT,المرساة صحيحة لكن يوجد مستطيل زائد فوق فراغ قبل السطر التالي,False,True,احذف أول مستطيل الفارغ وابدأ من يمين السطر التالي
106:3,106,قريش,3,602,442.5,434.0,602,442.5,433.5,CORRECT,مطابق,106:3,0.5,0.5,START_ANCHOR_OK_EXTRA_BLANK_TAIL_RECT,المرساة صحيحة لكن يوجد مستطيل زائد فوق فراغ قبل السطر التالي,False,True,احذف أول مستطيل الفارغ وابدأ من يمين السطر التالي
107:1,107,الماعون,1,602,438.5,903.75,602,438.5,903.0,CORRECT,مطابق,107:1,0.75,0.75,SURAH_HEADER_GAP_INCLUDED,بداية السورة تضم فاصل العنوان والبسملة ضمن منطقة الآية,False,True,يجب أن تبدأ المنطقة بعد عنوان السورة/البسملة
107:6,107,الماعون,6,602,581.5,1253.5,602,581.0,1253.0,CORRECT,مطابق,107:6,0.71,0.71,START_ANCHOR_OK_EXTRA_BLANK_TAIL_RECT,المرساة صحيحة لكن يوجد مستطيل زائد فوق فراغ قبل السطر التالي,False,True,احذف أول مستطيل الفارغ وابدأ من يمين السطر التالي
108:1,108,الكوثر,1,602,555.5,1609.75,602,555.5,1609.5,CORRECT,مطابق,108:1,0.25,0.25,SURAH_HEADER_GAP_INCLUDED,بداية السورة تضم فاصل العنوان والبسملة ضمن منطقة الآية,False,True,يجب أن تبدأ المنطقة بعد عنوان السورة/البسملة
108:3,108,الكوثر,3,602,309.5,1726.75,602,309.5,1726.5,CORRECT,مطابق,108:3,0.25,0.25,START_ANCHOR_OK_EXTRA_BLANK_TAIL_RECT,المرساة صحيحة لكن يوجد مستطيل زائد فوق فراغ قبل السطر التالي,False,True,احذف أول مستطيل الفارغ وابدأ من يمين السطر التالي
109:3,109,الكافرون,3,603,537.5,435.5,603,537.0,435.0,CORRECT,مطابق,109:3,0.71,0.71,START_ANCHOR_OK_EXTRA_BLANK_TAIL_RECT,المرساة صحيحة لكن يوجد مستطيل زائد فوق فراغ قبل السطر التالي,False,True,احذف أول مستطيل الفارغ وابدأ من يمين السطر التالي
109:5,109,الكافرون,5,603,548.5,551.75,603,549.0,551.0,CORRECT,مطابق,109:5,0.9,0.9,START_ANCHOR_OK_EXTRA_BLANK_TAIL_RECT,المرساة صحيحة لكن يوجد مستطيل زائد فوق فراغ قبل السطر التالي,False,True,احذف أول مستطيل الفارغ وابدأ من يمين السطر التالي
110:1,110,النصر,1,603,423.5,905.25,603,424.0,905.0,CORRECT,مطابق,110:1,0.56,0.56,SURAH_HEADER_GAP_INCLUDED,بداية السورة تضم فاصل العنوان والبسملة ضمن منطقة الآية,False,True,يجب أن تبدأ المنطقة بعد عنوان السورة/البسملة
111:1,111,المسد,1,603,627.0,1492.5,603,627.0,1492.0,CORRECT,مطابق,111:1,0.5,0.5,SURAH_HEADER_GAP_INCLUDED,بداية السورة تضم فاصل العنوان والبسملة ضمن منطقة الآية,False,True,يجب أن تبدأ المنطقة بعد عنوان السورة/البسملة
111:3,111,المسد,3,603,602.5,1609.75,603,602.5,1609.0,CORRECT,مطابق,111:3,0.75,0.75,START_ANCHOR_OK_EXTRA_BLANK_TAIL_RECT,المرساة صحيحة لكن يوجد مستطيل زائد فوق فراغ قبل السطر التالي,False,True,احذف أول مستطيل الفارغ وابدأ من يمين السطر التالي
111:5,111,المسد,5,603,248.0,1724.0,603,248.0,1724.0,CORRECT,مطابق,111:5,0.0,0.0,START_ANCHOR_OK_EXTRA_BLANK_TAIL_RECT,المرساة صحيحة لكن يوجد مستطيل زائد فوق فراغ قبل السطر التالي,False,True,احذف أول مستطيل الفارغ وابدأ من يمين السطر التالي
112:4,112,الإخلاص,4,604,290.0,437.5,604,290.0,437.0,CORRECT,مطابق,112:4,0.5,0.5,START_ANCHOR_OK_EXTRA_BLANK_TAIL_RECT,المرساة صحيحة لكن يوجد مستطيل زائد فوق فراغ قبل السطر التالي,False,True,احذف أول مستطيل الفارغ وابدأ من يمين السطر التالي
113:1,113,الفلق,1,604,638.5,792.75,604,638.5,792.0,CORRECT,مطابق,113:1,0.75,0.75,SURAH_HEADER_GAP_INCLUDED,بداية السورة تضم فاصل العنوان والبسملة ضمن منطقة الآية,False,True,يجب أن تبدأ المنطقة بعد عنوان السورة/البسملة
113:5,113,الفلق,5,604,277.0,1024.75,604,277.0,1024.0,CORRECT,مطابق,113:5,0.75,0.75,START_ANCHOR_OK_EXTRA_BLANK_TAIL_RECT,المرساة صحيحة لكن يوجد مستطيل زائد فوق فراغ قبل السطر التالي,False,True,احذف أول مستطيل الفارغ وابدأ من يمين السطر التالي
114:1,114,الناس,1,604,577.0,1381.75,604,577.0,1381.5,CORRECT,مطابق,114:1,0.25,0.25,SURAH_HEADER_GAP_INCLUDED,بداية السورة تضم فاصل العنوان والبسملة ضمن منطقة الآية,False,True,يجب أن تبدأ المنطقة بعد عنوان السورة/البسملة
114:6,114,الناس,6,604,317.5,1737.5,604,317.5,1737.0,CORRECT,مطابق,114:6,0.5,0.5,START_ANCHOR_OK_EXTRA_BLANK_TAIL_RECT,المرساة صحيحة لكن يوجد مستطيل زائد فوق فراغ قبل السطر التالي,False,True,احذف أول مستطيل الفارغ وابدأ من يمين السطر التالي
